AXNA200296
HFDTEDATE:190726,01
HFPLTPILOTINCHARGE:Thierry Fraudet
HFCM2CREW2:NIL
HFGTYGLIDERTYPE:Ventus 2c 18m
HFGIDGLIDERID:D-2080
HFDTMGPSDATUM:WGS84
HFRFWFIRMWAREVERSION:3.11.0+3679
HFRHWHARDWAREVERSION:1.0
HFFTYFRTYPE:Naviter,Oudie N
HFGPSRECEIVER:uBlox,MAX-M8Q,72,50000
HFPRSPRESSALTSENSOR:Bosch,BMP390L,9150
HFALGALTGPS:ELL
HFALPALTPRESSURE:ISA
HFCIDCOMPETITIONID:NKN
HFCCLCOMPETITIONCLASS:NKN
HFTZNTIMEZONE:2.0
I023638FXA3940SIU
J020810WDI1113WSP
LXNA::VEHICLE:0
LXNA::ACTIVITY:fly
LXNA::LOGSTART,GSP
LXNA::PHASE:onGround
E122530ATS101714
B1225304530620N00316086EA003420043200512
LXNA::AVGSATSNR:38
F12253003010417190931061107
B1225314530620N00316086EA003410043200512
B1225324530620N00316086EA003420043200512
B1225334530620N00316086EA003420043200512
B1225344530620N00316086EA003410043200512
B1225354530620N00316086EA003420043200512
B1225364530620N00316086EA003410043200512
B1225374530620N00316086EA003410043200512
B1225384530620N00316086EA003410043300512
B1225394530620N00316086EA003410043200512
B1225404530620N00316086EA003410043300512
B1225414530620N00316086EA003410043300512
B1225424530620N00316086EA003410043200512
B1225434530620N00316086EA003420043300512
B1225444530620N00316086EA003420043300512
B1225454530620N00316086EA003410043300512
B1225464530620N00316086EA003410043300512
B1225474530620N00316086EA003410043300512
B1225484530620N00316086EA003420043300512
B1225494530620N00316086EA003420043300512
B1225504530620N00316086EA003410043300512
B1225514530620N00316086EA003420043200512
B1225524530620N00316086EA003420043300512
B1225534530620N00316086EA003420043300512
B1225544530620N00316086EA003420043300512
B1225554530620N00316086EA003420043300512
B1225564530620N00316086EA003420043300512
B1225574530620N00316086EA003420043200512
B1225584530620N00316086EA003410043200512
B1225594530620N00316086EA003420043200512
B1226004530620N00316086EA003420043200512
B1226014530620N00316086EA003420043200512
B1226024530620N00316086EA003420043200512
B1226034530620N00316086EA003420043200512
B1226044530620N00316086EA003410043200512
B1226054530620N00316086EA003420043200512
B1226064530620N00316086EA003420043200512
B1226074530620N00316086EA003420043200512
B1226084530620N00316086EA003410043200512
B1226094530620N00316086EA003410043200512
B1226104530620N00316086EA003410043200512
B1226114530620N00316086EA003420043300512
B1226124530620N00316086EA003410043300512
B1226134530620N00316086EA003410043300512
B1226144530620N00316086EA003410043300512
B1226154530620N00316086EA003410043300512
B1226164530620N00316086EA003410043300512
B1226174530621N00316086EA003420043300512
B1226184530622N00316086EA003420043300512
B1226194530623N00316086EA003420043300512
B1226204530626N00316085EA003410043300512
B1226214530630N00316084EA003410043200512
B1226224530635N00316084EA003410043200512
LXNA::PHASE:takingOff
B1226234530640N00316083EA003400043200512
B1226244530647N00316082EA003400043200512
B1226254530654N00316081EA003400043200512
B1226264530663N00316079EA003400043200512
B1226274530672N00316078EA003400043200512
B1226284530682N00316077EA003410043200512
B1226294530693N00316075EA003410043200512
B1226304530704N00316073EA003390043200512
B1226314530717N00316071EA003400043200512
B1226324530730N00316069EA003380043200512
LXNA::PHASE:onTow
B1226334530744N00316068EA003390043200512
B1226344530758N00316066EA003380043200512
B1226354530773N00316065EA003390043200512
B1226364530789N00316063EA003400043300512
B1226374530805N00316061EA003400043300512
B1226384530822N00316059EA003410043300512
B1226394530839N00316057EA003410043400512
B1226404530856N00316054EA003420043500512
B1226414530874N00316052EA003430043700512
B1226424530892N00316050EA003460044000512
B1226434530909N00316047EA003520044300512
B1226444530927N00316044EA003520044700512
B1226454530945N00316042EA003550044900512
B1226464530963N00316040EA003570045200512
B1226474530981N00316038EA003590045400512
B1226484530999N00316036EA003630045800512
B1226494531016N00316035EA003680046200512
B1226504531034N00316034EA003680046400512
B1226514531051N00316032EA003700046500512
B1226524531069N00316029EA003710046700512
B1226534531087N00316027EA003730046900512
B1226544531105N00316025EA003770047200512
B1226554531123N00316024EA003770047300512
B1226564531141N00316022EA003770047200512
B1226574531159N00316020EA003780047300512
B1226584531178N00316019EA003780047500512
B1226594531197N00316017EA003800047600512
B1227004531215N00316016EA003800047600512
B1227014531234N00316014EA003810047800512
B1227024531253N00316013EA003830048000512
B1227034531271N00316011EA003850048100512
B1227044531290N00316010EA003850048100512
B1227054531309N00316008EA003850048100512
B1227064531329N00316006EA003860048100512
B1227074531348N00316004EA003860048200512
B1227084531367N00316001EA003890048400512
B1227094531386N00315999EA003930048800512
B1227104531405N00315997EA003960049200512
LXNA::AVGSATSNR:37
LXNA::BAT:charging,100%,4.253V,156mA
B1227114531424N00315995EA003990049400512
B1227124531443N00315994EA004010049700512
B1227134531462N00315993EA004040050000512
B1227144531480N00315992EA004060050200512
B1227154531499N00315991EA004090050500512
B1227164531517N00315990EA004120050800512
B1227174531536N00315989EA004150051100512
B1227184531554N00315988EA004180051500512
B1227194531572N00315988EA004220051800512
B1227204531590N00315987EA004230052000512
B1227214531608N00315986EA004250052300512
B1227224531626N00315986EA004290052700512
B1227234531644N00315987EA004340053200512
B1227244531661N00315988EA004390053700512
B1227254531678N00315991EA004420053900512
B1227264531695N00315994EA004440054100512
B1227274531711N00316000EA004450054300512
B1227284531727N00316006EA004460054500512
B1227294531743N00316015EA004490054800512
B1227304531758N00316025EA004530055200512
B1227314531773N00316036EA004580055700512
B1227324531788N00316049EA004610056100512
B1227334531803N00316062EA004600056100512
B1227344531816N00316076EA004600056100512
B1227354531829N00316091EA004620056200512
B1227364531841N00316108EA004630056300512
B1227374531853N00316126EA004630056400512
B1227384531865N00316144EA004630056500512
B1227394531876N00316163EA004650056600512
B1227404531887N00316183EA004650056600512
B1227414531897N00316204EA004650056600512
B1227424531906N00316226EA004660056600512
B1227434531915N00316249EA004660056700512
B1227444531922N00316274EA004660056700512
B1227454531929N00316298EA004670056700512
B1227464531935N00316324EA004670056800512
B1227474531940N00316350EA004710057200512
B1227484531944N00316376EA004750057700512
B1227494531948N00316402EA004800058000512
B1227504531952N00316428EA004800058200512
B1227514531955N00316455EA004840058600512
B1227524531958N00316481EA004870059000512
B1227534531961N00316508EA004930059400512
B1227544531964N00316535EA004950059700512
B1227554531966N00316562EA004960059800512
B1227564531968N00316589EA005000060100512
B1227574531969N00316617EA005020060400512
B1227584531969N00316644EA005060060800512
B1227594531969N00316672EA005090061200512
B1228004531967N00316699EA005120061500512
B1228014531963N00316727EA005150061800512
B1228024531959N00316754EA005180062100512
B1228034531954N00316782EA005200062300512
B1228044531948N00316809EA005220062400512
B1228054531942N00316835EA005240062700512
B1228064531934N00316862EA005260062900512
B1228074531926N00316889EA005280063000512
B1228084531918N00316915EA005280063100512
B1228094531908N00316941EA005300063100512
B1228104531898N00316966EA005300063200512
B1228114531887N00316992EA005300063200512
LXNA::AVGSATSNR:38
B1228124531875N00317017EA005300063200512
B1228134531863N00317042EA005320063400512
B1228144531850N00317066EA005340063500512
B1228154531836N00317090EA005360063700512
B1228164531822N00317113EA005380063900512
B1228174531807N00317136EA005390064100512
B1228184531791N00317158EA005440064500512
B1228194531774N00317179EA005480065000512
B1228204531757N00317199EA005520065500512
B1228214531739N00317217EA005580066000512
B1228224531721N00317234EA005630066500512
B1228234531702N00317250EA005650066800512
B1228244531682N00317265EA005700067200512
B1228254531662N00317278EA005710067400512
B1228264531642N00317290EA005720067500512
B1228274531621N00317301EA005720067600512
B1228284531599N00317310EA005720067600512
B1228294531578N00317318EA005720067700512
B1228304531556N00317325EA005750067800512
B1228314531534N00317331EA005770068000512
B1228324531512N00317336EA005770068200512
B1228334531489N00317339EA005790068400512
B1228344531466N00317341EA005820068700512
B1228354531444N00317340EA005900069300512
B1228364531421N00317339EA005970070200512
B1228374531399N00317339EA006030071000512
B1228384531376N00317339EA006130071700512
B1228394531354N00317338EA006170072300512
B1228404531331N00317336EA006240072800512
B1228414531309N00317332EA006290073400512
B1228424531287N00317326EA006320073900512
F122842030104171909310611
B1228434531266N00317318EA006360074400512
B1228444531245N00317308EA006410074900512
B1228454531225N00317295EA006460075300512
B1228464531205N00317282EA006490075600512
B1228474531187N00317266EA006510075900512
B1228484531169N00317249EA006550076300512
B1228494531152N00317231EA006590076600512
B1228504531137N00317212EA006620077000512
B1228514531122N00317191EA006650077300512
B1228524531109N00317170EA006670077500512
B1228534531097N00317148EA006690077700512
B1228544531087N00317125EA006720078000512
B1228554531077N00317102EA006750078300512
B1228564531069N00317078EA006760078500512
B1228574531062N00317053EA006780078600512
B1228584531056N00317028EA006790078700512
B1228594531052N00317002EA006800078900512
B1229004531048N00316976EA006820079000512
B1229014531046N00316950EA006830079100512
B1229024531045N00316924EA006860079300512
B1229034531045N00316898EA006880079600512
B1229044531047N00316873EA006890079800512
B1229054531050N00316848EA006910080000512
B1229064531054N00316823EA006940080100512
B1229074531060N00316800EA006940080200512
B1229084531068N00316777EA006950080400512
B1229094531077N00316756EA006960080500512
B1229104531087N00316736EA006970080600512
B1229114531099N00316718EA006990080800512
B1229124531111N00316702EA007010081000512
LXNA::AVGSATSNR:38
B1229134531125N00316686EA007020081100512
B1229144531139N00316673EA007030081300512
B1229154531154N00316661EA007070081500512
B1229164531170N00316652EA007090081800512
B1229174531186N00316644EA007100082200512
B1229184531203N00316639EA007160082600512
B1229194531220N00316635EA007190083000512
B1229204531237N00316631EA007240083500512
B1229214531254N00316629EA007260083800512
B1229224531271N00316629EA007290084000512
B1229234531288N00316630EA007300084300512
B1229244531305N00316634EA007330084500512
B1229254531322N00316638EA007340084700512
B1229264531339N00316643EA007390085100512
B1229274531355N00316648EA007420085400512
B1229284531372N00316653EA007450085700512
B1229294531389N00316656EA007460085900512
B1229304531407N00316659EA007470086100512
B1229314531424N00316661EA007500086400512
B1229324531442N00316663EA007550086600512
B1229334531459N00316664EA007560086800512
B1229344531477N00316664EA007550086900512
B1229354531495N00316663EA007570087200512
B1229364531512N00316661EA007610087500512
B1229374531530N00316657EA007610087600512
B1229384531547N00316652EA007610087600512
B1229394531564N00316647EA007630087700512
B1229404531582N00316643EA007640087900512
B1229414531599N00316636EA007670088200512
B1229424531615N00316629EA007700088400512
B1229434531631N00316620EA007730088700512
B1229444531647N00316610EA007750088900512
B1229454531663N00316599EA007750089100512
B1229464531679N00316588EA007760089200512
B1229474531694N00316575EA007780089300512
B1229484531709N00316562EA007790089400512
B1229494531724N00316548EA007800089500512
B1229504531738N00316533EA007810089500512
B1229514531753N00316518EA007790089500512
B1229524531768N00316503EA007810089500512
B1229534531784N00316490EA007820089700512
B1229544531800N00316477EA007840089900512
B1229554531817N00316465EA007840089900512
B1229564531834N00316455EA007860090100512
B1229574531852N00316448EA007910090500512
B1229584531870N00316442EA007930091000512
B1229594531888N00316439EA007970091400512
B1230004531906N00316438EA008010091800512
B1230014531925N00316440EA008060092400512
B1230024531943N00316443EA008130092900512
B1230034531961N00316448EA008170093300512
B1230044531979N00316455EA008200093700512
B1230054531996N00316463EA008240094100512
B1230064532013N00316473EA008280094400512
B1230074532029N00316485EA008310094800512
B1230084532044N00316500EA008340095200512
B1230094532058N00316517EA008380095600512
B1230104532072N00316535EA008410095900512
B1230114532083N00316555EA008440096300512
LXNA::BAT:charging,100%,4.253V,132mA
B1230124532093N00316578EA008440096600512
B1230134532101N00316601EA008480097000512
LXNA::AVGSATSNR:37
LXNA::PHASE:soaring
B1230144532107N00316625EA008520097400512
B1230154532109N00316650EA008570097800512
B1230164532109N00316675EA008580098000512
B1230174532105N00316699EA008600098000512
B1230184532099N00316722EA008580098000512
B1230194532090N00316745EA008590097900512
B1230204532078N00316765EA008560097600512
B1230214532064N00316783EA008530097200512
B1230224532048N00316799EA008480096800512
B1230234532030N00316813EA008450096500512
B1230244532012N00316824EA008420096100512
B1230254531992N00316832EA008390095900512
B1230264531972N00316837EA008370095700512
B1230274531951N00316839EA008370095600512
B1230284531930N00316838EA008360095500512
B1230294531910N00316836EA008340095300512
B1230304531890N00316831EA008310095100512
K123030096045
B1230314531869N00316826EA008300095000512
B1230324531850N00316818EA008300094900512
B1230334531830N00316808EA008320095000512
B1230344531813N00316795EA008340095300512
B1230354531796N00316781EA008380095700512
B1230364531781N00316765EA008410095900512
B1230374531767N00316748EA008420096100512
B1230384531755N00316729EA008440096300512
B1230394531745N00316709EA008470096500512
B1230404531736N00316689EA008490096700512
B1230414531730N00316668EA008500096800512
B1230424531726N00316647EA008500096700512
B1230434531724N00316625EA008470096400512
B1230444531724N00316603EA008440096000512
B1230454531726N00316582EA008390095600512
B1230464531731N00316560EA008350095300512
B1230474531738N00316539EA008330095000512
B1230484531747N00316520EA008300094900512
B1230494531757N00316502EA008310094900512
B1230504531769N00316487EA008320095000512
B1230514531783N00316473EA008330095200512
B1230524531798N00316464EA008360095500512
B1230534531813N00316461EA008400095900512
B1230544531829N00316461EA008420096300512
B1230554531845N00316466EA008450096500512
B1230564531858N00316476EA008470096600512
B1230574531870N00316491EA008490096700512
B1230584531879N00316510EA008490096800512
B1230594531884N00316532EA008510097000512
B1231004531886N00316556EA008510097100512
B1231014531883N00316580EA008520097100512
B1231024531876N00316604EA008520097100512
B1231034531866N00316627EA008510097000512
B1231044531852N00316648EA008490096800512
B1231054531837N00316665EA008450096500512
B1231064531819N00316680EA008440096300512
B1231074531799N00316689EA008420096200512
B1231084531779N00316693EA008430096300512
B1231094531758N00316691EA008470096600512
B1231104531739N00316684EA008500097100512
B1231114531721N00316674EA008550097500512
B1231124531705N00316661EA008570097800512
B1231134531691N00316645EA008600098000512
B1231144531680N00316626EA008610098100512
LXNA::AVGSATSNR:41
B1231154531671N00316605EA008620098000512
B1231164531666N00316582EA008600097900512
B1231174531664N00316558EA008580097700512
B1231184531667N00316535EA008560097600512
B1231194531674N00316514EA008560097600512
B1231204531684N00316497EA008580097700512
B1231214531697N00316484EA008580097800512
K123121035016
B1231224531712N00316478EA008590097900512
B1231234531727N00316478EA008610098200512
B1231244531743N00316486EA008630098400512
B1231254531756N00316500EA008650098500512
B1231264531766N00316520EA008650098600512
B1231274531773N00316544EA008670098900512
B1231284531774N00316569EA008700099100512
B1231294531771N00316595EA008720099400512
B1231304531763N00316619EA008750099600512
B1231314531752N00316641EA008780099900512
B1231324531737N00316658EA008790100000512
K123132026015
B1231334531720N00316671EA008800100100512
B1231344531701N00316677EA008800100000512
B1231354531681N00316676EA008810100200512
B1231364531663N00316669EA008830100400512
B1231374531647N00316655EA008850100500512
B1231384531634N00316637EA008850100500512
B1231394531624N00316616EA008850100400512
B1231404531618N00316592EA008850100400512
B1231414531617N00316568EA008850100500512
B1231424531620N00316544EA008850100500512
K123142020014
B1231434531626N00316523EA008880100800512
F12314303010417190931061107
B1231444531634N00316504EA008920101200512
B1231454531643N00316487EA008960101500512
B1231464531654N00316472EA008980101900512
B1231474531667N00316462EA009010102200512
B1231484531680N00316456EA009040102500512
B1231494531695N00316455EA009060102600512
B1231504531708N00316459EA009070102600512
B1231514531722N00316467EA009060102600512
B1231524531733N00316480EA009060102600512
B1231534531742N00316498EA009050102600512
B1231544531745N00316521EA009060102500512
B1231554531745N00316545EA009050102500512
B1231564531740N00316570EA009040102500512
K123156010014
B1231574531731N00316594EA009040102500512
B1231584531718N00316614EA009050102500512
B1231594531702N00316631EA009040102500512
B1232004531683N00316643EA009050102600512
B1232014531663N00316649EA009070102800512
B1232024531643N00316649EA009100103100512
B1232034531624N00316644EA009130103500512
B1232044531607N00316634EA009170103900512
B1232054531592N00316619EA009210104200512
B1232064531580N00316600EA009240104500512
B1232074531572N00316580EA009270104700512
B1232084531568N00316557EA009290104900512
B1232094531567N00316535EA009310105100512
B1232104531569N00316513EA009320105200512
B1232114531574N00316492EA009320105300512
B1232124531582N00316474EA009320105300512
B1232134531593N00316460EA009320105300512
B1232144531607N00316451EA009320105300512
B1232154531621N00316448EA009320105400512
K123215003015
LXNA::AVGSATSNR:38
B1232164531636N00316452EA009320105300512
B1232174531650N00316462EA009320105300512
B1232184531661N00316477EA009320105300512
B1232194531668N00316498EA009320105300512
B1232204531670N00316523EA009330105300512
B1232214531667N00316549EA009320105200512
B1232224531659N00316574EA009310105200512
B1232234531647N00316597EA009310105300512
B1232244531631N00316616EA009340105400512
B1232254531613N00316630EA009350105600512
B1232264531593N00316639EA009370105900512
B1232274531573N00316644EA009400106200512
B1232284531553N00316644EA009430106400512
B1232294531533N00316639EA009450106600512
B1232304531515N00316630EA009470106800512
B1232314531499N00316615EA009510107000512
B1232324531486N00316597EA009520107200512
B1232334531477N00316576EA009530107300512
K123233355015
B1232344531472N00316552EA009540107500512
B1232354531471N00316529EA009570107800512
B1232364531474N00316507EA009610108200512
B1232374531479N00316488EA009630108600512
B1232384531487N00316471EA009670108800512
B1232394531497N00316459EA009690109100512
B1232404531509N00316450EA009720109200512
B1232414531522N00316445EA009720109300512
B1232424531536N00316444EA009690109300512
B1232434531550N00316450EA009680109100512
B1232444531561N00316462EA009670109000512
B1232454531570N00316481EA009650108900512
B1232464531574N00316504EA009650108800512
B1232474531573N00316530EA009650108700512
B1232484531568N00316556EA009660108800512
B1232494531558N00316581EA009660108900512
B1232504531545N00316602EA009670109100512
B1232514531529N00316619EA009690109300512
B1232524531510N00316629EA009740109500512
B1232534531489N00316633EA009740109600512
B1232544531469N00316632EA009750109900512
B1232554531450N00316625EA009780110100512
B1232564531432N00316614EA009790110300512
K123256349018
B1232574531416N00316599EA009790110400512
B1232584531404N00316579EA009810110500512
B1232594531395N00316557EA009820110700512
B1233004531389N00316533EA009860110900512
B1233014531387N00316509EA009880111100512
B1233024531388N00316485EA009880111300512
B1233034531392N00316463EA009890111400512
B1233044531399N00316444EA009910111600512
B1233054531409N00316428EA009930111900512
B1233064531421N00316415EA009940112000512
B1233074531434N00316406EA009950112000512
B1233084531447N00316402EA009950112100512
B1233094531461N00316405EA009960112200512
B1233104531473N00316415EA009970112200512
B1233114531483N00316432EA009970112100512
B1233124531489N00316453EA009940111800512
LXNA::BAT:charging,100%,4.253V,114mA
B1233134531491N00316478EA009910111600512
B1233144531487N00316505EA009910111600512
B1233154531479N00316530EA009950111900512
B1233164531468N00316554EA010000112500512
LXNA::AVGSATSNR:40
B1233174531454N00316573EA010060113100512
B1233184531438N00316589EA010100113700512
B1233194531421N00316601EA010170114200512
B1233204531403N00316607EA010200114500512
B1233214531384N00316608EA010240114700512
B1233224531366N00316603EA010250114900512
B1233234531349N00316592EA010270115100512
B1233244531335N00316577EA010280115300512
B1233254531323N00316558EA010300115400512
B1233264531315N00316536EA010310115500512
B1233274531310N00316512EA010310115600512
B1233284531308N00316489EA010300115600512
B1233294531312N00316467EA010310115600512
B1233304531319N00316449EA010300115600512
B1233314531330N00316435EA010290115600512
B1233324531343N00316428EA010300115600512
B1233334531357N00316428EA010300115600512
B1233344531371N00316435EA010310115500512
B1233354531383N00316448EA010310115500512
B1233364531392N00316466EA010310115500512
B1233374531398N00316488EA010320115500512
B1233384531399N00316513EA010320115600512
B1233394531396N00316538EA010340115800512
B1233404531390N00316564EA010370116100512
B1233414531380N00316588EA010400116500512
B1233424531367N00316608EA010430116800512
B1233434531351N00316625EA010440117000512
B1233444531333N00316636EA010480117200512
B1233454531313N00316642EA010480117400512
B1233464531293N00316642EA010490117500512
B1233474531273N00316635EA010500117700512
B1233484531255N00316623EA010530117800512
B1233494531240N00316606EA010540117900512
B1233504531229N00316584EA010550118000512
B1233514531222N00316561EA010550118100512
B1233524531220N00316537EA010550118200512
B1233534531222N00316514EA010570118300512
B1233544531228N00316494EA010570118400512
B1233554531237N00316478EA010580118500512
B1233564531250N00316468EA010600118600512
B1233574531263N00316464EA010610118600512
B1233584531277N00316465EA010600118600512
B1233594531291N00316471EA010600118600512
B1234004531303N00316482EA010600118600512
B1234014531313N00316498EA010600118600512
B1234024531320N00316519EA010610118600512
B1234034531324N00316543EA010610118700512
B1234044531323N00316568EA010610118700512
B1234054531317N00316594EA010610118800512
B1234064531306N00316618EA010650119000512
B1234074531292N00316639EA010640119200512
B1234084531276N00316656EA010680119600512
B1234094531258N00316668EA010720119900512
B1234104531238N00316674EA010750120100512
B1234114531218N00316675EA010790120400512
B1234124531199N00316672EA010790120700512
B1234134531180N00316666EA010820120900512
B1234144531164N00316655EA010820120900512
B1234154531150N00316639EA010840120800512
B1234164531139N00316619EA010820120700512
B1234174531132N00316596EA010810120500512
LXNA::AVGSATSNR:41
B1234184531130N00316573EA010780120300512
B1234194531132N00316550EA010780120300512
B1234204531138N00316530EA010760120300512
B1234214531147N00316514EA010760120300512
B1234224531160N00316503EA010780120400512
B1234234531174N00316499EA010800120600512
B1234244531188N00316500EA010810120700512
B1234254531201N00316506EA010860121000512
B1234264531213N00316516EA010870121300512
B1234274531223N00316530EA010900121600512
B1234284531231N00316548EA010920121800512
B1234294531235N00316569EA010920121800512
B1234304531235N00316593EA010930121700512
B1234314531232N00316618EA010940121800512
B1234324531226N00316642EA010930121900512
B1234334531217N00316665EA010930122100512
B1234344531204N00316686EA010950122300512
B1234354531189N00316704EA010960122300512
B1234364531172N00316717EA010970122400512
B1234374531152N00316725EA011000122600512
B1234384531132N00316726EA011000122800512
B1234394531112N00316723EA011000122800512
B1234404531093N00316713EA011010122700512
B1234414531077N00316698EA010990122500512
B1234424531064N00316678EA010970122300512
B1234434531054N00316655EA010960122200512
B1234444531047N00316630EA010950122000512
B1234454531045N00316605EA010920122000512
B1234464531046N00316580EA010920122000512
B1234474531052N00316558EA010940122100512
B1234484531061N00316540EA010940122300512
B1234494531073N00316526EA010960122400512
B1234504531086N00316516EA010960122500512
B1234514531100N00316513EA010990122600512
B1234524531114N00316515EA011010122800512
B1234534531128N00316521EA011010123000512
B1234544531140N00316532EA011030123200512
B1234554531151N00316547EA011040123300512
B1234564531159N00316566EA011060123300512
K123456356019
B1234574531164N00316589EA011060123200512
B1234584531166N00316615EA011050123100512
B1234594531164N00316641EA011030123000512
B1235004531158N00316668EA011020122900512
B1235014531148N00316693EA011010122900512
B1235024531133N00316714EA011020123100512
B1235034531114N00316730EA011060123400512
B1235044531095N00316739EA011080123600512
B1235054531074N00316742EA011090123800512
B1235064531053N00316738EA011120124100512
B1235074531034N00316728EA011140124200512
B1235084531017N00316713EA011140124200512
B1235094531003N00316694EA011130124100512
B1235104530993N00316671EA011120123900512
B1235114530988N00316646EA011110123700512
B1235124530988N00316622EA011110123800512
B1235134530992N00316599EA011120124100512
B1235144531001N00316580EA011160124400512
B1235154531011N00316563EA011180124600512
B1235164531022N00316550EA011210124800512
B1235174531036N00316541EA011220125000512
B1235184531049N00316537EA011230125200512
LXNA::AVGSATSNR:38
B1235194531063N00316539EA011250125400512
B1235204531077N00316547EA011270125600512
B1235214531088N00316560EA011290125600512
B1235224531098N00316579EA011280125500512
B1235234531103N00316601EA011260125500512
B1235244531105N00316627EA011270125600512
B1235254531101N00316653EA011300125800512
B1235264531093N00316678EA011320126100512
B1235274531080N00316700EA011360126200512
B1235284531063N00316717EA011370126400512
B1235294531045N00316730EA011390126600512
B1235304531024N00316735EA011380126700512
B1235314531004N00316732EA011390126800512
B1235324530985N00316722EA011400126800512
B1235334530968N00316705EA011390126800512
B1235344530956N00316684EA011410126800512
B1235354530948N00316659EA011390126900512
B1235364530946N00316634EA011400127000512
B1235374530949N00316610EA011430127200512
B1235384530956N00316589EA011450127400512
B1235394530967N00316573EA011460127500512
B1235404530979N00316562EA011460127600512
B1235414530994N00316558EA011470127800512
B1235424531009N00316560EA011500128000512
B1235434531022N00316568EA011530128200512
B1235444531034N00316581EA011550128400512
B1235454531044N00316598EA011560128600512
B1235464531052N00316618EA011580128800512
B1235474531055N00316641EA011600129000512
B1235484531055N00316665EA011630129200512
B1235494531050N00316689EA011640129400512
B1235504531042N00316711EA011660129500512
B1235514531029N00316731EA011660129500512
B1235524531014N00316747EA011660129400512
B1235534530996N00316757EA011650129300512
B1235544530976N00316762EA011620129100512
B1235554530956N00316760EA011600128800512
B1235564530936N00316752EA011580128600512
B1235574530917N00316738EA011570128500512
B1235584530902N00316719EA011550128600512
B1235594530890N00316697EA011590128800512
B1236004530881N00316673EA011620129200512
B1236014530876N00316648EA011660129800512
B1236024530874N00316624EA011730130300512
B1236034530876N00316602EA011770130600512
B1236044530880N00316582EA011780130800512
B1236054530887N00316564EA011780131000512
B1236064530897N00316550EA011790131100512
B1236074530908N00316540EA011800131100512
B1236084530920N00316534EA011810131300512
B1236094530934N00316532EA011830131400512
B1236104530947N00316534EA011840131500512
B1236114530960N00316541EA011840131500512
B1236124530972N00316553EA011850131600512
B1236134530982N00316569EA011860131600512
LXNA::BAT:charging,100%,4.253V,96mA
B1236144530989N00316589EA011850131600512
B1236154530993N00316612EA011830131400512
B1236164530995N00316636EA011810131300512
B1236174530992N00316661EA011830131500512
B1236184530986N00316685EA011860131800512
K123618359022
B1236194530976N00316706EA011890132200512
LXNA::AVGSATSNR:39
B1236204530963N00316725EA011930132500512
B1236214530949N00316740EA011960132800512
B1236224530933N00316751EA012000133100512
B1236234530917N00316760EA012010133300512
B1236244530900N00316766EA012020133200512
B1236254530881N00316768EA012010133000512
B1236264530863N00316765EA011980132800512
B1236274530845N00316758EA011970132900512
B1236284530828N00316748EA011980133000512
B1236294530812N00316735EA011990133100512
B1236304530798N00316719EA012030133300512
B1236314530786N00316701EA012050133400512
B1236324530776N00316681EA012040133500512
B1236334530770N00316660EA012030133500512
B1236344530767N00316637EA012040133300512
B1236354530767N00316615EA012030133300512
B1236364530770N00316594EA012040133400512
K123636360019
B1236374530775N00316574EA012040133600512
B1236384530782N00316557EA012050133700512
B1236394530791N00316542EA012070133900512
B1236404530801N00316531EA012090134100512
B1236414530813N00316523EA012120134100512
B1236424530826N00316520EA012120134200512
B1236434530839N00316519EA012120134200512
B1236444530853N00316522EA012110134300512
B1236454530866N00316528EA012120134400512
B1236464530878N00316538EA012130134500512
B1236474530889N00316550EA012150134800512
B1236484530899N00316565EA012190135000512
B1236494530908N00316581EA012200135100512
B1236504530916N00316599EA012190135000512
B1236514530922N00316619EA012170135000512
B1236524530924N00316641EA012170134900512
B1236534530923N00316664EA012170134800512
B1236544530919N00316687EA012180134900512
B1236554530912N00316709EA012180135000512
B1236564530903N00316730EA012180135000512
B1236574530892N00316748EA012190135000512
B1236584530877N00316763EA012180134900512
B1236594530861N00316774EA012170134600512
B1237004530842N00316781EA012140134500512
B1237014530823N00316785EA012120134400512
B1237024530804N00316785EA012130134500512
B1237034530785N00316781EA012140134700512
B1237044530766N00316773EA012160134800512
B1237054530748N00316763EA012150134900512
B1237064530732N00316750EA012160134900512
B1237074530716N00316736EA012170135000512
B1237084530701N00316719EA012170135000512
B1237094530688N00316702EA012180134900512
B1237104530676N00316682EA012160134800512
B1237114530667N00316660EA012160134900512
B1237124530661N00316637EA012170135000512
B1237134530658N00316614EA012200135100512
B1237144530658N00316592EA012200135200512
B1237154530661N00316571EA012200135200512
B1237164530666N00316551EA012190135100512
B1237174530674N00316533EA012170135000512
B1237184530685N00316519EA012160134700512
B1237194530698N00316509EA012120134400512
B1237204530713N00316503EA012120134200512
LXNA::AVGSATSNR:37
B1237214530729N00316502EA012110134100512
B1237224530744N00316504EA012110134200512
B1237234530760N00316508EA012120134300512
B1237244530775N00316513EA012130134500512
B1237254530790N00316519EA012140134600512
B1237264530805N00316528EA012150134900512
B1237274530819N00316539EA012180135100512
B1237284530830N00316554EA012200135300512
B1237294530840N00316572EA012200135300512
B1237304530848N00316593EA012190135200512
B1237314530852N00316617EA012170135000512
B1237324530851N00316643EA012150134800512
B1237334530846N00316669EA012140134600512
B1237344530837N00316694EA012130134400512
B1237354530823N00316715EA012110134300512
B1237364530807N00316732EA012100134200512
B1237374530788N00316746EA012120134400512
B1237384530769N00316755EA012130134500512
B1237394530749N00316763EA012140134700512
B1237404530730N00316768EA012150134900512
B1237414530710N00316771EA012180135100512
B1237424530691N00316770EA012210135300512
B1237434530673N00316767EA012220135400512
B1237444530655N00316761EA012220135500512
B1237454530639N00316750EA012220135500512
B1237464530625N00316736EA012220135400512
K123746350018
B1237474530613N00316720EA012210135200512
B1237484530603N00316701EA012190135000512
B1237494530596N00316680EA012160134700512
B1237504530593N00316658EA012150134600512
B1237514530592N00316636EA012140134600512
B1237524530595N00316615EA012150134700512
B1237534530601N00316596EA012150134800512
B1237544530608N00316580EA012160134800512
B1237554530617N00316564EA012160134700512
B1237564530628N00316551EA012150134700512
B1237574530639N00316538EA012150134700512
B1237584530650N00316526EA012140134700512
B1237594530663N00316516EA012140134700512
B1238004530676N00316508EA012140134700512
B1238014530689N00316502EA012130134600512
B1238024530703N00316499EA012140134600512
B1238034530716N00316496EA012140134700512
B1238044530730N00316496EA012130134600512
B1238054530744N00316496EA012120134400512
K123805342019
B1238064530758N00316498EA012120134400512
B1238074530772N00316501EA012120134400512
B1238084530787N00316504EA012100134300512
B1238094530801N00316507EA012070134100512
B1238104530816N00316512EA012070134200512
B1238114530830N00316516EA012110134400512
B1238124530844N00316521EA012130134500512
B1238134530858N00316527EA012130134500512
B1238144530872N00316532EA012120134400512
B1238154530886N00316538EA012110134300512
B1238164530900N00316544EA012080134000512
B1238174530914N00316550EA012040133400512
B1238184530929N00316557EA011970132900512
B1238194530945N00316564EA011910132300512
B1238204530961N00316571EA011870131700512
B1238214530977N00316579EA011820131300512
LXNA::AVGSATSNR:39
B1238224530994N00316587EA011770131000512
B1238234531010N00316594EA011740130700512
B1238244531027N00316603EA011730130500512
B1238254531044N00316611EA011720130400512
B1238264531061N00316620EA011710130300512
B1238274531078N00316629EA011700130200512
B1238284531094N00316638EA011670130000512
B1238294531111N00316646EA011650129700512
B1238304531128N00316655EA011630129600512
B1238314531144N00316663EA011620129400512
B1238324531161N00316671EA011600129200512
B1238334531178N00316679EA011580129100512
B1238344531194N00316687EA011580129100512
B1238354531210N00316695EA011600129200512
B1238364531226N00316703EA011620129300512
B1238374531242N00316710EA011620129500512
B1238384531257N00316717EA011630129600512
B1238394531273N00316724EA011640129800512
B1238404531287N00316730EA011670130100512
B1238414531301N00316737EA011700130400512
B1238424531315N00316744EA011730130700512
B1238434531328N00316751EA011750130900512
B1238444531341N00316757EA011790131100512
B1238454531353N00316764EA011800131200512
B1238464531366N00316770EA011780130900512
B1238474531379N00316776EA011740130400512
B1238484531392N00316783EA011670129700512
B1238494531406N00316789EA011610128800512
B1238504531422N00316795EA011530128100512
B1238514531438N00316800EA011460127400512
B1238524531456N00316805EA011410126900512
B1238534531473N00316809EA011390126700512
B1238544531491N00316811EA011380126800512
B1238554531509N00316813EA011380126900512
B1238564531527N00316814EA011400127000512
B1238574531544N00316814EA011430127300512
B1238584531561N00316814EA011460127700512
B1238594531578N00316815EA011500128100512
B1239004531593N00316816EA011550128700512
B1239014531609N00316816EA011620129200512
B1239024531623N00316816EA011670129800512
B1239034531637N00316817EA011700130200512
B1239044531651N00316818EA011730130400512
B1239054531664N00316820EA011720130400512
B1239064531677N00316825EA011720130300512
B1239074531689N00316833EA011720130200512
B1239084531699N00316846EA011700130100512
B1239094531707N00316864EA011700130000512
B1239104531712N00316884EA011690129900512
B1239114531713N00316906EA011690129800512
B1239124531710N00316930EA011680129800512
B1239134531703N00316953EA011670129700512
B1239144531693N00316974EA011660129500512
LXNA::BAT:charging,100%,4.253V,96mA
B1239154531678N00316991EA011670129500512
B1239164531660N00317004EA011680129800512
B1239174531640N00317012EA011740130600512
B1239184531620N00317017EA011820131300512
F123918030104171909061107
B1239194531601N00317017EA011880132000512
B1239204531582N00317013EA011940132700512
B1239214531564N00317004EA011990133100512
B1239224531549N00316990EA012030133300512
LXNA::AVGSATSNR:39
B1239234531537N00316972EA012020133400512
B1239244531528N00316950EA012020133300512
B1239254531525N00316927EA012010133100512
B1239264531527N00316904EA011990132800512
B1239274531534N00316884EA011970132700512
B1239284531546N00316869EA011970132700512
B1239294531560N00316860EA011980132900512
B1239304531574N00316857EA012000133100512
B1239314531589N00316858EA012030133500512
B1239324531602N00316862EA012070133800512
B1239334531614N00316871EA012090134000512
B1239344531625N00316884EA012080133900512
B1239354531632N00316901EA012080133900512
B1239364531637N00316922EA012070133900512
B1239374531639N00316944EA012080133900512
B1239384531637N00316966EA012100134200512
B1239394531633N00316988EA012150134700512
B1239404531627N00317009EA012200135200512
B1239414531618N00317028EA012250135700512
B1239424531608N00317046EA012300136200512
B1239434531597N00317063EA012330136600512
B1239444531585N00317079EA012370136900512
B1239454531571N00317092EA012370136900512
B1239464531554N00317102EA012390137000512
B1239474531536N00317107EA012390137000512
B1239484531517N00317106EA012380137100512
B1239494531498N00317099EA012400137300512
B1239504531481N00317087EA012410137300512
B1239514531467N00317070EA012390137100512
K123951021012
B1239524531456N00317049EA012380136900512
B1239534531450N00317024EA012350136800512
B1239544531450N00316999EA012350136800512
B1239554531455N00316976EA012390136900512
B1239564531465N00316958EA012380137000512
B1239574531477N00316945EA012390137100512
B1239584531492N00316940EA012390137100512
B1239594531507N00316942EA012390137000512
B1240004531521N00316951EA012400137100512
B1240014531534N00316965EA012420137500512
B1240024531545N00316981EA012460138100512
B1240034531555N00316997EA012510138600512
B1240044531564N00317014EA012560139000512
B1240054531572N00317033EA012590139500512
B1240064531576N00317054EA012640139900512
B1240074531577N00317076EA012690140200512
B1240084531573N00317099EA012700140500512
B1240094531565N00317120EA012730140700512
B1240104531553N00317139EA012750140800512
B1240114531537N00317152EA012740140800512
B1240124531519N00317160EA012730140500512
B1240134531499N00317161EA012710140300512
B1240144531480N00317153EA012700140000512
B1240154531462N00317137EA012640139800512
B1240164531449N00317116EA012630139700512
B1240174531441N00317090EA012640139500512
B1240184531437N00317064EA012640139700512
B1240194531439N00317038EA012670140100512
B1240204531443N00317014EA012710140600512
B1240214531449N00316992EA012750141000512
B1240224531456N00316973EA012800141400512
B1240234531466N00316956EA012840141800512
LXNA::AVGSATSNR:41
B1240244531477N00316942EA012870142200512
B1240254531489N00316931EA012900142500512
B1240264531502N00316922EA012910142600512
B1240274531516N00316915EA012910142500512
B1240284531530N00316911EA012890142400512
B1240294531545N00316909EA012880142300512
B1240304531560N00316912EA012870142200512
B1240314531574N00316921EA012860142100512
B1240324531586N00316935EA012850142100512
B1240334531596N00316953EA012850141900512
B1240344531604N00316974EA012850141800512
B1240354531609N00316996EA012850142000512
B1240364531613N00317020EA012870142300512
B1240374531613N00317044EA012930142900512
B1240384531612N00317068EA012990143400512
B1240394531607N00317092EA013020143900512
B1240404531601N00317114EA013070144400512
B1240414531591N00317135EA013110144700512
B1240424531578N00317154EA013110144800512
B1240434531563N00317168EA013100144700512
B1240444531545N00317177EA013100144600512
B1240454531525N00317179EA013090144400512
B1240464531505N00317174EA013070144200512
B1240474531486N00317163EA013060144200512
B1240484531470N00317145EA013060144200512
B1240494531458N00317123EA013050144200512
B1240504531451N00317099EA013060144200512
B1240514531448N00317073EA013060144200512
K124051024014
B1240524531449N00317049EA013060144100512
B1240534531454N00317026EA013050144100512
B1240544531461N00317006EA013050144200512
B1240554531471N00316990EA013070144300512
B1240564531483N00316978EA013090144500512
B1240574531495N00316967EA013120144700512
B1240584531508N00316958EA013110144900512
B1240594531521N00316950EA013140145000512
B1241004531534N00316942EA013130145000512
B1241014531548N00316936EA013130144900512
B1241024531562N00316932EA013090144600512
B1241034531577N00316931EA013080144300512
B1241044531591N00316935EA013060144200512
B1241054531606N00316943EA013070144400512
B1241064531619N00316954EA013090144700512
B1241074531632N00316965EA013120145000512
B1241084531643N00316978EA013150145300512
B1241094531653N00316993EA013170145500512
B1241104531659N00317012EA013190145600512
B1241114531662N00317034EA013210145800512
K124111013014
B1241124531661N00317056EA013230145900512
B1241134531656N00317079EA013250146200512
B1241144531648N00317100EA013270146400512
B1241154531639N00317121EA013290146700512
B1241164531630N00317141EA013310147000512
B1241174531620N00317160EA013340147300512
B1241184531609N00317179EA013360147500512
B1241194531596N00317197EA013370147600512
B1241204531581N00317212EA013380147700512
B1241214531564N00317223EA013370147800512
B1241224531545N00317228EA013390147800512
B1241234531526N00317226EA013400147900512
B1241244531506N00317217EA013410147900512
LXNA::AVGSATSNR:39
B1241254531490N00317202EA013410147900512
B1241264531475N00317182EA013390147800512
B1241274531464N00317159EA013360147500512
B1241284531458N00317133EA013350147200512
B1241294531457N00317106EA013320147100512
B1241304531462N00317080EA013310147000512
B1241314531471N00317058EA013330147100512
B1241324531483N00317040EA013330147300512
B1241334531497N00317025EA013370147800512
B1241344531511N00317013EA013410148200512
B1241354531526N00317006EA013440148600512
B1241364531541N00317003EA013470148800512
B1241374531556N00317005EA013500149000512
B1241384531570N00317012EA013510149200512
B1241394531583N00317023EA013520149300512
B1241404531594N00317038EA013550149600512
B1241414531602N00317056EA013580149800512
B1241424531606N00317077EA013620150200512
B1241434531605N00317099EA013640150500512
B1241444531599N00317121EA013660150700512
B1241454531590N00317142EA013670150600512
B1241464531577N00317159EA013660150500512
B1241474531560N00317171EA013640150300512
K124147019015
B1241484531540N00317177EA013620150200512
B1241494531519N00317175EA013610150000512
B1241504531499N00317164EA013600149900512
B1241514531483N00317146EA013610149900512
B1241524531471N00317123EA013630150300512
B1241534531464N00317097EA013680150900512
B1241544531462N00317071EA013720151400512
B1241554531464N00317047EA013750151700512
B1241564531470N00317024EA013780152000512
B1241574531478N00317005EA013800152100512
B1241584531488N00316989EA013810152200512
B1241594531501N00316978EA013810152100512
B1242004531516N00316973EA013800151900512
B1242014531531N00316974EA013780151800512
B1242024531545N00316981EA013750151700512
B1242034531559N00316993EA013750151600512
B1242044531570N00317010EA013740151500512
B1242054531576N00317032EA013730151400512
B1242064531578N00317057EA013740151500512
B1242074531575N00317082EA013750151600512
B1242084531567N00317106EA013770151900512
B1242094531554N00317127EA013800152100512
B1242104531537N00317142EA013830152400512
B1242114531518N00317151EA013840152600512
B1242124531498N00317152EA013860152700512
B1242134531477N00317146EA013860152700512
B1242144531459N00317134EA013870152800512
B1242154531443N00317116EA013880153000512
LXNA::BAT:charging,100%,4.253V,96mA
B1242164531430N00317095EA013890153300512
B1242174531421N00317071EA013910153500512
B1242184531417N00317046EA013950153700512
B1242194531417N00317021EA013970153900512
F124219030417190931061107
B1242204531421N00316998EA013970154000512
B1242214531428N00316976EA013980154000512
B1242224531437N00316958EA013990154100512
B1242234531449N00316943EA013990154000512
B1242244531462N00316932EA013980153900512
B1242254531477N00316927EA013970153900512
LXNA::AVGSATSNR:37
B1242264531493N00316928EA013960153700512
B1242274531508N00316935EA013950153700512
B1242284531520N00316949EA013940153600512
B1242294531529N00316969EA013920153500512
B1242304531535N00316990EA013930153400512
B1242314531537N00317014EA013940153600512
B1242324531536N00317039EA013970153800512
K124232013017
B1242334531530N00317063EA013990154100512
B1242344531520N00317085EA014010154300512
B1242354531507N00317104EA014020154500512
B1242364531492N00317121EA014040154700512
B1242374531476N00317136EA014060154900512
B1242384531458N00317147EA014080155100512
B1242394531439N00317155EA014100155300512
B1242404531419N00317159EA014120155500512
B1242414531400N00317158EA014130155500512
B1242424531381N00317153EA014120155500512
B1242434531362N00317143EA014130155600512
B1242444531346N00317128EA014150155700512
B1242454531332N00317110EA014140155800512
B1242464531321N00317088EA014150155700512
B1242474531315N00317064EA014140155700512
B1242484531312N00317039EA014140155700512
B1242494531314N00317014EA014120155600512
B1242504531321N00316991EA014120155400512
B1242514531331N00316972EA014110155400512
B1242524531344N00316957EA014100155300512
B1242534531358N00316944EA014100155200512
B1242544531373N00316935EA014100155300512
B1242554531389N00316930EA014120155600512
B1242564531405N00316929EA014150155800512
B1242574531420N00316933EA014180156000512
B1242584531434N00316941EA014190156200512
B1242594531446N00316953EA014200156200512
B1243004531455N00316970EA014210156300512
B1243014531462N00316990EA014200156200512
B1243024531464N00317012EA014190156200512
B1243034531462N00317036EA014180156000512
B1243044531454N00317059EA014170156000512
B1243054531442N00317080EA014160155900512
B1243064531426N00317096EA014170156000512
B1243074531408N00317107EA014180156100512
B1243084531388N00317111EA014190156100512
B1243094531367N00317108EA014190156300512
B1243104531348N00317097EA014210156600512
B1243114531332N00317081EA014240156800512
B1243124531318N00317061EA014240157000512
B1243134531309N00317038EA014260157000512
B1243144531304N00317012EA014260157000512
B1243154531304N00316987EA014250156900512
B1243164531308N00316963EA014250156900512
B1243174531316N00316941EA014240156800512
B1243184531326N00316922EA014240156800512
B1243194531338N00316905EA014240156900512
B1243204531352N00316891EA014240157000512
B1243214531366N00316879EA014250157000512
B1243224531381N00316867EA014250156900512
B1243234531396N00316858EA014220156700512
B1243244531411N00316852EA014200156500512
B1243254531427N00316850EA014190156300512
B1243264531442N00316854EA014190156100512
LXNA::AVGSATSNR:40
B1243274531456N00316863EA014170156100512
B1243284531469N00316875EA014190156200512
B1243294531482N00316891EA014190156700512
B1243304531493N00316905EA014210156800512
B1243314531503N00316920EA014240157000512
B1243324531512N00316937EA014250157100512
B1243334531519N00316955EA014260157100512
B1243344531523N00316976EA014260157200512
B1243354531525N00316997EA014260157200512
B1243364531524N00317020EA014280157300512
B1243374531520N00317043EA014280157400512
B1243384531514N00317064EA014290157500512
B1243394531504N00317085EA014300157400512
B1243404531493N00317103EA014310157600512
B1243414531478N00317118EA014330157700512
B1243424531462N00317130EA014330157800512
B1243434531442N00317135EA014340158000512
B1243444531423N00317133EA014350158000512
K124344018017
B1243454531403N00317125EA014350158100512
B1243464531385N00317111EA014350158100512
B1243474531370N00317092EA014350158100512
B1243484531360N00317068EA014350158000512
B1243494531355N00317041EA014340157800512
B1243504531356N00317014EA014320157700512
B1243514531361N00316988EA014310157600512
B1243524531370N00316966EA014320157700512
B1243534531381N00316946EA014340157900512
B1243544531394N00316930EA014350158200512
B1243554531407N00316918EA014360158300512
B1243564531422N00316909EA014370158300512
B1243574531437N00316905EA014370158200512
B1243584531452N00316905EA014370158100512
B1243594531467N00316908EA014350158000512
B1244004531481N00316915EA014350158000512
B1244014531494N00316926EA014350158000512
B1244024531504N00316941EA014370158200512
B1244034531512N00316959EA014390158300512
B1244044531517N00316980EA014390158600512
K124404024017
B1244054531519N00317001EA014420158800512
B1244064531517N00317024EA014440159000512
B1244074531511N00317045EA014450159000512
B1244084531501N00317064EA014450159000512
B1244094531487N00317081EA014460159100512
B1244104531471N00317094EA014470159200512
B1244114531453N00317103EA014460159100512
B1244124531434N00317106EA014460159000512
B1244134531413N00317103EA014450159000512
B1244144531394N00317093EA014450159000512
B1244154531376N00317077EA014450159000512
B1244164531361N00317056EA014450159100512
B1244174531349N00317031EA014470159300512
B1244184531342N00317003EA014480159400512
B1244194531340N00316975EA014480159400512
B1244204531341N00316947EA014470159300512
B1244214531348N00316921EA014460159100512
B1244224531358N00316899EA014440158800512
B1244234531372N00316882EA014410158400512
B1244244531388N00316871EA014380158100512
B1244254531406N00316866EA014360157900512
B1244264531424N00316865EA014340157900512
B1244274531441N00316868EA014340157900512
LXNA::AVGSATSNR:40
B1244284531458N00316875EA014350158100512
B1244294531473N00316887EA014370158200512
B1244304531485N00316903EA014380158300512
K124430030018
B1244314531493N00316924EA014410158600512
B1244324531498N00316948EA014440158800512
B1244334531497N00316974EA014450159000512
B1244344531493N00316999EA014480159400512
B1244354531486N00317024EA014520159900512
B1244364531476N00317046EA014560160400512
B1244374531463N00317066EA014620160800512
B1244384531447N00317082EA014660161100512
B1244394531431N00317095EA014680161400512
B1244404531413N00317107EA014700161500512
B1244414531394N00317115EA014690161600512
B1244424531375N00317117EA014700161600512
B1244434531355N00317110EA014720161700512
B1244444531337N00317096EA014720161800512
B1244454531322N00317074EA014710161700512
B1244464531312N00317048EA014670161300512
B1244474531308N00317019EA014630160800512
B1244484531310N00316989EA014560160300512
B1244494531319N00316961EA014540160000512
B1244504531333N00316939EA014520159900512
B1244514531350N00316925EA014540160100512
B1244524531368N00316918EA014570160500512
B1244534531386N00316916EA014630160900512
B1244544531403N00316919EA014680161500512
B1244554531418N00316926EA014740162200512
B1244564531433N00316934EA014810162800512
B1244574531446N00316945EA014860163200512
B1244584531457N00316959EA014880163500512
B1244594531465N00316976EA014920163800512
B1245004531471N00316996EA014950164100512
B1245014531476N00317017EA014990164300512
B1245024531479N00317039EA014990164500512
B1245034531480N00317061EA015000164700512
B1245044531478N00317084EA015020164900512
B1245054531472N00317107EA015040165100512
B1245064531463N00317127EA015070165400512
B1245074531450N00317146EA015090165600512
B1245084531434N00317159EA015100165700512
B1245094531415N00317166EA015120165800512
B1245104531394N00317165EA015130165800512
B1245114531373N00317156EA015130165700512
B1245124531356N00317139EA015100165600512
B1245134531342N00317114EA015090165500512
B1245144531336N00317085EA015090165500512
B1245154531335N00317056EA015100165700512
B1245164531341N00317028EA015150166100512
LXNA::BAT:charging,100%,4.251V,90mA
B1245174531351N00317006EA015180166500512
K124517044020
B1245184531363N00316988EA015210166800512
B1245194531378N00316977EA015240167000512
B1245204531394N00316973EA015250167100512
B1245214531410N00316975EA015280167200512
B1245224531426N00316982EA015280167300512
B1245234531440N00316992EA015290167600512
B1245244531451N00317008EA015310167900512
B1245254531458N00317028EA015340168100512
B1245264531462N00317050EA015380168300512
B1245274531463N00317075EA015380168600512
B1245284531462N00317099EA015420169000512
LXNA::AVGSATSNR:38
B1245294531457N00317124EA015450169400512
B1245304531448N00317147EA015510169800512
B1245314531435N00317166EA015560170300512
B1245324531418N00317181EA015600170800512
B1245334531399N00317190EA015640171200512
B1245344531379N00317191EA015690171600512
B1245354531358N00317184EA015720171900512
B1245364531340N00317169EA015750172100512
B1245374531325N00317148EA015760172200512
B1245384531316N00317122EA015780172500512
B1245394531311N00317094EA015800172800512
B1245404531312N00317065EA015810172900512
B1245414531318N00317039EA015810172800512
B1245424531330N00317018EA015800172600512
B1245434531345N00317004EA015800172500512
B1245444531363N00316998EA015810172700512
B1245454531381N00316999EA015830173200512
B1245464531398N00317005EA015900173700512
B1245474531413N00317018EA015960174400512
B1245484531426N00317034EA016030175100512
B1245494531435N00317053EA016080175800512
B1245504531440N00317075EA016150176400512
B1245514531440N00317099EA016220176900512
B1245524531434N00317122EA016260177300512
B1245534531424N00317143EA016280177600512
B1245544531409N00317159EA016310177900512
B1245554531390N00317168EA016340178100512
B1245564531369N00317169EA016360178200512
B1245574531348N00317160EA016370178400512
B1245584531330N00317144EA016390178600512
B1245594531315N00317121EA016400178700512
B1246004531307N00317092EA016410178800512
B1246014531305N00317061EA016430179000512
B1246024531310N00317032EA016440179100512
B1246034531320N00317007EA016460179300512
B1246044531334N00316987EA016490179700512
B1246054531351N00316973EA016530180200512
B1246064531368N00316964EA016560180700512
B1246074531386N00316962EA016620181100512
B1246084531402N00316967EA016660181600512
B1246094531418N00316976EA016720182000512
B1246104531431N00316991EA016760182500512
F12461003041719093106110721
B1246114531440N00317010EA016800183000512
B1246124531445N00317032EA016850183500512
B1246134531444N00317056EA016910183900512
B1246144531438N00317080EA016950184400512
B1246154531427N00317100EA016970184800512
B1246164531412N00317117EA017020185100512
B1246174531394N00317126EA017060185400512
B1246184531373N00317127EA017100185800512
B1246194531353N00317120EA017130186300512
B1246204531334N00317106EA017200186900512
B1246214531319N00317086EA017250187500512
B1246224531308N00317061EA017290188000512
B1246234531302N00317034EA017350188400512
B1246244531302N00317005EA017380188900512
B1246254531306N00316979EA017410189100512
B1246264531315N00316956EA017430189200512
B1246274531328N00316939EA017420189200512
B1246284531343N00316926EA017420189300512
B1246294531360N00316920EA017450189400512
LXNA::AVGSATSNR:38
B1246304531377N00316922EA017460189600512
B1246314531392N00316930EA017490190000512
B1246324531405N00316943EA017540190500512
B1246334531415N00316960EA017580190900512
B1246344531421N00316980EA017620191300512
B1246354531421N00317003EA017660191600512
B1246364531416N00317026EA017700191900512
B1246374531405N00317046EA017720192300512
K124637051020
B1246384531391N00317062EA017750192700512
B1246394531374N00317073EA017780193000512
B1246404531354N00317077EA017800193100512
B1246414531334N00317072EA017820193300512
B1246424531315N00317059EA017850193600512
B1246434531298N00317039EA017880193900512
B1246444531286N00317014EA017920194200512
B1246454531279N00316985EA017940194500512
B1246464531278N00316956EA017960194700512
B1246474531283N00316927EA017980195000512
B1246484531293N00316903EA018000195200512
B1246494531306N00316884EA018020195500512
B1246504531321N00316872EA018060195800512
B1246514531338N00316867EA018100196200512
B1246524531355N00316869EA018130196600512
B1246534531370N00316876EA018160196700512
B1246544531382N00316890EA018170196800512
B1246554531391N00316908EA018190197200512
B1246564531397N00316929EA018250197700512
B1246574531397N00316952EA018290198000512
B1246584531393N00316974EA018320198400512
B1246594531384N00316992EA018350198800512
B1247004531371N00317007EA018380199300512
B1247014531354N00317018EA018420199800512
B1247024531336N00317021EA018470200000512
B1247034531317N00317016EA018480200100512
B1247044531299N00317003EA018500200300512
B1247054531283N00316983EA018510200400512
B1247064531271N00316958EA018520200500512
B1247074531265N00316929EA018530200600512
B1247084531265N00316900EA018530200800512
B1247094531270N00316872EA018540200800512
B1247104531281N00316847EA018560200900512
B1247114531295N00316829EA018570200900512
B1247124531312N00316818EA018570201100512
B1247134531330N00316813EA018580201100512
B1247144531348N00316815EA018580201000512
B1247154531364N00316825EA018580201000512
B1247164531377N00316841EA018580201100512
B1247174531385N00316862EA018600201300512
B1247184531389N00316886EA018610201400512
B1247194531387N00316910EA018630201400512
B1247204531379N00316934EA018630201500512
B1247214531365N00316952EA018650201700512
B1247224531348N00316965EA018680202000512
B1247234531328N00316969EA018710202400512
B1247244531308N00316966EA018740202800512
B1247254531288N00316956EA018760203000512
B1247264531270N00316938EA018780203200512
B1247274531256N00316914EA018830203500512
B1247284531246N00316885EA018850203900512
B1247294531240N00316854EA018880204200512
B1247304531239N00316822EA018900204600512
LXNA::AVGSATSNR:39
B1247314531242N00316791EA018940205000512
B1247324531250N00316764EA018960205200512
B1247334531263N00316741EA018980205300512
B1247344531279N00316725EA018980205200512
B1247354531297N00316718EA018970205100512
B1247364531315N00316721EA018970205100512
B1247374531330N00316732EA018970205100512
B1247384531341N00316751EA018970205000512
B1247394531346N00316774EA018970205000512
B1247404531346N00316799EA018970205200512
B1247414531341N00316823EA018990205300512
B1247424531331N00316844EA019030205600512
B1247434531318N00316862EA019050205800512
B1247444531302N00316876EA019070206100512
B1247454531284N00316884EA019090206300512
B1247464531265N00316887EA019100206400512
K124746057018
B1247474531245N00316884EA019110206500512
B1247484531225N00316876EA019130206600512
B1247494531206N00316863EA019120206500512
B1247504531188N00316845EA019100206500512
B1247514531174N00316820EA019100206500512
B1247524531164N00316791EA019110206500512
B1247534531158N00316760EA019130206800512
B1247544531157N00316728EA019160207200512
B1247554531159N00316697EA019180207500512
B1247564531164N00316668EA019190207600512
B1247574531173N00316640EA019210207800512
B1247584531184N00316615EA019200207800512
B1247594531198N00316594EA019200207700512
B1248004531215N00316580EA019190207600512
B1248014531233N00316573EA019190207700512
B1248024531252N00316573EA019210207700512
B1248034531269N00316581EA019210207700512
B1248044531285N00316594EA019210207700512
B1248054531296N00316614EA019230207800512
B1248064531303N00316637EA019240208100512
B1248074531305N00316661EA019270208400512
B1248084531304N00316684EA019300208700512
B1248094531297N00316706EA019330209000512
B1248104531286N00316725EA019350209100512
B1248114531273N00316740EA019360209100512
B1248124531257N00316751EA019360209000512
B1248134531239N00316758EA019330208800512
B1248144531220N00316759EA019320208700512
B1248154531201N00316755EA019320208700512
K124815062017
B1248164531182N00316746EA019330208900512
B1248174531165N00316733EA019360209100512
LXNA::BAT:charging,100%,4.251V,90mA
B1248184531149N00316716EA019380209300512
B1248194531136N00316695EA019400209600512
B1248204531125N00316671EA019430209900512
B1248214531117N00316646EA019470210200512
B1248224531110N00316620EA019480210500512
B1248234531106N00316594EA019480210600512
B1248244531105N00316567EA019490210600512
B1248254531107N00316541EA019500210600512
B1248264531111N00316515EA019500210600512
B1248274531117N00316491EA019480210300512
B1248284531126N00316469EA019440209900512
B1248294531138N00316449EA019410209700512
B1248304531153N00316433EA019380209400512
B1248314531169N00316423EA019360209300512
LXNA::AVGSATSNR:36
B1248324531187N00316420EA019370209400512
B1248334531204N00316424EA019380209600512
B1248344531219N00316433EA019410209900512
B1248354531231N00316447EA019440210100512
B1248364531240N00316464EA019470210300512
B1248374531245N00316485EA019480210600512
B1248384531245N00316506EA019510210800512
B1248394531242N00316527EA019520210900512
K124839062015
B1248404531235N00316546EA019510210900512
B1248414531225N00316562EA019510210700512
B1248424531211N00316575EA019480210400512
B1248434531195N00316583EA019460210200512
B1248444531177N00316586EA019440210000512
B1248454531158N00316584EA019410209800512
B1248464531139N00316577EA019400209600512
B1248474531121N00316566EA019390209600512
B1248484531105N00316552EA019400209800512
B1248494531091N00316534EA019430210000512
B1248504531079N00316513EA019440210200512
B1248514531070N00316490EA019460210300512
B1248524531063N00316466EA019470210400512
B1248534531058N00316442EA019460210400512
K124853069014
B1248544531055N00316417EA019450210200512
B1248554531055N00316392EA019430209800512
B1248564531057N00316366EA019370209400512
B1248574531063N00316341EA019330208900512
B1248584531072N00316318EA019280208400512
B1248594531085N00316300EA019230207800512
B1249004531101N00316286EA019170207300512
B1249014531118N00316278EA019130206800512
B1249024531136N00316275EA019100206400512
B1249034531153N00316276EA019080206200512
B1249044531171N00316280EA019070206200512
B1249054531187N00316285EA019070206200512
B1249064531202N00316292EA019070206400512
B1249074531216N00316299EA019090206600512
B1249084531230N00316308EA019110206800512
B1249094531243N00316318EA019130207000512
B1249104531254N00316330EA019140207000512
B1249114531265N00316343EA019140206900512
B1249124531273N00316358EA019130206800512
B1249134531281N00316374EA019110206600512
B1249144531288N00316391EA019080206400512
B1249154531295N00316409EA019060206100512
B1249164531302N00316427EA019020205800512
B1249174531308N00316446EA018990205500512
B1249184531314N00316465EA018970205200512
B1249194531319N00316486EA018950205000512
B1249204531324N00316506EA018930204600512
B1249214531329N00316527EA018870204100512
B1249224531334N00316549EA018810203500512
B1249234531339N00316572EA018760202900512
B1249244531345N00316596EA018720202400512
B1249254531350N00316620EA018680202100512
B1249264531354N00316645EA018650201800512
B1249274531359N00316670EA018620201500512
B1249284531363N00316694EA018600201300512
B1249294531368N00316718EA018580201200512
B1249304531373N00316742EA018570201100512
B1249314531379N00316765EA018540200700512
B1249324531385N00316789EA018480200300512
LXNA::AVGSATSNR:40
B1249334531391N00316812EA018450199800512
B1249344531398N00316837EA018410199400512
B1249354531404N00316862EA018380199000512
B1249364531411N00316888EA018350198800512
B1249374531418N00316914EA018320198500512
B1249384531425N00316940EA018300198300512
B1249394531432N00316965EA018290198200512
B1249404531440N00316991EA018270198000512
B1249414531448N00317016EA018250197700512
B1249424531456N00317042EA018220197500512
B1249434531464N00317067EA018190197200512
B1249444531473N00317093EA018180197000512
B1249454531481N00317119EA018170196900512
B1249464531489N00317145EA018150196700512
B1249474531497N00317171EA018120196500512
B1249484531506N00317197EA018090196200512
B1249494531514N00317224EA018070196000512
B1249504531522N00317250EA018070196000512
B1249514531530N00317277EA018080196000512
B1249524531537N00317303EA018080196100512
B1249534531545N00317328EA018090196100512
B1249544531553N00317354EA018100196200512
B1249554531560N00317379EA018090196200512
B1249564531568N00317404EA018100196200512
B1249574531576N00317428EA018100196300512
B1249584531584N00317453EA018110196300512
B1249594531593N00317476EA018120196500512
B1250004531602N00317500EA018120196600512
B1250014531611N00317523EA018130196600512
B1250024531620N00317546EA018120196500512
B1250034531629N00317569EA018100196200512
B1250044531638N00317593EA018070196000512
B1250054531647N00317618EA018070195900512
B1250064531657N00317642EA018070195900512
B1250074531666N00317666EA018070196000512
B1250084531674N00317691EA018090196100512
B1250094531682N00317715EA018090196200512
B1250104531690N00317738EA018100196300512
B1250114531698N00317762EA018090196300512
B1250124531705N00317785EA018080196200512
B1250134531712N00317809EA018080196100512
B1250144531719N00317832EA018060195800512
B1250154531726N00317856EA018020195300512
B1250164531733N00317880EA017980194900512
B1250174531740N00317904EA017940194600512
B1250184531747N00317928EA017910194300512
B1250194531756N00317952EA017870193900512
B1250204531765N00317977EA017800193300512
B1250214531774N00318002EA017750192800512
B1250224531783N00318027EA017710192300512
B1250234531792N00318054EA017640191600512
B1250244531801N00318081EA017570190900512
B1250254531810N00318109EA017520190300512
B1250264531819N00318138EA017490190000512
B1250274531828N00318168EA017480190000512
B1250284531836N00318197EA017510190300512
B1250294531844N00318225EA017550190800512
B1250304531852N00318252EA017600191400512
B1250314531860N00318277EA017670192100512
B1250324531867N00318302EA017730192800512
B1250334531873N00318325EA017780193100512
LXNA::AVGSATSNR:38
B1250344531879N00318349EA017780193100512
B1250354531885N00318373EA017780192900512
B1250364531891N00318397EA017770192800512
B1250374531897N00318421EA017760192700512
B1250384531902N00318446EA017740192400512
B1250394531907N00318472EA017710192200512
B1250404531912N00318498EA017690192000512
B1250414531917N00318525EA017670191900512
B1250424531922N00318551EA017670191900512
B1250434531926N00318578EA017670191900512
B1250444531930N00318605EA017670191900512
B1250454531934N00318633EA017670191800512
B1250464531938N00318660EA017650191800512
B1250474531942N00318688EA017630191700512
B1250484531945N00318715EA017660191700512
B1250494531948N00318743EA017670191700512
B1250504531951N00318771EA017670191900512
B1250514531954N00318798EA017690192200512
B1250524531956N00318825EA017690192300512
B1250534531959N00318851EA017710192300512
B1250544531961N00318878EA017700192200512
B1250554531963N00318905EA017700192200512
B1250564531965N00318932EA017700192200512
B1250574531967N00318958EA017720192300512
B1250584531967N00318984EA017750192500512
B1250594531968N00319010EA017750192600512
B1251004531968N00319036EA017730192500512
B1251014531968N00319062EA017720192400512
B1251024531968N00319089EA017700192200512
B1251034531968N00319116EA017680192000512
B1251044531968N00319144EA017660191800512
B1251054531968N00319171EA017650191600512
B1251064531968N00319199EA017630191600512
B1251074531968N00319228EA017620191600512
B1251084531968N00319256EA017640191700512
B1251094531968N00319283EA017670191800512
B1251104531969N00319311EA017690191900512
B1251114531969N00319338EA017680191900512
B1251124531969N00319365EA017670191700512
B1251134531970N00319392EA017640191400512
B1251144531970N00319419EA017620191100512
B1251154531970N00319447EA017600190900512
B1251164531970N00319474EA017580190700512
B1251174531970N00319501EA017570190600512
B1251184531970N00319529EA017570190700512
LXNA::BAT:charging,100%,4.251V,78mA
B1251194531970N00319556EA017570190700512
B1251204531971N00319583EA017570190700512
B1251214531971N00319611EA017570190700512
B1251224531971N00319638EA017580190800512
B1251234531970N00319664EA017590190900512
B1251244531970N00319690EA017610191200512
B1251254531970N00319715EA017640191500512
B1251264531969N00319740EA017650191600512
B1251274531968N00319764EA017660191600512
B1251284531967N00319787EA017650191600512
B1251294531964N00319811EA017650191500512
B1251304531962N00319834EA017630191200512
B1251314531958N00319858EA017590190800512
B1251324531954N00319883EA017580190600512
B1251334531950N00319909EA017580190600512
B1251344531947N00319936EA017580190600512
LXNA::AVGSATSNR:40
B1251354531943N00319962EA017560190500512
B1251364531941N00319988EA017550190400512
B1251374531938N00320015EA017520190100512
B1251384531936N00320042EA017500189800512
B1251394531934N00320069EA017480189700512
B1251404531932N00320097EA017470189500512
B1251414531929N00320125EA017460189500512
B1251424531928N00320152EA017450189400512
B1251434531926N00320180EA017450189300512
B1251444531925N00320208EA017440189200512
B1251454531924N00320236EA017420189100512
B1251464531923N00320263EA017410189000512
B1251474531923N00320291EA017410189000512
B1251484531924N00320318EA017410189000512
B1251494531925N00320345EA017420189100512
B1251504531926N00320372EA017430189200512
B1251514531927N00320399EA017440189300512
B1251524531929N00320425EA017450189400512
B1251534531932N00320451EA017460189600512
B1251544531935N00320476EA017470189700512
K125154069014
B1251554531939N00320501EA017460189600512
B1251564531943N00320526EA017450189300512
B1251574531947N00320551EA017420189000512
B1251584531951N00320576EA017380188600512
B1251594531956N00320602EA017350188300512
B1252004531960N00320629EA017330188000512
B1252014531964N00320655EA017310187900512
B1252024531969N00320682EA017300187800512
B1252034531973N00320708EA017300187900512
B1252044531978N00320734EA017310187900512
B1252054531982N00320759EA017300187900512
B1252064531986N00320785EA017310187900512
B1252074531990N00320810EA017310188000512
B1252084531994N00320836EA017310188000512
B1252094531998N00320861EA017300187800512
B1252104532002N00320886EA017270187600512
B1252114532007N00320912EA017250187300512
B1252124532011N00320938EA017230187100512
B1252134532015N00320965EA017240187200512
B1252144532020N00320991EA017240187400512
B1252154532025N00321016EA017260187600512
B1252164532029N00321041EA017280187700512
B1252174532034N00321066EA017280187700512
B1252184532039N00321091EA017270187600512
B1252194532044N00321115EA017240187300512
B1252204532048N00321141EA017220187000512
B1252214532053N00321166EA017200186800512
B1252224532057N00321191EA017180186600512
B1252234532060N00321217EA017180186700512
B1252244532064N00321242EA017190186900512
B1252254532068N00321267EA017220187000512
B1252264532071N00321291EA017230187100512
B1252274532075N00321315EA017230187100512
B1252284532078N00321340EA017210187000512
B1252294532082N00321365EA017200186800512
B1252304532085N00321390EA017190186700512
B1252314532088N00321415EA017190186700512
B1252324532092N00321440EA017180186600512
B1252334532095N00321465EA017160186400512
B1252344532098N00321490EA017130186100512
B1252354532101N00321516EA017100185700512
LXNA::AVGSATSNR:41
B1252364532104N00321542EA017050185200512
B1252374532107N00321569EA017000184600512
B1252384532110N00321597EA016940184100512
B1252394532112N00321626EA016900183700512
B1252404532114N00321655EA016880183500512
B1252414532116N00321684EA016860183300512
B1252424532119N00321713EA016850183200512
B1252434532120N00321741EA016850183200512
B1252444532122N00321769EA016840183200512
B1252454532123N00321796EA016840183000512
B1252464532124N00321823EA016810182800512
B1252474532125N00321849EA016790182500512
B1252484532125N00321876EA016750182100512
B1252494532126N00321903EA016700181700512
B1252504532127N00321930EA016670181200512
B1252514532127N00321957EA016620180800512
B1252524532128N00321984EA016590180500512
B1252534532127N00322011EA016560180300512
B1252544532126N00322038EA016550180100512
B1252554532125N00322065EA016530180000512
B1252564532123N00322091EA016530180000512
B1252574532121N00322117EA016530180100512
B1252584532119N00322143EA016520180000512
B1252594532117N00322168EA016520180000512
B1253004532115N00322193EA016520179900512
B1253014532112N00322217EA016510179800512
B1253024532110N00322241EA016480179600512
B1253034532107N00322265EA016450179200512
B1253044532105N00322290EA016410178700512
B1253054532102N00322314EA016340178100512
B1253064532099N00322339EA016310177700512
B1253074532096N00322365EA016260177300512
B1253084532094N00322391EA016240177000512
B1253094532091N00322417EA016210176800512
B1253104532088N00322443EA016180176500512
B1253114532086N00322469EA016160176300512
B1253124532083N00322495EA016150176100512
B1253134532081N00322522EA016140176000512
B1253144532078N00322547EA016140176000512
B1253154532075N00322573EA016140176100512
B1253164532072N00322598EA016150176200512
B1253174532069N00322622EA016150176200512
B1253184532067N00322647EA016140176100512
B1253194532064N00322671EA016130176000512
B1253204532062N00322696EA016130175800512
B1253214532060N00322720EA016110175700512
B1253224532059N00322744EA016090175500512
B1253234532057N00322768EA016060175200512
B1253244532055N00322793EA016030174900512
B1253254532053N00322817EA016000174500512
B1253264532051N00322843EA015960174200512
B1253274532049N00322868EA015920173800512
B1253284532048N00322894EA015890173400512
B1253294532046N00322921EA015840173000512
B1253304532045N00322948EA015800172500512
B1253314532043N00322976EA015760172100512
B1253324532042N00323004EA015720171800512
B1253334532040N00323032EA015700171600512
B1253344532039N00323060EA015690171500512
B1253354532038N00323088EA015680171500512
B1253364532036N00323116EA015690171500512
LXNA::AVGSATSNR:40
B1253374532035N00323143EA015690171500512
B1253384532033N00323170EA015710171700512
B1253394532031N00323196EA015720171800512
B1253404532029N00323221EA015740172000512
B1253414532027N00323246EA015750172100512
B1253424532026N00323271EA015760172200512
B1253434532024N00323295EA015760172200512
B1253444532022N00323320EA015750172000512
B1253454532021N00323344EA015740171900512
B1253464532019N00323369EA015720171700512
B1253474532017N00323394EA015690171500512
B1253484532015N00323419EA015670171300512
B1253494532013N00323444EA015670171200512
B1253504532011N00323469EA015660171100512
B1253514532009N00323495EA015650171100512
B1253524532007N00323520EA015650171000512
B1253534532005N00323545EA015640170900512
B1253544532002N00323570EA015640171000512
B1253554532000N00323594EA015650171100512
B1253564531997N00323618EA015670171200512
B1253574531994N00323642EA015670171200512
B1253584531991N00323665EA015670171200512
B1253594531989N00323688EA015680171200512
B1254004531986N00323710EA015670171300512
B1254014531984N00323732EA015670171200512
B1254024531981N00323754EA015670171200512
B1254034531978N00323776EA015670171200512
B1254044531976N00323797EA015670171300512
B1254054531973N00323819EA015680171300512
B1254064531971N00323841EA015680171300512
B1254074531968N00323862EA015660171100512
B1254084531966N00323885EA015640170800512
B1254094531964N00323908EA015610170500512
B1254104531962N00323931EA015570170000512
B1254114531960N00323956EA015520169500512
B1254124531959N00323981EA015480169200512
B1254134531957N00324007EA015460169000512
B1254144531957N00324033EA015450169000512
B1254154531955N00324059EA015450169000512
B1254164531954N00324086EA015450168900512
B1254174531953N00324112EA015440168800512
B1254184531952N00324139EA015420168600512
B1254194531951N00324166EA015390168400512
LXNA::BAT:charging,100%,4.252V,72mA
B1254204531950N00324193EA015370168200512
B1254214531949N00324221EA015370168100512
B1254224531949N00324249EA015380168200512
B1254234531949N00324277EA015400168400512
B1254244531950N00324304EA015430168900512
B1254254531951N00324331EA015480169400512
B1254264531952N00324357EA015520169900512
B1254274531952N00324382EA015580170300512
B1254284531950N00324407EA015610170600512
B1254294531944N00324431EA015630170900512
B1254304531934N00324453EA015640170800512
B1254314531921N00324471EA015630170600512
B1254324531904N00324485EA015620170400512
B1254334531884N00324490EA015610170400512
B1254344531863N00324487EA015620170500512
B1254354531844N00324476EA015620170700512
B1254364531826N00324459EA015630170800512
B1254374531813N00324437EA015660171000512
LXNA::AVGSATSNR:38
B1254384531803N00324413EA015670171100512
B1254394531798N00324387EA015690171100512
B1254404531798N00324360EA015690171100512
B1254414531801N00324334EA015690171400512
B1254424531807N00324309EA015720171800512
B1254434531815N00324288EA015760172300512
B1254444531824N00324268EA015810172700512
B1254454531835N00324252EA015840173000512
B1254464531847N00324240EA015870173200512
B1254474531862N00324235EA015890173300512
B1254484531876N00324236EA015890173400512
B1254494531891N00324243EA015900173400512
B1254504531903N00324257EA015890173400512
B1254514531912N00324276EA015880173300512
B1254524531918N00324299EA015870173100512
B1254534531918N00324325EA015850172800512
B1254544531912N00324352EA015830172600512
B1254554531901N00324377EA015820172500512
K125455069014
B1254564531886N00324398EA015820172700512
B1254574531868N00324413EA015840173000512
B1254584531847N00324423EA015880173300512
B1254594531826N00324426EA015900173400512
B1255004531805N00324421EA015930173500512
B1255014531785N00324409EA015910173600512
B1255024531767N00324391EA015920173600512
B1255034531754N00324368EA015920173600512
B1255044531745N00324341EA015940173700512
K125504351025
B1255054531741N00324313EA015950174100512
B1255064531741N00324286EA015990174500512
B1255074531744N00324261EA016020174700512
B1255084531752N00324239EA016040174900512
B1255094531761N00324220EA016070175300512
B1255104531773N00324205EA016100175600512
B1255114531786N00324194EA016130175800512
B1255124531800N00324189EA016140175900512
B1255134531815N00324190EA016140175900512
B1255144531829N00324197EA016160176100512
B1255154531841N00324207EA016170176300512
B1255164531851N00324223EA016180176300512
B1255174531859N00324242EA016170176100512
B1255184531863N00324265EA016150176000512
B1255194531861N00324290EA016140175800512
B1255204531856N00324315EA016130175800512
B1255214531845N00324339EA016130175800512
B1255224531830N00324358EA016130175700512
B1255234531811N00324371EA016120175600512
B1255244531790N00324378EA016110175600512
B1255254531769N00324375EA016130175900512
B1255264531748N00324365EA016160176200512
B1255274531730N00324350EA016200176600512
B1255284531715N00324331EA016220177000512
B1255294531703N00324311EA016280177400512
B1255304531693N00324288EA016300177700512
B1255314531687N00324265EA016320177900512
B1255324531684N00324241EA016320177800512
B1255334531685N00324217EA016310177700512
B1255344531689N00324195EA016280177400512
B1255354531697N00324175EA016250177100512
B1255364531708N00324159EA016240177000512
B1255374531722N00324147EA016230177000512
B1255384531737N00324142EA016250177000512
LXNA::AVGSATSNR:38
B1255394531752N00324143EA016260177200512
B1255404531767N00324149EA016270177300512
B1255414531781N00324160EA016290177400512
B1255424531792N00324175EA016300177600512
B1255434531802N00324193EA016320177800512
B1255444531809N00324213EA016350178100512
B1255454531812N00324235EA016380178300512
B1255464531812N00324257EA016390178300512
K125546356023
B1255474531810N00324281EA016400178500512
B1255484531805N00324303EA016400178600512
B1255494531799N00324326EA016410178700512
B1255504531791N00324347EA016420178800512
B1255514531781N00324368EA016420178700512
B1255524531769N00324387EA016410178700512
B1255534531755N00324403EA016400178700512
B1255544531739N00324416EA016420178800512
B1255554531721N00324426EA016420178900512
B1255564531702N00324430EA016430178900512
B1255574531682N00324428EA016430178800512
B1255584531663N00324421EA016410178700512
B1255594531644N00324409EA016410178700512
B1256004531629N00324391EA016410178800512
F125600030417190906110721
B1256014531616N00324370EA016410178800512
B1256024531608N00324345EA016410178700512
B1256034531604N00324318EA016400178500512
B1256044531605N00324290EA016380178300512
B1256054531611N00324265EA016360178200512
B1256064531621N00324243EA016360178200512
B1256074531635N00324227EA016360178200512
B1256084531652N00324219EA016370178300512
B1256094531669N00324217EA016390178500512
B1256104531685N00324221EA016410178700512
B1256114531701N00324231EA016430178900512
B1256124531714N00324244EA016450179200512
K125612010018
B1256134531725N00324261EA016480179400512
B1256144531734N00324281EA016490179600512
B1256154531740N00324304EA016510179700512
B1256164531743N00324328EA016520179800512
B1256174531744N00324352EA016540180100512
B1256184531743N00324376EA016560180300512
B1256194531739N00324400EA016580180500512
B1256204531733N00324423EA016600180700512
K125620016018
B1256214531724N00324444EA016610180700512
B1256224531712N00324464EA016600180600512
B1256234531697N00324480EA016610180600512
B1256244531679N00324492EA016600180700512
B1256254531660N00324499EA016610180900512
B1256264531641N00324503EA016620181000512
B1256274531621N00324501EA016630181000512
B1256284531602N00324493EA016620180900512
B1256294531585N00324479EA016600180600512
B1256304531570N00324460EA016570180500512
B1256314531559N00324436EA016560180500512
B1256324531553N00324409EA016570180600512
B1256334531552N00324382EA016600180800512
B1256344531556N00324356EA016620180900512
B1256354531564N00324333EA016630181000512
B1256364531577N00324315EA016630181000512
B1256374531592N00324302EA016650181100512
B1256384531609N00324296EA016660181400512
B1256394531626N00324295EA016690181800512
LXNA::AVGSATSNR:39
B1256404531642N00324298EA016720182100512
K125640022016
B1256414531658N00324303EA016740182300512
B1256424531672N00324313EA016760182400512
B1256434531684N00324328EA016770182400512
B1256444531693N00324348EA016770182400512
B1256454531698N00324371EA016770182500512
B1256464531700N00324396EA016790182600512
B1256474531699N00324421EA016780182600512
B1256484531695N00324447EA016780182500512
B1256494531687N00324471EA016780182500512
B1256504531675N00324493EA016770182600512
B1256514531661N00324511EA016780182600512
B1256524531643N00324525EA016800182600512
B1256534531624N00324532EA016800182700512
B1256544531604N00324532EA016800182700512
B1256554531584N00324527EA016800182800512
B1256564531565N00324515EA016810182800512
B1256574531549N00324498EA016790182700512
B1256584531536N00324476EA016780182500512
B1256594531527N00324450EA016760182400512
B1257004531523N00324423EA016770182400512
B1257014531524N00324395EA016780182600512
B1257024531530N00324370EA016790182600512
B1257034531540N00324347EA016810182700512
B1257044531552N00324328EA016810182900512
B1257054531566N00324312EA016820183000512
B1257064531581N00324300EA016840183200512
B1257074531597N00324292EA016860183400512
B1257084531614N00324287EA016870183600512
B1257094531630N00324286EA016890183800512
B1257104531646N00324290EA016920183900512
B1257114531660N00324299EA016930184000512
B1257124531673N00324313EA016930184000512
B1257134531683N00324332EA016920183900512
B1257144531691N00324353EA016890183700512
B1257154531696N00324378EA016870183400512
B1257164531697N00324403EA016840183200512
B1257174531695N00324430EA016820183000512
B1257184531689N00324457EA016810182800512
B1257194531680N00324482EA016790182500512
B1257204531666N00324504EA016770182200512
LXNA::BAT:charging,100%,4.251V,66mA
B1257214531650N00324523EA016750182200512
B1257224531632N00324537EA016760182400512
B1257234531612N00324548EA016780182700512
B1257244531593N00324556EA016810182900512
B1257254531573N00324558EA016840183200512
B1257264531553N00324554EA016870183400512
B1257274531535N00324544EA016890183700512
B1257284531519N00324530EA016920184000512
B1257294531504N00324512EA016940184300512
B1257304531492N00324493EA016980184700512
B1257314531480N00324473EA017000184900512
B1257324531469N00324453EA016990184800512
B1257334531459N00324432EA016970184600512
B1257344531451N00324409EA016950184300512
B1257354531446N00324385EA016930184100512
B1257364531444N00324359EA016910183800512
B1257374531447N00324333EA016880183500512
B1257384531455N00324309EA016850183200512
B1257394531466N00324289EA016820183000512
B1257404531480N00324274EA016800182800512
LXNA::AVGSATSNR:38
B1257414531497N00324265EA016790182700512
B1257424531515N00324262EA016800182700512
K125742016013
B1257434531532N00324267EA016820182900512
B1257444531548N00324277EA016850183300512
B1257454531561N00324292EA016880183700512
B1257464531572N00324311EA016920184000512
B1257474531579N00324333EA016940184200512
B1257484531584N00324356EA016940184100512
B1257494531585N00324381EA016920183900512
B1257504531582N00324407EA016910183700512
B1257514531577N00324433EA016880183500512
B1257524531570N00324458EA016860183400512
B1257534531560N00324482EA016840183200512
B1257544531549N00324504EA016830183100512
B1257554531535N00324524EA016840183100512
B1257564531519N00324540EA016820182900512
B1257574531502N00324555EA016820182900512
B1257584531484N00324568EA016840183100512
B1257594531467N00324580EA016860183400512
B1258004531449N00324591EA016880183500512
B1258014531431N00324602EA016890183600512
B1258024531413N00324612EA016900183700512
B1258034531395N00324622EA016920183700512
B1258044531377N00324634EA016920183700512
B1258054531361N00324649EA016920183700512
K125805003008
B1258064531345N00324666EA016900183700512
B1258074531331N00324685EA016900183600512
B1258084531318N00324706EA016890183500512
B1258094531307N00324729EA016890183500512
B1258104531298N00324754EA016890183500512
B1258114531292N00324780EA016880183600512
B1258124531288N00324807EA016880183600512
B1258134531286N00324835EA016870183500512
B1258144531285N00324862EA016870183500512
B1258154531285N00324889EA016870183600512
B1258164531287N00324915EA016860183500512
B1258174531288N00324941EA016840183200512
B1258184531290N00324968EA016820182900512
B1258194531293N00324994EA016800182700512
B1258204531296N00325021EA016790182500512
B1258214531299N00325049EA016760182300512
B1258224531303N00325077EA016750182100512
B1258234531307N00325105EA016760182000512
B1258244531312N00325134EA016760182200512
B1258254531317N00325162EA016800182700512
B1258264531322N00325190EA016830183200512
B1258274531328N00325217EA016890183700512
B1258284531334N00325243EA016940184300512
B1258294531340N00325268EA017000184800512
B1258304531343N00325294EA017060185300512
B1258314531343N00325321EA017090185700512
B1258324531337N00325347EA017120186000512
B1258334531327N00325372EA017120186000512
B1258344531313N00325393EA017110185900512
B1258354531295N00325408EA017100185700512
B1258364531275N00325415EA017080185600512
B1258374531254N00325414EA017080185600512
B1258384531235N00325404EA017080185600512
B1258394531218N00325388EA017060185400512
B1258404531206N00325366EA017030185200512
B1258414531198N00325341EA017020185000512
LXNA::AVGSATSNR:37
B1258424531194N00325315EA017020185000512
B1258434531194N00325289EA017040185400512
B1258444531196N00325265EA017080185900512
B1258454531202N00325242EA017130186400512
B1258464531210N00325222EA017180186700512
B1258474531219N00325204EA017220187100512
B1258484531230N00325188EA017250187500512
B1258494531242N00325176EA017290187900512
B1258504531256N00325169EA017330188200512
B1258514531271N00325167EA017340188300512
B1258524531286N00325172EA017340188300512
B1258534531300N00325183EA017330188200512
B1258544531311N00325200EA017330188300512
B1258554531319N00325222EA017340188400512
B1258564531324N00325246EA017350188400512
B1258574531324N00325272EA017350188300512
B1258584531318N00325298EA017350188200512
B1258594531308N00325321EA017330188100512
B1259004531293N00325342EA017320188100512
K125900358021
B1259014531275N00325356EA017320188000512
B1259024531256N00325363EA017320188100512
B1259034531235N00325363EA017320188100512
B1259044531216N00325354EA017340188300512
B1259054531199N00325339EA017370188700512
B1259064531184N00325321EA017410189200512
B1259074531173N00325300EA017480189900512
B1259084531165N00325278EA017540190400512
B1259094531161N00325254EA017590190900512
B1259104531161N00325231EA017610191200512
B1259114531164N00325208EA017620191300512
B1259124531171N00325188EA017640191500512
B1259134531181N00325172EA017670191700512
B1259144531194N00325160EA017690191900512
B1259154531208N00325155EA017710192100512
B1259164531224N00325156EA017730192200512
B1259174531238N00325164EA017740192400512
B1259184531250N00325179EA017760192600512
B1259194531259N00325198EA017780192800512
B1259204531264N00325221EA017790192800512
B1259214531264N00325246EA017780192800512
B1259224531258N00325271EA017770192700512
B1259234531248N00325295EA017740192400512
B1259244531234N00325315EA017710191900512
B1259254531215N00325330EA017680191700512
B1259264531195N00325339EA017680191900512
B1259274531173N00325341EA017710192300612
B1259284531153N00325335EA017770192600612
B1259294531134N00325324EA017790193000612
B1259304531118N00325307EA017830193400612
B1259314531105N00325286EA017870193800512
B1259324531094N00325264EA017890194200512
B1259334531086N00325240EA017930194500512
B1259344531082N00325216EA017950194700512
K125934353020
B1259354531082N00325192EA017970194900512
B1259364531086N00325169EA018000195100512
B1259374531096N00325151EA018030195400512
B1259384531108N00325137EA018060195600512
B1259394531122N00325128EA018070195800512
B1259404531138N00325126EA018090196000512
B1259414531153N00325130EA018090196100512
B1259424531167N00325142EA018100196200512
LXNA::AVGSATSNR:40
B1259434531178N00325160EA018120196300512
B1259444531185N00325182EA018130196400512
B1259454531188N00325207EA018150196600512
B1259464531184N00325233EA018180196900612
B1259474531177N00325258EA018190197200612
B1259484531165N00325280EA018210197300612
B1259494531150N00325298EA018210197300612
B1259504531132N00325310EA018210197200612
B1259514531112N00325316EA018210197300612
B1259524531091N00325316EA018230197700612
B1259534531071N00325311EA018260198000612
B1259544531052N00325301EA018280198200612
B1259554531036N00325287EA018300198400612
B1259564531023N00325267EA018320198700512
B1259574531014N00325245EA018340198900512
B1259584531008N00325220EA018360199000512
B1259594531007N00325195EA018370199000512
B1300004531010N00325171EA018390199200512
B1300014531015N00325148EA018400199500512
B1300024531024N00325127EA018430199700512
B1300034531035N00325111EA018440199700512
B1300044531049N00325099EA018450199700512
F1300040304171909061107
B1300054531065N00325094EA018430199600512
B1300064531081N00325094EA018430199400512
B1300074531098N00325099EA018410199400512
B1300084531113N00325112EA018410199300512
B1300094531125N00325130EA018400199200512
B1300104531133N00325154EA018400199300512
B1300114531136N00325180EA018410199400512
B1300124531135N00325208EA018430199600512
B1300134531128N00325236EA018450199900512
B1300144531117N00325261EA018480200200512
B1300154531103N00325282EA018500200400512
B1300164531085N00325299EA018500200500512
B1300174531065N00325310EA018500200500512
B1300184531044N00325314EA018520200500512
K130018351018
B1300194531022N00325309EA018510200500512
B1300204531003N00325297EA018510200700512
B1300214530986N00325279EA018530200900512
LXNA::BAT:charging,100%,4.251V,60mA
B1300224530973N00325256EA018540201000512
B1300234530964N00325230EA018550200900512
B1300244530960N00325202EA018550200900512
B1300254530961N00325174EA018550201000512
B1300264530967N00325147EA018560201200512
B1300274530975N00325122EA018570201300512
B1300284530986N00325099EA018600201500512
B1300294531000N00325083EA018620201600512
B1300304531018N00325075EA018650201900512
B1300314531036N00325074EA018690202200512
B1300324531054N00325079EA018710202500512
B1300334531070N00325088EA018730202800512
B1300344531085N00325103EA018750203200512
B1300354531095N00325123EA018770203400512
B1300364531102N00325147EA018770203300512
B1300374531103N00325173EA018770203100512
B1300384531100N00325202EA018760203100512
B1300394531092N00325229EA018770203100512
B1300404531080N00325253EA018770203300512
B1300414531063N00325273EA018780203400512
B1300424531044N00325288EA018790203400512
B1300434531023N00325297EA018790203300512
LXNA::AVGSATSNR:39
B1300444531001N00325298EA018790203200512
B1300454530979N00325291EA018790203300512
B1300464530960N00325277EA018810203500512
B1300474530944N00325258EA018840203900512
K130047356016
B1300484530932N00325235EA018880204300512
B1300494530925N00325210EA018920204600512
B1300504530922N00325184EA018930204700512
B1300514530923N00325158EA018930204600512
B1300524530926N00325134EA018920204700512
B1300534530934N00325111EA018920204800512
B1300544530945N00325092EA018940204900512
B1300554530959N00325078EA018950204900512
B1300564530974N00325069EA018950205000512
B1300574530990N00325064EA018960205100512
B1300584531006N00325062EA018980205400512
B1300594531023N00325063EA018990205600512
B1301004531038N00325067EA019010205700512
B1301014531053N00325075EA019030205800512
B1301024531066N00325088EA019030205900512
K130102351015
B1301034531077N00325105EA019030205800512
B1301044531086N00325125EA019030205800512
B1301054531091N00325148EA019030205800512
B1301064531092N00325173EA019030205800512
B1301074531089N00325199EA019030205700512
B1301084531081N00325224EA019020205700512
B1301094531069N00325247EA019020205800512
B1301104531055N00325266EA019040206000512
B1301114531038N00325282EA019070206400512
B1301124531020N00325293EA019100206700512
B1301134531001N00325300EA019120206800512
B1301144530981N00325302EA019130206800512
B1301154530962N00325297EA019120206800512
B1301164530943N00325288EA019120206900512
B1301174530926N00325273EA019130207000512
B1301184530912N00325256EA019140207100512
B1301194530901N00325235EA019150207100512
B1301204530893N00325211EA019140207000512
B1301214530890N00325186EA019140206900512
B1301224530891N00325161EA019120206800512
B1301234530894N00325136EA019110206700512
B1301244530900N00325113EA019100206700512
B1301254530907N00325091EA019100206600512
B1301264530916N00325071EA019100206600512
B1301274530927N00325054EA019100206600512
K130127356015
B1301284530940N00325039EA019110206800512
B1301294530953N00325025EA019130207100512
B1301304530966N00325012EA019160207300512
B1301314530980N00325001EA019160207300512
B1301324530995N00324992EA019150207200512
B1301334531010N00324986EA019150207200512
B1301344531026N00324984EA019170207300512
B1301354531042N00324988EA019170207400512
B1301364531056N00324997EA019190207500512
B1301374531069N00325010EA019180207400512
B1301384531079N00325029EA019170207300512
B1301394531084N00325052EA019160207200512
B1301404531086N00325077EA019160207200512
B1301414531083N00325103EA019170207300512
B1301424531077N00325127EA019190207500512
B1301434531068N00325150EA019200207600512
B1301444531055N00325170EA019210207600512
LXNA::AVGSATSNR:39
B1301454531039N00325186EA019200207500512
B1301464531021N00325197EA019180207200512
B1301474531000N00325203EA019150207000512
B1301484530979N00325201EA019130206800612
B1301494530958N00325193EA019110206600612
B1301504530939N00325179EA019100206700612
B1301514530922N00325161EA019110206800512
B1301524530909N00325138EA019130207000512
B1301534530901N00325112EA019160207200512
B1301544530898N00325086EA019190207400512
B1301554530899N00325059EA019220207800512
B1301564530901N00325034EA019240208200512
B1301574530906N00325010EA019270208500512
B1301584530913N00324989EA019290208600512
B1301594530923N00324970EA019290208500512
B1302004530935N00324955EA019280208500512
B1302014530948N00324943EA019290208600512
B1302024530962N00324933EA019300208700512
B1302034530977N00324927EA019300208800512
B1302044530992N00324925EA019310208700512
B1302054531007N00324927EA019300208700512
B1302064531021N00324933EA019300208700512
B1302074531035N00324942EA019300208700512
B1302084531047N00324955EA019300208700512
B1302094531057N00324971EA019300208700512
B1302104531064N00324991EA019300208600512
B1302114531068N00325013EA019310208700512
B1302124531068N00325036EA019310208900512
B1302134531066N00325059EA019320208900512
B1302144531061N00325082EA019300208700512
B1302154531054N00325104EA019290208500512
B1302164531043N00325123EA019250208100512
B1302174531029N00325141EA019230207900512
B1302184531013N00325154EA019200207600512
B1302194530995N00325165EA019200207600512
B1302204530976N00325172EA019210207600512
B1302214530956N00325178EA019220207700512
B1302224530937N00325184EA019220207800512
B1302234530917N00325192EA019230207900512
B1302244530899N00325202EA019240207900512
B1302254530881N00325215EA019220207800512
B1302264530864N00325230EA019180207500512
K130226005018
B1302274530847N00325247EA019170207300512
B1302284530831N00325266EA019170207300512
B1302294530818N00325288EA019170207500512
B1302304530805N00325311EA019180207600512
B1302314530795N00325334EA019200207800512
B1302324530785N00325358EA019230208000512
B1302334530778N00325383EA019230208200512
B1302344530771N00325408EA019250208400512
B1302354530766N00325432EA019260208500512
B1302364530762N00325457EA019260208600512
B1302374530759N00325482EA019280208700512
B1302384530756N00325507EA019290208800512
B1302394530754N00325531EA019290208800512
B1302404530752N00325555EA019300208800512
B1302414530752N00325579EA019290208700512
B1302424530751N00325603EA019270208500512
B1302434530751N00325627EA019250208300512
B1302444530751N00325651EA019220207900512
B1302454530751N00325676EA019180207500512
LXNA::AVGSATSNR:40
B1302464530751N00325702EA019160207300512
B1302474530750N00325728EA019140207100512
B1302484530750N00325754EA019120206900512
B1302494530749N00325781EA019100206800512
B1302504530748N00325808EA019110206800512
B1302514530747N00325835EA019110206900512
B1302524530744N00325862EA019120207100512
B1302534530741N00325890EA019130207200512
B1302544530738N00325916EA019150207400512
B1302554530734N00325943EA019150207300512
B1302564530730N00325969EA019160207400512
B1302574530727N00325996EA019160207500512
B1302584530723N00326022EA019190207700512
B1302594530719N00326048EA019220208000512
B1303004530715N00326073EA019250208400512
B1303014530710N00326097EA019300208800512
B1303024530705N00326120EA019340209200512
B1303034530700N00326142EA019360209500512
B1303044530696N00326164EA019390209800512
B1303054530691N00326185EA019410209900512
F130305030417190906110721
B1303064530687N00326207EA019420210000512
B1303074530684N00326228EA019410209900512
B1303084530680N00326250EA019410209800512
B1303094530676N00326272EA019420210000512
B1303104530673N00326294EA019430210200512
B1303114530669N00326317EA019450210400512
B1303124530666N00326339EA019460210500512
B1303134530663N00326361EA019470210700512
B1303144530660N00326384EA019490210800512
B1303154530657N00326406EA019500211000512
B1303164530653N00326429EA019510211100512
B1303174530650N00326451EA019530211300512
B1303184530647N00326474EA019540211400512
B1303194530643N00326498EA019550211500512
B1303204530640N00326521EA019560211600512
B1303214530637N00326545EA019570211800512
B1303224530634N00326569EA019590212000512
LXNA::BAT:charging,100%,4.250V,54mA
B1303234530631N00326592EA019600212100512
B1303244530629N00326616EA019610212100512
B1303254530625N00326640EA019600212100512
B1303264530619N00326664EA019600212100512
B1303274530609N00326686EA019600212000512
B1303284530596N00326704EA019590211900512
B1303294530579N00326718EA019570211700512
B1303304530559N00326725EA019550211400512
B1303314530539N00326724EA019510211100612
B1303324530518N00326717EA019480210700612
B1303334530499N00326702EA019440210400612
B1303344530482N00326682EA019440210300612
B1303354530469N00326658EA019450210400512
B1303364530460N00326632EA019470210700512
B1303374530455N00326605EA019510211100512
B1303384530454N00326578EA019540211400512
B1303394530457N00326553EA019550211500512
B1303404530462N00326530EA019560211500512
B1303414530470N00326509EA019570211600512
B1303424530480N00326489EA019590212000512
B1303434530489N00326471EA019620212300512
B1303444530499N00326454EA019640212500512
B1303454530511N00326440EA019660212600512
B1303464530524N00326430EA019660212600512
LXNA::AVGSATSNR:38
B1303474530538N00326425EA019660212400512
B1303484530553N00326426EA019620212000512
B1303494530569N00326433EA019590211600512
B1303504530582N00326449EA019560211300512
B1303514530591N00326470EA019550211300512
B1303524530596N00326496EA019560211500512
B1303534530596N00326522EA019580211700512
B1303544530590N00326549EA019600211900612
B1303554530579N00326573EA019600211800612
B1303564530565N00326593EA019590211700612
B1303574530547N00326610EA019580211600612
B1303584530527N00326620EA019570211700612
B1303594530505N00326624EA019590211900612
B1304004530484N00326621EA019610212000612
B1304014530464N00326610EA019620212000612
B1304024530445N00326594EA019610211900612
B1304034530430N00326571EA019590211800512
B1304044530421N00326544EA019590211800512
B1304054530416N00326515EA019570211700512
B1304064530416N00326486EA019580211700612
B1304074530422N00326459EA019590212000512
B1304084530430N00326435EA019620212300512
B1304094530440N00326414EA019650212600512
B1304104530452N00326397EA019670212800512
B1304114530466N00326384EA019680212900512
B1304124530482N00326377EA019700212800512
B1304134530499N00326375EA019690212700512
B1304144530515N00326379EA019700212900512
B1304154530531N00326387EA019730213500512
K130415020025
B1304164530545N00326397EA019780214000512
B1304174530559N00326407EA019820214400512
B1304184530572N00326419EA019850214600512
B1304194530581N00326435EA019860214700512
B1304204530587N00326456EA019870214600512
B1304214530588N00326479EA019860214500512
B1304224530584N00326503EA019850214400512
B1304234530576N00326525EA019830214300512
B1304244530563N00326546EA019820214200512
B1304254530547N00326562EA019810214000512
B1304264530528N00326572EA019790213700512
B1304274530507N00326575EA019770213500512
B1304284530485N00326572EA019740213400512
B1304294530465N00326563EA019750213400612
B1304304530446N00326548EA019760213600612
B1304314530431N00326528EA019770213800612
B1304324530418N00326505EA019790214000512
B1304334530409N00326480EA019810214200512
B1304344530403N00326453EA019820214400512
B1304354530400N00326427EA019830214400512
B1304364530400N00326401EA019840214500612
B1304374530404N00326377EA019840214500612
B1304384530412N00326355EA019820214200512
B1304394530423N00326337EA019810213900512
B1304404530437N00326322EA019780213700512
B1304414530453N00326313EA019770213700512
B1304424530469N00326311EA019780213800512
B1304434530486N00326314EA019800213900512
B1304444530501N00326323EA019810214100512
B1304454530515N00326336EA019840214300512
B1304464530527N00326351EA019860214700512
K130446022023
B1304474530538N00326367EA019890215000512
LXNA::AVGSATSNR:39
B1304484530549N00326383EA019910215100512
B1304494530558N00326400EA019910215200512
B1304504530566N00326419EA019920215300512
B1304514530572N00326440EA019920215300512
B1304524530574N00326463EA019920215200512
B1304534530572N00326487EA019900215000512
B1304544530566N00326511EA019880214800512
B1304554530555N00326534EA019860214700512
B1304564530541N00326555EA019850214600512
B1304574530524N00326572EA019850214700512
B1304584530505N00326583EA019860214700512
B1304594530484N00326589EA019880214900512
B1305004530464N00326588EA019890215100512
B1305014530444N00326581EA019920215400512
B1305024530426N00326570EA019940215600512
B1305034530410N00326554EA019940215600512
B1305044530398N00326534EA019930215500512
K130504024020
B1305054530389N00326510EA019920215300512
B1305064530383N00326485EA019900215100512
B1305074530382N00326459EA019890215000612
B1305084530385N00326434EA019890215100512
B1305094530390N00326410EA019910215300512
B1305104530397N00326389EA019940215600512
B1305114530406N00326369EA019960215900512
B1305124530416N00326351EA020000216200512
B1305134530426N00326334EA020010216300512
B1305144530437N00326318EA020020216400512
B1305154530449N00326303EA020030216400512
B1305164530460N00326289EA020020216400512
B1305174530472N00326275EA020020216400512
B1305184530484N00326261EA020020216500512
B1305194530497N00326250EA020020216400512
B1305204530511N00326241EA020010216300512
K130520019020
B1305214530526N00326236EA020000216100512
B1305224530541N00326235EA019980215900512
B1305234530556N00326238EA019970215800512
B1305244530572N00326242EA019950215600512
B1305254530587N00326249EA019950215600512
B1305264530601N00326257EA019950215600512
B1305274530615N00326268EA019960215700512
B1305284530627N00326282EA019970215900512
B1305294530636N00326299EA019990216000512
B1305304530644N00326319EA020000216100512
B1305314530648N00326342EA020000216100512
B1305324530648N00326366EA019990216000512
B1305334530645N00326392EA019990216000512
B1305344530638N00326416EA019990216000512
B1305354530627N00326440EA019980215900512
B1305364530614N00326462EA019980215900512
B1305374530599N00326481EA019980216000512
B1305384530581N00326496EA020000216200512
B1305394530562N00326508EA020020216400512
B1305404530542N00326514EA020040216600512
B1305414530522N00326516EA020050216700512
B1305424530501N00326511EA020060216800512
B1305434530483N00326501EA020080216900512
B1305444530466N00326485EA020090216900512
B1305454530451N00326465EA020070216900512
B1305464530439N00326442EA020060216800512
B1305474530430N00326418EA020050216800512
B1305484530422N00326393EA020060216900512
LXNA::AVGSATSNR:40
B1305494530418N00326367EA020060216800512
B1305504530417N00326341EA020050216600512
B1305514530419N00326315EA020030216400512
B1305524530425N00326292EA020010216200512
B1305534530434N00326272EA019990216000512
B1305544530446N00326256EA019980215800512
B1305554530460N00326245EA019940215400512
B1305564530476N00326239EA019910215100512
B1305574530492N00326239EA019880214800512
B1305584530508N00326244EA019870214600512
B1305594530523N00326253EA019860214600512
B1306004530536N00326268EA019870214800512
B1306014530547N00326286EA019900214900512
K130601012020
B1306024530557N00326305EA019920215200512
B1306034530565N00326326EA019960215700512
B1306044530572N00326346EA020000216100512
B1306054530579N00326367EA020030216500512
B1306064530586N00326387EA020070216800512
F1306060304190906110721
B1306074530592N00326407EA020090217000512
B1306084530598N00326428EA020100217100512
B1306094530603N00326449EA020100217100512
B1306104530605N00326473EA020090216900512
B1306114530603N00326498EA020070216700512
B1306124530596N00326522EA020060216600512
B1306134530583N00326542EA020070216800512
B1306144530566N00326556EA020090216900612
B1306154530547N00326564EA020100216900612
B1306164530526N00326565EA020100217000612
B1306174530505N00326559EA020100217100612
B1306184530486N00326546EA020100217100612
B1306194530470N00326528EA020100217100612
B1306204530457N00326505EA020100217000512
B1306214530448N00326479EA020100217100512
B1306224530446N00326452EA020120217300512
B1306234530449N00326426EA020150217600512
LXNA::BAT:charging,100%,4.250V,48mA
B1306244530456N00326403EA020180218000512
B1306254530466N00326384EA020190218100512
B1306264530479N00326369EA020200218100512
B1306274530494N00326359EA020200218200512
B1306284530509N00326354EA020220218400512
B1306294530525N00326354EA020250218600512
B1306304530540N00326362EA020270218800512
B1306314530553N00326376EA020290219000512
B1306324530562N00326396EA020300219000512
B1306334530567N00326420EA020300219100512
B1306344530568N00326445EA020310219400512
B1306354530563N00326470EA020330219600512
B1306364530554N00326493EA020340219700612
B1306374530539N00326511EA020340219700612
B1306384530521N00326522EA020350219700612
B1306394530501N00326527EA020350219800612
B1306404530481N00326523EA020350219800612
B1306414530461N00326512EA020360219800612
B1306424530444N00326496EA020340219600612
B1306434530429N00326475EA020330219600512
B1306444530420N00326449EA020340219600612
B1306454530415N00326421EA020330219600512
B1306464530414N00326394EA020350219800512
B1306474530417N00326368EA020380220200512
B1306484530422N00326344EA020420220500512
B1306494530429N00326322EA020430220700512
LXNA::AVGSATSNR:39
B1306504530439N00326303EA020450220900512
B1306514530451N00326289EA020460220900512
B1306524530465N00326279EA020480221000512
B1306534530480N00326273EA020460221000512
B1306544530495N00326274EA020460220800512
B1306554530510N00326282EA020470220800512
B1306564530523N00326298EA020500221200512
B1306574530531N00326319EA020540221700512
B1306584530536N00326341EA020570222100512
B1306594530537N00326365EA020600222300512
B1307004530534N00326389EA020610222300512
B1307014530527N00326411EA020590222100612
B1307024530515N00326432EA020570221900612
B1307034530500N00326447EA020570221900612
B1307044530482N00326457EA020580222200612
B1307054530463N00326461EA020610222500612
B1307064530443N00326459EA020640222800612
B1307074530425N00326451EA020650222900612
B1307084530409N00326437EA020660222900612
B1307094530395N00326418EA020660223000512
B1307104530385N00326395EA020660223000512
B1307114530380N00326371EA020670223200512
B1307124530379N00326346EA020680223300512
B1307134530383N00326322EA020680223200512
B1307144530391N00326302EA020680223100512
B1307154530403N00326285EA020690223100512
B1307164530417N00326274EA020680223300512
K130716011017
B1307174530433N00326265EA020690223500512
B1307184530448N00326261EA020710223600512
B1307194530464N00326260EA020720223700512
B1307204530480N00326265EA020730223700512
B1307214530494N00326277EA020750223900512
B1307224530506N00326292EA020750224000512
B1307234530515N00326311EA020760224100512
B1307244530520N00326334EA020770224100512
B1307254530522N00326358EA020750224000512
B1307264530519N00326383EA020740223700512
B1307274530511N00326408EA020720223600512
B1307284530499N00326429EA020710223500512
B1307294530483N00326447EA020700223500512
B1307304530465N00326459EA020710223500512
B1307314530445N00326465EA020710223500512
B1307324530425N00326463EA020710223500512
B1307334530405N00326454EA020710223500512
B1307344530387N00326438EA020720223700512
B1307354530371N00326419EA020730223900612
B1307364530359N00326397EA020750224200512
B1307374530349N00326373EA020770224400512
B1307384530344N00326347EA020780224400512
B1307394530342N00326320EA020780224400512
B1307404530346N00326295EA020780224300512
B1307414530354N00326273EA020770224200512
B1307424530365N00326254EA020760224100512
B1307434530380N00326240EA020750224100512
B1307444530395N00326230EA020740224000512
B1307454530412N00326225EA020740223900512
B1307464530430N00326225EA020730223800512
B1307474530447N00326231EA020710223600512
B1307484530464N00326242EA020710223700512
B1307494530479N00326256EA020730223900512
B1307504530492N00326272EA020750224200512
LXNA::AVGSATSNR:40
B1307514530505N00326289EA020770224500512
B1307524530517N00326307EA020800224700512
B1307534530527N00326326EA020820224800512
B1307544530537N00326345EA020830224900512
B1307554530546N00326365EA020840225000512
B1307564530553N00326386EA020840224900512
B1307574530559N00326408EA020830224700512
B1307584530564N00326431EA020800224500512
K130758008014
B1307594530567N00326455EA020770224100512
B1308004530569N00326480EA020730223700512
B1308014530569N00326506EA020670223100512
B1308024530569N00326533EA020610222400512
B1308034530567N00326561EA020540221600512
B1308044530564N00326590EA020470221000512
B1308054530559N00326620EA020430220600512
B1308064530553N00326649EA020410220400512
B1308074530546N00326678EA020420220500512
B1308084530538N00326707EA020430220800512
B1308094530529N00326735EA020460221000512
B1308104530520N00326763EA020470221200512
B1308114530510N00326789EA020490221300512
B1308124530501N00326816EA020500221500512
B1308134530491N00326841EA020520221700512
B1308144530481N00326866EA020550221900512
B1308154530471N00326890EA020570222100512
B1308164530461N00326914EA020600222400512
B1308174530452N00326936EA020610222500512
B1308184530442N00326959EA020620222500512
B1308194530433N00326981EA020610222400512
B1308204530423N00327003EA020590222200512
B1308214530414N00327026EA020560221900512
B1308224530404N00327048EA020530221400512
B1308234530395N00327070EA020490221000512
B1308244530385N00327094EA020440220600512
B1308254530375N00327117EA020410220300512
B1308264530365N00327141EA020380220000512
B1308274530355N00327166EA020360219800512
B1308284530346N00327190EA020350219800512
B1308294530336N00327215EA020350219800512
B1308304530327N00327240EA020360219900512
B1308314530318N00327263EA020370220000512
B1308324530309N00327287EA020380220100512
B1308334530300N00327311EA020390220200512
B1308344530292N00327334EA020390220200512
B1308354530284N00327357EA020380220100512
B1308364530276N00327381EA020360219900512
B1308374530268N00327404EA020350219800512
B1308384530260N00327428EA020340219700512
B1308394530253N00327451EA020320219500512
B1308404530245N00327475EA020300219300512
B1308414530237N00327498EA020290219200512
B1308424530229N00327522EA020270219000512
B1308434530221N00327545EA020240218700512
B1308444530213N00327569EA020210218300512
B1308454530204N00327593EA020180218000512
B1308464530196N00327618EA020150217700512
B1308474530187N00327642EA020120217400512
B1308484530178N00327667EA020110217200512
B1308494530169N00327692EA020090217000512
B1308504530160N00327717EA020080217100512
B1308514530151N00327741EA020090217200512
LXNA::AVGSATSNR:39
B1308524530142N00327765EA020110217500512
B1308534530134N00327789EA020130217700512
B1308544530125N00327811EA020160217900512
B1308554530117N00327833EA020160217800512
B1308564530109N00327855EA020150217700512
B1308574530101N00327877EA020120217400512
B1308584530093N00327899EA020080216900512
B1308594530084N00327922EA020040216400512
B1309004530075N00327945EA020000216000512
B1309014530066N00327968EA019970215700512
B1309024530057N00327991EA019930215400512
B1309034530048N00328015EA019900215000512
B1309044530039N00328038EA019880214800512
B1309054530029N00328061EA019870214700512
B1309064530020N00328085EA019860214700512
B1309074530011N00328108EA019860214600512
B1309084530003N00328131EA019850214500512
B1309094529994N00328154EA019830214300512
B1309104529985N00328177EA019820214100512
B1309114529976N00328201EA019800213900512
B1309124529967N00328224EA019770213700512
B1309134529957N00328248EA019750213400512
B1309144529948N00328272EA019730213200512
B1309154529938N00328297EA019700212900512
B1309164529929N00328322EA019670212600512
B1309174529919N00328347EA019640212300512
B1309184529909N00328372EA019610212000512
B1309194529900N00328398EA019570211700512
B1309204529891N00328424EA019540211400512
B1309214529882N00328450EA019520211200512
B1309224529873N00328477EA019500211000512
B1309234529864N00328503EA019500210900512
B1309244529855N00328529EA019500210900512
LXNA::BAT:charging,100%,4.252V,48mA
B1309254529846N00328555EA019500210900512
B1309264529838N00328581EA019490210900512
B1309274529829N00328607EA019490210900512
B1309284529821N00328633EA019490210800512
B1309294529813N00328659EA019470210600512
B1309304529805N00328685EA019460210500512
B1309314529797N00328711EA019440210300512
B1309324529789N00328737EA019410210100512
B1309334529781N00328763EA019400209800512
B1309344529773N00328789EA019380209600512
B1309354529765N00328816EA019370209600512
B1309364529756N00328842EA019390209700512
B1309374529749N00328867EA019390209800512
B1309384529741N00328893EA019390209800512
B1309394529733N00328918EA019390209700512
B1309404529725N00328943EA019390209700512
B1309414529717N00328967EA019390209700512
B1309424529710N00328992EA019380209500512
B1309434529702N00329017EA019360209400512
B1309444529694N00329042EA019330209200512
B1309454529686N00329068EA019320209000512
B1309464529678N00329093EA019310208900512
B1309474529670N00329119EA019300208800512
F130947030419090611072130
B1309484529662N00329143EA019290208700512
B1309494529654N00329168EA019290208700512
B1309504529646N00329193EA019280208600512
B1309514529638N00329217EA019280208600512
B1309524529630N00329241EA019300208700512
LXNA::AVGSATSNR:40
B1309534529622N00329264EA019300208700512
B1309544529614N00329287EA019300208700512
B1309554529606N00329310EA019300208700512
B1309564529598N00329333EA019300208700512
B1309574529591N00329356EA019290208600512
B1309584529583N00329379EA019280208500512
B1309594529576N00329402EA019270208400512
B1310004529568N00329425EA019240208100512
B1310014529560N00329449EA019220207800512
B1310024529552N00329473EA019180207400512
B1310034529544N00329498EA019140207000512
B1310044529536N00329523EA019090206600512
B1310054529528N00329548EA019060206200512
B1310064529521N00329574EA019030205900512
B1310074529513N00329599EA019010205700512
B1310084529505N00329624EA019000205600512
B1310094529498N00329649EA019000205500512
B1310104529491N00329674EA018980205400512
B1310114529483N00329699EA018980205300512
B1310124529476N00329723EA018990205500512
B1310134529469N00329747EA019010205700512
B1310144529462N00329771EA019030205800512
B1310154529456N00329794EA019030205900512
B1310164529450N00329818EA019020205800512
B1310174529443N00329842EA019020205700512
B1310184529437N00329866EA019020205700512
B1310194529430N00329890EA019040205900512
B1310204529424N00329914EA019070206400512
B1310214529418N00329937EA019120206900512
B1310224529411N00329959EA019180207500512
B1310234529404N00329980EA019240208100512
B1310244529395N00329999EA019290208600512
B1310254529384N00330016EA019340209000512
B1310264529373N00330033EA019360209300512
B1310274529360N00330048EA019370209300512
B1310284529346N00330059EA019360209300512
B1310294529329N00330065EA019360209100512
B1310304529311N00330066EA019350209000512
B1310314529293N00330059EA019340208900512
B1310324529277N00330047EA019330208900512
B1310334529263N00330030EA019350209000512
B1310344529253N00330009EA019360209100512
B1310354529246N00329986EA019360209100512
B1310364529244N00329962EA019360209100512
B1310374529248N00329939EA019350209000512
B1310384529257N00329920EA019350209000512
B1310394529270N00329909EA019360209200512
B1310404529284N00329905EA019390209600512
B1310414529299N00329908EA019430209800512
B1310424529314N00329914EA019450210100512
B1310434529327N00329924EA019470210500512
B1310444529340N00329935EA019500210900512
B1310454529353N00329947EA019530211300512
B1310464529365N00329959EA019580211700512
B1310474529376N00329972EA019630212100512
B1310484529387N00329986EA019650212400512
B1310494529396N00330004EA019660212500512
B1310504529400N00330025EA019660212400512
B1310514529398N00330048EA019650212300512
B1310524529391N00330069EA019650212100512
B1310534529377N00330086EA019630211900512
LXNA::AVGSATSNR:39
B1310544529360N00330097EA019610211700512
B1310554529342N00330101EA019570211500512
K131055036012
B1310564529323N00330098EA019560211200512
B1310574529305N00330088EA019540210800512
B1310584529290N00330071EA019490210400512
B1310594529280N00330048EA019440209900512
B1311004529276N00330020EA019410209600512
B1311014529278N00329993EA019400209400512
B1311024529285N00329967EA019400209600512
B1311034529294N00329944EA019430210100512
B1311044529306N00329925EA019490210800512
B1311054529320N00329909EA019560211600512
B1311064529333N00329897EA019620212100512
B1311074529347N00329887EA019660212600512
B1311084529362N00329880EA019710213000512
B1311094529376N00329876EA019740213400512
B1311104529390N00329876EA019780213800512
B1311114529403N00329880EA019800213900512
B1311124529416N00329886EA019810214000512
B1311134529428N00329896EA019810213900512
B1311144529438N00329910EA019790213800512
B1311154529445N00329929EA019790213600512
B1311164529448N00329951EA019800213700512
B1311174529445N00329974EA019800213700512
B1311184529437N00329996EA019790213700512
B1311194529424N00330014EA019790213700512
B1311204529407N00330024EA019780213600512
B1311214529388N00330026EA019770213500512
B1311224529369N00330019EA019760213500512
B1311234529352N00330003EA019750213400512
B1311244529340N00329979EA019750213200512
B1311254529333N00329951EA019720213000512
B1311264529334N00329921EA019730213000512
B1311274529340N00329893EA019750213400512
K131127039019
B1311284529351N00329870EA019800214200512
B1311294529363N00329850EA019870215000512
B1311304529376N00329834EA019940215600512
B1311314529390N00329824EA020010216100512
B1311324529405N00329821EA020040216400512
B1311334529419N00329825EA020050216500512
B1311344529432N00329836EA020040216300512
B1311354529443N00329852EA020010216000512
B1311364529449N00329873EA019990215800512
B1311374529448N00329897EA020000216000512
B1311384529443N00329920EA020020216300512
B1311394529433N00329941EA020040216500512
B1311404529419N00329957EA020060216600512
B1311414529403N00329967EA020070216700512
B1311424529384N00329971EA020080216700512
B1311434529365N00329968EA020080216700512
B1311444529347N00329957EA020070216600512
B1311454529332N00329938EA020080216700512
B1311464529322N00329914EA020100217100512
B1311474529316N00329888EA020160217600512
B1311484529315N00329862EA020190218000512
B1311494529318N00329837EA020210218200512
B1311504529325N00329815EA020210218100512
B1311514529336N00329797EA020200218000512
B1311524529351N00329786EA020190218100512
B1311534529366N00329781EA020200218100512
B1311544529382N00329783EA020200218100512
LXNA::AVGSATSNR:39
B1311554529396N00329791EA020200218000512
B1311564529409N00329805EA020200217900512
B1311574529418N00329823EA020190218100512
B1311584529425N00329843EA020220218400512
B1311594529429N00329864EA020270218800512
B1312004529430N00329886EA020310219300512
B1312014529430N00329907EA020330219700512
B1312024529429N00329929EA020360220000512
B1312034529426N00329949EA020390220200512
B1312044529420N00329969EA020410220400512
B1312054529411N00329987EA020410220300512
B1312064529399N00330003EA020370220000512
B1312074529385N00330015EA020360219500512
B1312084529368N00330022EA020310219000512
B1312094529349N00330023EA020270218700512
B1312104529330N00330017EA020250218500512
B1312114529312N00330004EA020240218500512
B1312124529298N00329986EA020250218500512
B1312134529288N00329963EA020260218700512
B1312144529281N00329937EA020290219000512
B1312154529277N00329912EA020310219300512
B1312164529275N00329886EA020330219600512
B1312174529276N00329860EA020360219900512
K131217035017
B1312184529278N00329835EA020380220200512
B1312194529284N00329812EA020400220400512
B1312204529292N00329791EA020410220500512
B1312214529304N00329774EA020420220500512
B1312224529318N00329763EA020410220400512
B1312234529333N00329757EA020410220400512
B1312244529348N00329756EA020410220400512
B1312254529363N00329762EA020400220300512
LXNA::BAT:charging,100%,4.252V,48mA
B1312264529376N00329772EA020380220000512
B1312274529388N00329787EA020360219800512
B1312284529396N00329808EA020340219500512
B1312294529400N00329832EA020320219300512
B1312304529398N00329858EA020310219300512
B1312314529392N00329884EA020320219500512
B1312324529383N00329907EA020350220000512
B1312334529371N00329928EA020400220500512
B1312344529357N00329945EA020450221000512
B1312354529342N00329960EA020480221400512
B1312364529327N00329971EA020520221800512
B1312374529310N00329980EA020540221900512
B1312384529293N00329983EA020550221900512
B1312394529275N00329979EA020530221700512
B1312404529259N00329969EA020510221600512
K131240033014
B1312414529244N00329952EA020510221600512
B1312424529233N00329931EA020510221600512
B1312434529225N00329907EA020520221600512
B1312444529221N00329881EA020520221600512
B1312454529222N00329854EA020510221600512
B1312464529227N00329828EA020500221400512
B1312474529236N00329806EA020480221200512
B1312484529250N00329788EA020450220900512
F13124803041909061107262130
B1312494529267N00329778EA020440220800512
B1312504529286N00329776EA020450221100512
B1312514529303N00329782EA020480221400512
B1312524529318N00329794EA020510221700512
B1312534529330N00329812EA020520221700512
B1312544529338N00329834EA020520221500512
B1312554529342N00329859EA020490221100512
LXNA::AVGSATSNR:41
B1312564529341N00329887EA020460220900512
B1312574529334N00329914EA020450221000512
K131257038009
B1312584529323N00329938EA020480221400512
B1312594529309N00329958EA020530221900512
B1313004529294N00329974EA020580222300512
B1313014529277N00329985EA020600222600512
B1313024529259N00329991EA020620222600512
B1313034529240N00329990EA020620222500512
B1313044529222N00329982EA020600222400512
B1313054529206N00329969EA020600222500512
B1313064529192N00329951EA020620222700512
B1313074529180N00329930EA020640222800512
K131307029008
B1313084529172N00329905EA020640222900512
B1313094529169N00329879EA020650222900512
B1313104529170N00329852EA020640222700512
B1313114529176N00329827EA020640222700512
B1313124529185N00329804EA020640222900512
B1313134529198N00329785EA020670223200512
B1313144529212N00329770EA020700223400512
B1313154529228N00329762EA020720223600512
B1313164529244N00329759EA020730223700512
B1313174529260N00329763EA020740223600512
B1313184529275N00329774EA020730223700512
B1313194529287N00329789EA020730223800512
B1313204529297N00329809EA020750223900512
B1313214529303N00329831EA020750223800512
B1313224529306N00329855EA020730223600512
B1313234529304N00329881EA020710223400512
B1313244529297N00329906EA020690223400512
B1313254529287N00329930EA020700223600512
B1313264529274N00329949EA020730223900512
B1313274529259N00329964EA020740224000512
B1313284529241N00329974EA020750223900512
K131328019008
B1313294529223N00329977EA020740223800512
B1313304529204N00329973EA020740223700512
B1313314529186N00329963EA020740223700512
B1313324529170N00329950EA020740223900512
B1313334529155N00329933EA020760224100512
B1313344529142N00329913EA020770224200512
B1313354529132N00329891EA020770224300512
B1313364529124N00329866EA020770224300512
B1313374529121N00329840EA020770224200512
B1313384529122N00329814EA020790224300512
B1313394529127N00329789EA020800224600512
B1313404529135N00329766EA020820224700512
B1313414529146N00329747EA020820224700512
B1313424529160N00329732EA020820224800512
B1313434529175N00329721EA020830224800512
B1313444529192N00329717EA020820224700512
B1313454529208N00329720EA020810224600512
B1313464529223N00329729EA020810224400512
B1313474529237N00329743EA020790224400512
B1313484529247N00329762EA020790224300512
B1313494529254N00329784EA020790224200512
B1313504529258N00329809EA020780224100512
B1313514529258N00329835EA020760224000512
B1313524529255N00329862EA020750223900512
B1313534529250N00329889EA020740223800512
B1313544529243N00329915EA020730223800512
B1313554529235N00329940EA020730223800512
B1313564529226N00329965EA020720223700512
LXNA::AVGSATSNR:39
B1313574529216N00329987EA020720223700512
B1313584529204N00330008EA020720223800512
B1313594529190N00330026EA020720223800512
B1314004529175N00330040EA020720223700512
B1314014529158N00330051EA020700223400512
B1314024529141N00330059EA020660223000512
B1314034529123N00330064EA020620222500512
B1314044529105N00330068EA020570221900512
B1314054529087N00330070EA020500221200512
B1314064529068N00330070EA020450220700512
B1314074529048N00330068EA020410220400512
B1314084529029N00330063EA020370220100512
B1314094529010N00330057EA020350219800512
B1314104528992N00330050EA020320219500512
B1314114528974N00330042EA020290219200512
B1314124528957N00330034EA020270218800512
B1314134528940N00330025EA020230218500512
B1314144528922N00330016EA020200218200512
B1314154528905N00330007EA020180218000512
B1314164528887N00329997EA020170217800512
B1314174528869N00329986EA020170217800512
B1314184528851N00329975EA020160217700512
B1314194528832N00329963EA020160217700512
B1314204528814N00329951EA020160217800512
B1314214528795N00329938EA020180217900512
B1314224528778N00329925EA020190218200512
B1314234528760N00329911EA020230218500512
B1314244528743N00329898EA020260218900512
B1314254528726N00329885EA020290219200512
B1314264528710N00329873EA020310219400512
B1314274528693N00329861EA020310219400512
B1314284528677N00329848EA020320219500512
B1314294528661N00329835EA020350219700512
B1314304528645N00329822EA020380220100512
B1314314528628N00329810EA020410220400512
B1314324528612N00329799EA020430220500512
B1314334528596N00329788EA020430220500512
B1314344528580N00329775EA020410220300512
B1314354528566N00329758EA020380220100512
B1314364528555N00329736EA020360219700512
B1314374528547N00329711EA020320219400512
B1314384528545N00329684EA020290219100512
B1314394528549N00329657EA020260218800512
B1314404528558N00329632EA020240218600512
B1314414528572N00329612EA020230218500512
B1314424528589N00329599EA020220218300512
B1314434528607N00329590EA020200218000512
B1314444528627N00329586EA020180217700512
B1314454528646N00329587EA020160217900512
B1314464528665N00329592EA020190218100512
B1314474528681N00329601EA020220218400512
B1314484528696N00329613EA020230218500512
B1314494528710N00329628EA020240218600512
B1314504528722N00329644EA020230218600512
B1314514528734N00329660EA020240218600512
B1314524528744N00329678EA020240218600512
B1314534528754N00329697EA020240218700512
B1314544528761N00329716EA020260218900512
B1314554528767N00329736EA020270219100512
B1314564528772N00329756EA020280219000512
B1314574528775N00329778EA020260218900512
LXNA::AVGSATSNR:39
B1314584528777N00329800EA020240218600512
B1314594528777N00329823EA020220218400512
B1315004528775N00329847EA020200218100512
B1315014528771N00329872EA020180217900512
B1315024528764N00329896EA020180218000512
B1315034528757N00329920EA020210218400512
B1315044528748N00329944EA020260218900512
B1315054528740N00329966EA020300219300512
B1315064528730N00329987EA020340219700512
B1315074528719N00330006EA020360220000512
B1315084528706N00330023EA020380220100512
B1315094528690N00330036EA020370220000512
B1315104528673N00330043EA020360219800512
B1315114528654N00330044EA020340219600512
B1315124528635N00330038EA020330219500512
B1315134528619N00330025EA020340219600512
B1315144528604N00330008EA020350219900512
B1315154528594N00329987EA020380220000512
B1315164528586N00329964EA020380220000512
B1315174528582N00329939EA020370219900512
B1315184528582N00329914EA020350219600512
B1315194528586N00329890EA020310219200512
B1315204528594N00329869EA020280218900512
B1315214528607N00329852EA020260218700512
B1315224528621N00329839EA020260218800512
B1315234528637N00329830EA020280219100512
B1315244528652N00329822EA020300219400512
B1315254528667N00329816EA020330219700512
B1315264528682N00329810EA020350219900512
LXNA::BAT:charging,100%,4.251V,42mA
B1315274528697N00329803EA020360219900512
B1315284528711N00329795EA020360219900512
B1315294528725N00329786EA020370220000512
B1315304528738N00329775EA020370220000512
B1315314528750N00329762EA020380220200512
K131531019010
B1315324528761N00329748EA020410220400512
B1315334528771N00329732EA020430220600512
B1315344528780N00329715EA020450220700512
B1315354528788N00329698EA020450220800512
B1315364528797N00329681EA020430220600512
B1315374528806N00329664EA020410220300512
B1315384528816N00329648EA020390220000512
B1315394528828N00329636EA020360219800512
B1315404528841N00329628EA020350219800512
B1315414528855N00329624EA020350219700512
B1315424528870N00329625EA020340219600512
B1315434528883N00329630EA020330219500512
B1315444528896N00329640EA020310219300512
B1315454528907N00329654EA020300219100512
B1315464528915N00329672EA020280218900512
B1315474528921N00329693EA020260218700512
B1315484528923N00329716EA020260218600512
B1315494528922N00329741EA020270218800512
B1315504528919N00329765EA020290219300512
B1315514528915N00329788EA020350219800512
B1315524528910N00329811EA020390220200512
B1315534528905N00329833EA020420220400512
B1315544528898N00329854EA020410220300512
B1315554528889N00329873EA020370219900512
B1315564528878N00329891EA020320219300512
B1315574528863N00329903EA020270218700512
B1315584528845N00329911EA020230218300512
LXNA::AVGSATSNR:38
B1315594528826N00329913EA020220218200512
B1316004528807N00329913EA020210218000512
B1316014528788N00329912EA020200218000512
B1316024528769N00329911EA020200218100512
B1316034528750N00329908EA020220218400512
B1316044528731N00329903EA020220218600512
B1316054528713N00329893EA020240218700512
B1316064528698N00329879EA020260219000512
B1316074528685N00329861EA020280219100512
B1316084528675N00329840EA020280219000512
B1316094528668N00329816EA020250218700512
B1316104528667N00329792EA020230218500512
B1316114528671N00329768EA020230218400512
B1316124528678N00329747EA020220218300512
B1316134528689N00329729EA020200218300512
B1316144528702N00329716EA020210218400512
B1316154528717N00329709EA020220218500512
B1316164528733N00329708EA020220218500512
B1316174528748N00329712EA020220218400512
K131617023014
B1316184528762N00329721EA020220218200512
B1316194528775N00329736EA020200218200512
B1316204528785N00329754EA020200218300512
B1316214528793N00329776EA020230218600512
B1316224528798N00329799EA020280219100512
F131622030419090611072630
B1316234528801N00329823EA020310219500512
B1316244528802N00329846EA020330219800512
B1316254528803N00329870EA020340220000512
B1316264528802N00329893EA020340219900512
B1316274528797N00329915EA020330219800512
B1316284528789N00329936EA020330219700512
B1316294528778N00329955EA020330219700512
B1316304528763N00329969EA020320219500512
B1316314528746N00329980EA020290219200512
B1316324528727N00329984EA020260218800512
B1316334528708N00329979EA020230218500512
K131633018013
B1316344528690N00329967EA020200218200512
B1316354528676N00329948EA020180217800512
B1316364528665N00329925EA020170217600512
B1316374528658N00329898EA020160217700512
B1316384528656N00329871EA020180217900512
B1316394528657N00329843EA020180218000512
B1316404528661N00329817EA020200218200512
B1316414528669N00329793EA020220218400512
B1316424528679N00329771EA020250218900512
B1316434528690N00329751EA020270219300512
B1316444528701N00329733EA020330219700512
B1316454528712N00329716EA020370220200512
B1316464528724N00329700EA020410220600512
B1316474528737N00329689EA020430220800512
B1316484528751N00329683EA020430220700512
B1316494528766N00329684EA020410220500512
B1316504528780N00329694EA020400220300512
B1316514528791N00329711EA020380220100512
B1316524528797N00329733EA020380219900512
B1316534528799N00329758EA020360219900512
B1316544528796N00329783EA020350219900512
B1316554528790N00329806EA020350220000512
B1316564528780N00329827EA020360219900512
B1316574528768N00329844EA020360219900512
B1316584528752N00329856EA020350219800512
B1316594528734N00329861EA020360219800512
LXNA::AVGSATSNR:39
B1317004528716N00329860EA020360219800512
B1317014528698N00329855EA020350219700512
B1317024528680N00329845EA020310219300512
B1317034528664N00329830EA020280218800512
B1317044528651N00329809EA020240218500512
B1317054528641N00329784EA020240218400512
B1317064528633N00329758EA020250218500512
B1317074528627N00329731EA020250218900512
B1317084528621N00329704EA020290219300512
B1317094528617N00329678EA020310219500512
B1317104528613N00329652EA020320219600512
B1317114528610N00329626EA020330219600512
B1317124528612N00329601EA020320219500512
B1317134528616N00329577EA020320219400512
B1317144528625N00329556EA020310219200512
B1317154528636N00329538EA020280218900512
B1317164528650N00329525EA020230218500512
B1317174528665N00329516EA020210218100512
B1317184528681N00329514EA020180218000512
B1317194528696N00329517EA020180217900512
B1317204528710N00329525EA020170217800512
B1317214528722N00329538EA020150217600512
K131721022010
B1317224528732N00329556EA020140217500512
B1317234528737N00329577EA020130217400512
B1317244528738N00329600EA020120217300512
B1317254528735N00329624EA020100217100512
B1317264528728N00329647EA020070216700512
B1317274528718N00329669EA020030216200512
B1317284528707N00329690EA019980215900512
B1317294528693N00329710EA019960215800512
B1317304528679N00329729EA019970215900512
B1317314528664N00329747EA019990216200512
B1317324528649N00329763EA020030216500512
B1317334528633N00329777EA020060216800512
B1317344528617N00329790EA020080217000512
B1317354528600N00329802EA020110217200512
B1317364528584N00329814EA020130217300512
B1317374528568N00329825EA020130217300512
B1317384528552N00329836EA020130217300512
B1317394528536N00329847EA020110217200512
B1317404528520N00329859EA020120217200512
B1317414528504N00329870EA020130217400512
B1317424528488N00329882EA020140217600512
B1317434528473N00329895EA020160217700512
B1317444528458N00329907EA020170217800512
B1317454528444N00329919EA020180217900512
B1317464528429N00329932EA020200218100512
B1317474528415N00329944EA020250218400512
B1317484528400N00329957EA020280218700512
B1317494528386N00329969EA020260218900512
B1317504528371N00329982EA020260218900512
B1317514528357N00329996EA020260218700512
B1317524528342N00330009EA020240218600512
B1317534528328N00330022EA020220218500512
B1317544528313N00330036EA020210218300512
B1317554528299N00330049EA020200218200512
B1317564528284N00330063EA020210218300512
B1317574528270N00330076EA020210218300512
B1317584528256N00330090EA020200218200512
B1317594528242N00330103EA020170217900512
B1318004528229N00330117EA020150217600512
LXNA::AVGSATSNR:41
B1318014528215N00330131EA020140217400512
B1318024528202N00330145EA020120217300512
B1318034528189N00330160EA020110217200512
B1318044528177N00330174EA020100217000512
B1318054528165N00330190EA020070216700512
B1318064528153N00330205EA020030216300512
B1318074528141N00330222EA019970215600512
B1318084528128N00330240EA019900214800512
B1318094528116N00330258EA019820214000512
B1318104528102N00330278EA019740213300512
B1318114528088N00330298EA019720212900512
B1318124528074N00330318EA019710212900512
B1318134528060N00330338EA019710213100512
B1318144528047N00330359EA019730213300512
B1318154528035N00330380EA019760213400512
B1318164528024N00330400EA019770213700512
B1318174528013N00330421EA019810214100512
B1318184528004N00330441EA019850214700512
B1318194527995N00330461EA019910215300512
B1318204527987N00330481EA019970215900512
B1318214527981N00330501EA020030216300512
B1318224527975N00330521EA020060216500512
B1318234527969N00330541EA020050216500512
B1318244527962N00330561EA020060216500512
B1318254527955N00330581EA020050216400512
B1318264527946N00330601EA020030216300512
B1318274527935N00330620EA020010216100512
LXNA::BAT:charging,100%,4.251V,36mA
B1318284527922N00330636EA020000216000512
B1318294527906N00330648EA019980215800512
B1318304527889N00330656EA019960215500512
B1318314527871N00330659EA019940215300512
B1318324527852N00330655EA019940215300512
B1318334527836N00330644EA019940215300512
B1318344527821N00330628EA019920215200512
B1318354527810N00330608EA019910214900512
B1318364527802N00330585EA019890214900512
B1318374527798N00330560EA019900215000512
B1318384527799N00330536EA019910215100512
B1318394527804N00330513EA019930215200512
B1318404527813N00330494EA019930215300512
B1318414527825N00330478EA019960215500512
B1318424527838N00330467EA019980215900512
B1318434527854N00330460EA020020216400512
B1318444527869N00330456EA020070216800512
B1318454527884N00330456EA020110217300512
B1318464527899N00330457EA020150217700512
B1318474527913N00330460EA020180218000512
B1318484527927N00330467EA020190218000512
B1318494527940N00330479EA020180217900512
B1318504527949N00330497EA020170217800512
B1318514527954N00330520EA020170217700512
B1318524527952N00330544EA020160217700512
B1318534527945N00330568EA020160217800512
B1318544527933N00330588EA020170217900512
B1318554527917N00330603EA020180218100512
B1318564527900N00330613EA020190218200512
B1318574527881N00330616EA020200218200512
B1318584527862N00330612EA020200218100512
B1318594527845N00330601EA020190217900512
B1319004527831N00330582EA020170217900512
B1319014527821N00330557EA020180218100512
LXNA::AVGSATSNR:38
B1319024527817N00330531EA020210218300512
K131902354014
B1319034527818N00330504EA020230218400512
B1319044527823N00330479EA020230218600512
B1319054527832N00330456EA020250218900512
B1319064527842N00330434EA020280219400512
B1319074527854N00330416EA020330219800512
B1319084527867N00330401EA020370220000512
B1319094527882N00330391EA020380220200512
B1319104527898N00330386EA020410220300512
B1319114527914N00330386EA020420220500512
B1319124527930N00330389EA020440220900512
B1319134527945N00330396EA020490221400512
B1319144527958N00330406EA020530221800512
B1319154527970N00330419EA020560222100512
B1319164527979N00330436EA020580222300512
B1319174527985N00330456EA020580222300512
B1319184527988N00330477EA020570222200512
B1319194527988N00330499EA020550222000512
B1319204527983N00330521EA020540221800512
B1319214527975N00330542EA020530221700512
B1319224527963N00330561EA020520221600512
K131922001014
B1319234527948N00330576EA020500221400512
F13192303041909061107262130
B1319244527931N00330586EA020500221300512
B1319254527912N00330591EA020500221500512
B1319264527893N00330590EA020530221900512
B1319274527876N00330585EA020560222200512
B1319284527859N00330575EA020580222400512
B1319294527844N00330561EA020590222400512
B1319304527832N00330543EA020600222500512
B1319314527823N00330522EA020610222600512
K131931007014
B1319324527816N00330499EA020620222800512
B1319334527811N00330476EA020650223000512
B1319344527807N00330452EA020660223200512
B1319354527805N00330427EA020680223400512
B1319364527806N00330403EA020700223500512
B1319374527809N00330380EA020700223500512
B1319384527816N00330358EA020690223300512
B1319394527825N00330338EA020650223000512
B1319404527838N00330321EA020630222700512
B1319414527852N00330309EA020600222500512
B1319424527868N00330302EA020590222300512
B1319434527884N00330301EA020590222200512
B1319444527900N00330307EA020600222200512
B1319454527914N00330319EA020590222200512
B1319464527926N00330335EA020600222400512
B1319474527935N00330354EA020630222800512
B1319484527942N00330375EA020670223300512
B1319494527946N00330397EA020700223800512
B1319504527947N00330419EA020730224000512
B1319514527945N00330441EA020750224200512
B1319524527942N00330462EA020760224300512
B1319534527936N00330483EA020790224500512
B1319544527927N00330502EA020800224700512
B1319554527916N00330519EA020810224900512
B1319564527904N00330535EA020820224900512
B1319574527889N00330547EA020820224800512
B1319584527873N00330556EA020810224800512
B1319594527855N00330559EA020820224800512
B1320004527837N00330560EA020800224700512
B1320014527819N00330557EA020790224500512
B1320024527801N00330549EA020770224200512
LXNA::AVGSATSNR:41
B1320034527784N00330536EA020740224000512
B1320044527770N00330518EA020730223800512
B1320054527757N00330497EA020720223800512
B1320064527746N00330474EA020720223800512
K132006016011
B1320074527735N00330450EA020740224000512
B1320084527727N00330425EA020740224100512
B1320094527723N00330399EA020770224300512
B1320104527723N00330373EA020790224400512
B1320114527727N00330348EA020790224300512
B1320124527737N00330327EA020760224000512
B1320134527751N00330310EA020740223700512
B1320144527767N00330298EA020700223500512
B1320154527785N00330290EA020690223400512
B1320164527802N00330287EA020690223300512
B1320174527820N00330290EA020670223200512
B1320184527835N00330299EA020670223100512
B1320194527848N00330314EA020670223000512
B1320204527858N00330334EA020660223100512
B1320214527866N00330356EA020680223300512
B1320224527869N00330379EA020710223700512
B1320234527870N00330402EA020740224000512
B1320244527868N00330425EA020760224200512
B1320254527863N00330448EA020780224400512
B1320264527857N00330469EA020800224700512
B1320274527849N00330490EA020820224800512
B1320284527840N00330510EA020820224900512
B1320294527829N00330528EA020830224900512
K132029041010
B1320304527818N00330546EA020830224900512
B1320314527805N00330562EA020820224800512
B1320324527792N00330577EA020810224700512
B1320334527778N00330590EA020810224600512
B1320344527762N00330600EA020800224500512
B1320354527745N00330606EA020790224400512
B1320364527727N00330609EA020770224200512
B1320374527709N00330608EA020750224000512
B1320384527691N00330602EA020720223600512
B1320394527674N00330590EA020680223200512
B1320404527657N00330574EA020640222800512
B1320414527643N00330554EA020620222500512
B1320424527631N00330530EA020590222400512
B1320434527623N00330504EA020610222500512
B1320444527618N00330477EA020640222800512
B1320454527616N00330450EA020660223200512
B1320464527618N00330424EA020690223400512
B1320474527623N00330399EA020700223500512
B1320484527631N00330377EA020680223300512
B1320494527642N00330358EA020660223000512
B1320504527657N00330343EA020620222500512
B1320514527674N00330335EA020590222200512
B1320524527693N00330333EA020580222100512
B1320534527711N00330336EA020590222400512
B1320544527728N00330344EA020630222900512
B1320554527744N00330354EA020690223500512
B1320564527757N00330367EA020750224100512
B1320574527768N00330383EA020790224500512
B1320584527776N00330401EA020810224700512
B1320594527781N00330422EA020820224600512
B1321004527783N00330443EA020820224600512
B1321014527784N00330465EA020830224900512
B1321024527783N00330487EA020830225000512
B1321034527781N00330509EA020830224900512
LXNA::AVGSATSNR:40
B1321044527779N00330531EA020820224800512
B1321054527776N00330553EA020810224700512
B1321064527771N00330574EA020800224600512
B1321074527765N00330595EA020800224600512
B1321084527758N00330615EA020800224700512
B1321094527751N00330634EA020800224700512
B1321104527743N00330653EA020780224500512
B1321114527736N00330673EA020760224200512
B1321124527728N00330692EA020730224000512
B1321134527719N00330711EA020710223800512
B1321144527711N00330730EA020700223700512
B1321154527702N00330749EA020690223500512
B1321164527693N00330768EA020680223400512
B1321174527683N00330787EA020670223300512
B1321184527674N00330805EA020650223100512
B1321194527665N00330824EA020630222900512
B1321204527655N00330843EA020610222700512
B1321214527644N00330862EA020600222600512
B1321224527633N00330880EA020580222400512
B1321234527620N00330896EA020570222300512
B1321244527606N00330909EA020570222300512
B1321254527589N00330919EA020570222200512
B1321264527572N00330925EA020560222100512
B1321274527553N00330927EA020550222000512
B1321284527535N00330924EA020540221900512
LXNA::BAT:charging,100%,4.251V,30mA
B1321294527516N00330917EA020550221900512
B1321304527499N00330906EA020550222000512
B1321314527481N00330893EA020570222200512
B1321324527466N00330876EA020580222300512
B1321334527452N00330857EA020590222300512
B1321344527441N00330836EA020600222500512
B1321354527433N00330812EA020620222600512
B1321364527428N00330787EA020620222600512
B1321374527425N00330763EA020620222700512
B1321384527425N00330738EA020620222600512
B1321394527427N00330713EA020610222500512
B1321404527432N00330691EA020600222300512
B1321414527439N00330669EA020590222100512
B1321424527449N00330650EA020550221700512
B1321434527462N00330634EA020500221200512
B1321444527476N00330619EA020450220700512
B1321454527491N00330607EA020410220400512
B1321464527507N00330596EA020400220400512
B1321474527523N00330589EA020410220400512
B1321484527539N00330585EA020420220500512
B1321494527555N00330583EA020410220500512
B1321504527571N00330585EA020400220300512
B1321514527586N00330588EA020380220100512
B1321524527602N00330593EA020360219900512
B1321534527617N00330599EA020330219700512
B1321544527632N00330606EA020320219500512
K132154027008
B1321554527647N00330614EA020300219300512
B1321564527661N00330624EA020280219100512
B1321574527675N00330634EA020260218800512
B1321584527689N00330646EA020230218600512
B1321594527703N00330659EA020220218400512
B1322004527716N00330672EA020200218200512
B1322014527729N00330686EA020180218000512
B1322024527741N00330702EA020160217900512
B1322034527753N00330718EA020160217900512
B1322044527763N00330735EA020160217900512
LXNA::AVGSATSNR:40
B1322054527773N00330752EA020190218200512
B1322064527781N00330771EA020220218500512
B1322074527786N00330790EA020250218800512
B1322084527790N00330810EA020270218900512
B1322094527792N00330831EA020280219000512
B1322104527794N00330853EA020270219000512
B1322114527796N00330874EA020280219100512
B1322124527799N00330895EA020290219200512
B1322134527802N00330916EA020310219400512
B1322144527805N00330938EA020320219600512
B1322154527806N00330960EA020330219700512
B1322164527805N00330982EA020350219700512
B1322174527801N00331005EA020340219700512
B1322184527794N00331027EA020330219500512
B1322194527784N00331046EA020330219400512
B1322204527769N00331062EA020330219400512
B1322214527752N00331071EA020340219500512
B1322224527733N00331074EA020340219500512
B1322234527714N00331068EA020330219500512
B1322244527697N00331056EA020340219600512
B1322254527683N00331038EA020350219800512
B1322264527671N00331016EA020360219900512
B1322274527663N00330991EA020380220100512
B1322284527659N00330965EA020390220200512
B1322294527659N00330939EA020400220400512
B1322304527664N00330914EA020420220400512
B1322314527672N00330891EA020420220500512
B1322324527685N00330873EA020420220400512
B1322334527699N00330859EA020410220400512
B1322344527716N00330851EA020400220300512
B1322354527733N00330849EA020400220300512
B1322364527750N00330853EA020410220400512
B1322374527766N00330863EA020430220600512
B1322384527779N00330877EA020440220800512
B1322394527791N00330894EA020470221200512
B1322404527799N00330915EA020510221400512
B1322414527805N00330936EA020530221700512
B1322424527809N00330959EA020540221900512
B1322434527811N00330982EA020560222000512
B1322444527810N00331005EA020570222000512
B1322454527805N00331028EA020560221900512
B1322464527796N00331049EA020550221800512
B1322474527783N00331065EA020540221700512
K132247059008
B1322484527766N00331074EA020540221700512
B1322494527748N00331076EA020540221700512
B1322504527730N00331070EA020540221800512
B1322514527714N00331057EA020550221800512
B1322524527701N00331039EA020560221900512
B1322534527690N00331017EA020580222200512
B1322544527682N00330992EA020610222500512
B1322554527678N00330966EA020620222600512
B1322564527678N00330940EA020630222700512
B1322574527683N00330914EA020630222800512
B1322584527691N00330891EA020630222800512
B1322594527703N00330871EA020630222700512
B1323004527718N00330856EA020620222600512
B1323014527736N00330847EA020620222700512
B1323024527754N00330845EA020650223000512
B1323034527772N00330848EA020680223300512
B1323044527788N00330857EA020700223700512
B1323054527802N00330872EA020730223900512
LXNA::AVGSATSNR:39
B1323064527812N00330891EA020740224000512
B1323074527819N00330913EA020740224000512
B1323084527822N00330938EA020730223800512
B1323094527820N00330963EA020710223500512
B1323104527813N00330987EA020690223500512
B1323114527801N00331008EA020700223600512
B1323124527786N00331024EA020710223700512
B1323134527769N00331035EA020720223600512
B1323144527749N00331039EA020730223500512
B1323154527729N00331035EA020710223500512
B1323164527711N00331025EA020710223600512
B1323174527694N00331008EA020720223700512
B1323184527682N00330985EA020730223800512
B1323194527674N00330958EA020750223900512
B1323204527673N00330929EA020740223800512
B1323214527677N00330900EA020720223700512
B1323224527686N00330874EA020700223500512
B1323234527700N00330852EA020700223300512
B1323244527718N00330836EA020680223400512
B1323254527737N00330828EA020710223800512
B1323264527757N00330825EA020770224400512
B1323274527776N00330828EA020830225100512
B1323284527793N00330835EA020880225600512
B1323294527809N00330846EA020930226000512
B1323304527821N00330863EA020960226200512
B1323314527830N00330884EA020960226200512
B1323324527836N00330907EA020950226000512
B1323334527838N00330931EA020920225900512
B1323344527836N00330956EA020910225600512
B1323354527830N00330981EA020880225400512
B1323364527820N00331003EA020860225200512
B1323374527805N00331022EA020850225200512
B1323384527788N00331035EA020850225200512
B1323394527769N00331044EA020850225200512
B1323404527749N00331045EA020860225300512
B1323414527729N00331040EA020870225400512
B1323424527710N00331028EA020880225400512
K132342068008
B1323434527695N00331009EA020870225400512
B1323444527683N00330985EA020880225500512
B1323454527676N00330957EA020900225600512
B1323464527675N00330927EA020900225700512
B1323474527678N00330899EA020910225800512
B1323484527687N00330873EA020920225900512
B1323494527700N00330851EA020930225800512
B1323504527717N00330835EA020920225800512
B1323514527736N00330826EA020920225900512
B1323524527755N00330824EA020950226300512
B1323534527774N00330829EA020990226700512
B1323544527790N00330840EA021010226900512
B1323554527805N00330857EA021020227000512
B1323564527815N00330878EA021020226900512
B1323574527820N00330903EA021020226700512
B1323584527821N00330929EA021010226600512
B1323594527817N00330956EA020990226700512
B1324004527810N00330981EA021010226900512
B1324014527801N00331005EA021040227300512
B1324024527791N00331027EA021070227600512
B1324034527779N00331047EA021090227900512
B1324044527767N00331066EA021110228100512
B1324054527754N00331084EA021120228300512
B1324064527740N00331100EA021140228400512
LXNA::AVGSATSNR:42
B1324074527724N00331111EA021150228500512
B1324084527708N00331119EA021160228500512
B1324094527690N00331120EA021160228400512
B1324104527673N00331116EA021140228200512
B1324114527657N00331105EA021120228100512
B1324124527643N00331088EA021120228000512
B1324134527632N00331067EA021120228000512
B1324144527625N00331043EA021120228000512
B1324154527622N00331017EA021120228000512
B1324164527623N00330991EA021110227800512
B1324174527627N00330965EA021110227800512
B1324184527635N00330940EA021120228000512
B1324194527646N00330918EA021140228300512
B1324204527658N00330898EA021180228700512
B1324214527671N00330880EA021200228900512
B1324224527687N00330867EA021220229100512
B1324234527704N00330860EA021230229200512
B1324244527722N00330860EA021260229500512
B1324254527739N00330866EA021280229700512
B1324264527754N00330877EA021300229900512
K132426071007
B1324274527766N00330893EA021310230000512
B1324284527775N00330914EA021310229900512
B1324294527781N00330938EA021310229800512
LXNA::BAT:charging,100%,4.251V,30mA
B1324304527783N00330963EA021280229700512
B1324314527781N00330989EA021270229500512
B1324324527775N00331014EA021260229400512
B1324334527764N00331036EA021250229500512
B1324344527750N00331054EA021270229600512
K132434065006
B1324354527733N00331067EA021290229900512
B1324364527715N00331074EA021310230100512
B1324374527697N00331075EA021330230300512
B1324384527679N00331070EA021330230300512
B1324394527662N00331059EA021320230200512
B1324404527647N00331042EA021310230100512
B1324414527636N00331020EA021300230000512
B1324424527630N00330995EA021300230000512
B1324434527628N00330968EA021310230100512
B1324444527630N00330941EA021320230300512
B1324454527637N00330916EA021330230300512
B1324464527647N00330894EA021320230300512
B1324474527661N00330875EA021310230100512
B1324484527677N00330861EA021300230000512
B1324494527696N00330852EA021300230100512
B1324504527715N00330848EA021320230300512
B1324514527733N00330848EA021350230700512
K132451058006
B1324524527752N00330853EA021380231000512
B1324534527768N00330863EA021400231200512
B1324544527783N00330878EA021420231300512
B1324554527794N00330898EA021420231300512
B1324564527801N00330921EA021420231300512
B1324574527804N00330946EA021420231200512
B1324584527802N00330972EA021410231100512
K132458063005
B1324594527795N00330997EA021390230800512
B1325004527782N00331018EA021370230700512
B1325014527766N00331034EA021370230700512
B1325024527748N00331044EA021380231000512
B1325034527729N00331048EA021420231400512
B1325044527710N00331044EA021440231600512
B1325054527692N00331035EA021460231600512
B1325064527677N00331019EA021450231500512
B1325074527665N00330998EA021440231500512
LXNA::AVGSATSNR:40
B1325084527657N00330974EA021450231500512
B1325094527652N00330948EA021450231500512
B1325104527651N00330921EA021430231400512
B1325114527655N00330895EA021420231300512
B1325124527663N00330870EA021420231200512
B1325134527674N00330849EA021420231300512
B1325144527687N00330831EA021440231600512
B1325154527702N00330816EA021480231900512
F132515030419090611072621
B1325164527718N00330805EA021500232100512
B1325174527734N00330797EA021510232200512
B1325184527751N00330794EA021510232200512
B1325194527769N00330795EA021500232000512
B1325204527785N00330802EA021480231800512
B1325214527801N00330813EA021460231700512
B1325224527815N00330830EA021460231700512
B1325234527826N00330850EA021460231500512
B1325244527833N00330873EA021440231200512
B1325254527837N00330899EA021420231100512
B1325264527836N00330925EA021400231000512
B1325274527833N00330951EA021400231100512
B1325284527826N00330975EA021410231200512
B1325294527817N00330996EA021420231300512
B1325304527804N00331014EA021430231300512
B1325314527788N00331027EA021430231300512
B1325324527772N00331036EA021420231300512
B1325334527754N00331041EA021420231300512
B1325344527736N00331040EA021420231200512
B1325354527717N00331033EA021420231200512
B1325364527701N00331021EA021410231100512
B1325374527686N00331005EA021390230900512
B1325384527674N00330984EA021370230700512
B1325394527664N00330961EA021350230500512
B1325404527656N00330936EA021340230400512
B1325414527652N00330909EA021330230300512
B1325424527649N00330881EA021340230400512
B1325434527649N00330854EA021360230600512
B1325444527650N00330827EA021370230800512
B1325454527653N00330801EA021390231000512
B1325464527656N00330775EA021420231400512
B1325474527661N00330750EA021440231700512
B1325484527667N00330726EA021470231900512
B1325494527674N00330703EA021490232000512
B1325504527684N00330683EA021500232100512
B1325514527696N00330665EA021510232200512
B1325524527710N00330651EA021510232100512
B1325534527725N00330639EA021510232100512
B1325544527742N00330629EA021500232100512
B1325554527759N00330621EA021520232200512
B1325564527776N00330619EA021540232500512
K132556045005
B1325574527794N00330625EA021580232900512
B1325584527809N00330637EA021600233100512
B1325594527822N00330655EA021620233100512
B1326004527830N00330678EA021630233200512
B1326014527833N00330704EA021620233300512
B1326024527833N00330730EA021620233100512
B1326034527827N00330756EA021590232800512
B1326044527816N00330778EA021570232700512
B1326054527801N00330794EA021560232600512
B1326064527783N00330804EA021550232600512
B1326074527764N00330808EA021560232500512
B1326084527745N00330804EA021530232400512
B1326094527727N00330795EA021520232300512
LXNA::AVGSATSNR:39
B1326104527710N00330781EA021500232100512
K132610036005
B1326114527696N00330762EA021490231900512
B1326124527685N00330739EA021490231800512
B1326134527678N00330714EA021470231900512
B1326144527672N00330689EA021480232000512
B1326154527669N00330663EA021510232300512
B1326164527668N00330637EA021530232500512
B1326174527667N00330611EA021550232700512
B1326184527667N00330585EA021560232900512
B1326194527667N00330560EA021580233000512
B1326204527669N00330534EA021600233200512
B1326214527671N00330509EA021610233300512
B1326224527673N00330484EA021610233300512
B1326234527677N00330459EA021620233400512
B1326244527681N00330435EA021630233500512
B1326254527686N00330411EA021650233600512
B1326264527691N00330387EA021660233800512
B1326274527696N00330363EA021690234000512
B1326284527702N00330340EA021700234100512
B1326294527709N00330317EA021710234100512
B1326304527717N00330295EA021700234000512
B1326314527728N00330276EA021680233700512
B1326324527742N00330260EA021660233500512
K132632018005
B1326334527757N00330249EA021640233400512
B1326344527774N00330242EA021630233300512
B1326354527792N00330241EA021610233100512
B1326364527809N00330246EA021600232900512
B1326374527825N00330255EA021600233000512
B1326384527839N00330268EA021620233200512
B1326394527850N00330285EA021640233400512
B1326404527858N00330304EA021650233600512
B1326414527864N00330326EA021660233500512
B1326424527866N00330349EA021640233400512
B1326434527865N00330372EA021620233200512
B1326444527861N00330396EA021610233100512
B1326454527855N00330419EA021590233000512
B1326464527847N00330441EA021580232800512
B1326474527837N00330461EA021570232700512
B1326484527825N00330480EA021580232800512
B1326494527812N00330497EA021600233100512
B1326504527797N00330511EA021630233500512
B1326514527781N00330522EA021660233700512
B1326524527763N00330528EA021680233900512
B1326534527746N00330530EA021690233900512
B1326544527727N00330527EA021690233900512
B1326554527709N00330520EA021680233900512
B1326564527692N00330509EA021690234100512
B1326574527676N00330494EA021700234200512
B1326584527661N00330477EA021710234200512
B1326594527649N00330456EA021700234100512
B1327004527641N00330432EA021700234000512
B1327014527637N00330406EA021690233900512
B1327024527637N00330379EA021680233800512
B1327034527640N00330352EA021670233800512
B1327044527646N00330326EA021680233900512
B1327054527655N00330303EA021680233900512
B1327064527666N00330282EA021680233900512
B1327074527680N00330265EA021680233800512
B1327084527696N00330252EA021670233700512
K132708033008
B1327094527713N00330245EA021650233600512
B1327104527731N00330243EA021650233600512
LXNA::AVGSATSNR:40
B1327114527749N00330246EA021670233700512
B1327124527766N00330254EA021660233700512
B1327134527781N00330266EA021650233400512
B1327144527793N00330284EA021630233200512
B1327154527803N00330305EA021620233100512
B1327164527809N00330329EA021610233100512
K132716040008
B1327174527812N00330353EA021610233100512
B1327184527813N00330378EA021610233100512
B1327194527812N00330403EA021600233000512
B1327204527810N00330427EA021600233000512
B1327214527806N00330451EA021600233100512
B1327224527800N00330474EA021620233200512
B1327234527793N00330496EA021630233400512
B1327244527783N00330515EA021660233700512
B1327254527772N00330533EA021680233800512
B1327264527761N00330550EA021690234000512
B1327274527749N00330567EA021710234100512
B1327284527736N00330582EA021720234300512
B1327294527723N00330596EA021740234500512
B1327304527709N00330609EA021760234600512
LXNA::BAT:charging,100%,4.251V,30mA
B1327314527694N00330618EA021770234700512
B1327324527676N00330623EA021740234400512
B1327334527658N00330623EA021710234100512
B1327344527639N00330616EA021690233800512
B1327354527622N00330602EA021670233800512
B1327364527609N00330581EA021690233800512
B1327374527600N00330556EA021700233900512
K132737048007
B1327384527596N00330528EA021690233900512
B1327394527598N00330501EA021680233700512
B1327404527604N00330474EA021670233600512
B1327414527614N00330450EA021660233600512
B1327424527627N00330429EA021670233800512
B1327434527641N00330412EA021690234000512
B1327444527658N00330399EA021700234100512
B1327454527675N00330391EA021700234100512
B1327464527693N00330389EA021690234000512
B1327474527712N00330391EA021690234000512
B1327484527729N00330399EA021710234200512
B1327494527746N00330409EA021720234300512
B1327504527761N00330422EA021730234400512
B1327514527774N00330438EA021730234400512
B1327524527786N00330456EA021740234500512
B1327534527796N00330477EA021740234400512
B1327544527803N00330500EA021730234300512
B1327554527808N00330524EA021720234200512
B1327564527811N00330549EA021700234000512
B1327574527813N00330575EA021700234000512
B1327584527813N00330601EA021730234400512
B1327594527813N00330627EA021760234800512
B1328004527812N00330652EA021800235200512
B1328014527811N00330677EA021830235400512
B1328024527809N00330701EA021830235500512
B1328034527804N00330724EA021840235600512
B1328044527796N00330745EA021850235500512
B1328054527786N00330764EA021850235400512
B1328064527774N00330781EA021810235200512
B1328074527760N00330795EA021800235000512
B1328084527744N00330803EA021780234900512
B1328094527727N00330807EA021760234600512
B1328104527709N00330805EA021720234200512
B1328114527692N00330799EA021680233700512
LXNA::AVGSATSNR:40
B1328124527675N00330788EA021640233400512
B1328134527660N00330774EA021610233100512
B1328144527646N00330756EA021640233200512
B1328154527635N00330735EA021650233600512
B1328164527627N00330713EA021710234200512
F13281603041909061107262130
B1328174527621N00330690EA021760234600512
B1328184527617N00330667EA021810235100512
B1328194527613N00330644EA021850235500512
B1328204527610N00330621EA021890235900512
B1328214527607N00330598EA021910236200512
B1328224527606N00330575EA021930236300512
B1328234527607N00330553EA021920236200512
B1328244527612N00330531EA021900236000512
B1328254527621N00330512EA021860235600512
B1328264527634N00330497EA021810235000512
B1328274527649N00330488EA021750234400512
B1328284527666N00330485EA021710234000512
K132828102002
B1328294527684N00330490EA021690234000512
B1328304527700N00330501EA021700234000512
B1328314527713N00330517EA021710234100512
B1328324527723N00330537EA021720234200512
B1328334527730N00330560EA021730234300512
B1328344527734N00330585EA021750234400512
B1328354527737N00330610EA021770234600512
K132835087001
B1328364527739N00330635EA021790235000512
B1328374527739N00330659EA021820235300512
B1328384527737N00330684EA021840235600512
B1328394527733N00330707EA021870235800512
B1328404527727N00330730EA021880235900512
B1328414527719N00330751EA021890236000512
B1328424527711N00330772EA021890236000512
K132842109001
B1328434527701N00330791EA021880235900512
B1328444527689N00330808EA021870235700512
B1328454527675N00330822EA021860235600512
B1328464527660N00330833EA021850235400512
B1328474527644N00330841EA021810235100512
B1328484527627N00330848EA021810235000512
B1328494527609N00330852EA021820235000512
B1328504527592N00330856EA021810235100512
B1328514527574N00330860EA021800235100512
B1328524527557N00330862EA021810235200512
B1328534527540N00330865EA021840235500512
B1328544527523N00330868EA021870235800512
B1328554527506N00330870EA021880235900512
B1328564527489N00330871EA021870235800512
B1328574527472N00330869EA021860235800512
B1328584527455N00330865EA021870235900512
B1328594527438N00330860EA021880236100512
B1329004527421N00330854EA021900236200512
B1329014527404N00330848EA021920236400512
B1329024527387N00330842EA021930236600512
B1329034527371N00330835EA021940236800512
B1329044527355N00330826EA021960236900512
B1329054527340N00330814EA021970237000512
B1329064527327N00330799EA021970236900512
B1329074527315N00330780EA021950236800512
B1329084527306N00330759EA021940236800512
B1329094527300N00330736EA021940236700512
B1329104527297N00330712EA021930236400512
B1329114527299N00330688EA021910236100512
B1329124527306N00330666EA021870235900512
LXNA::AVGSATSNR:37
B1329134527317N00330646EA021860235800512
B1329144527330N00330629EA021870235800512
B1329154527344N00330616EA021870235900512
B1329164527360N00330608EA021890235900512
B1329174527376N00330605EA021890236000512
B1329184527392N00330607EA021890236000512
B1329194527407N00330615EA021890236000512
B1329204527420N00330628EA021900236100512
B1329214527432N00330643EA021920236300512
B1329224527442N00330660EA021930236400512
B1329234527450N00330680EA021950236600512
B1329244527454N00330702EA021960236800512
B1329254527456N00330725EA021980236900512
B1329264527453N00330748EA021980236900512
B1329274527447N00330771EA021970236800512
B1329284527438N00330791EA021980236800512
B1329294527426N00330810EA021990237000512
B1329304527412N00330827EA022020237400512
B1329314527398N00330843EA022050237900512
B1329324527383N00330858EA022100238300512
B1329334527369N00330872EA022150238600512
B1329344527353N00330885EA022140238600512
B1329354527337N00330894EA022130238500512
B1329364527320N00330898EA022100238200512
B1329374527302N00330896EA022060237800512
B1329384527285N00330887EA022030237300512
B1329394527269N00330873EA022000237000512
B1329404527257N00330854EA021960236700512
B1329414527248N00330831EA021950236500512
B1329424527244N00330806EA021940236300512
K132942009005
B1329434527246N00330781EA021920236200512
B1329444527252N00330758EA021910236300512
B1329454527262N00330738EA021940236500512
B1329464527275N00330723EA021960236800512
B1329474527290N00330712EA021990236900512
B1329484527306N00330707EA021990237100512
B1329494527322N00330706EA022010237300512
B1329504527338N00330709EA022050237600512
B1329514527352N00330716EA022090238000512
B1329524527366N00330726EA022130238400512
B1329534527378N00330739EA022150238600512
B1329544527388N00330755EA022170238600512
B1329554527396N00330773EA022160238500512
B1329564527403N00330794EA022140238400512
B1329574527409N00330817EA022130238400512
K132957019006
B1329584527412N00330841EA022130238300512
B1329594527413N00330866EA022130238400512
B1330004527410N00330891EA022150238500512
B1330014527405N00330916EA022140238500512
B1330024527399N00330940EA022140238700512
B1330034527391N00330963EA022150238900512
B1330044527381N00330984EA022160238900512
B1330054527370N00331003EA022160238800512
B1330064527358N00331020EA022150238700512
B1330074527344N00331035EA022130238500512
B1330084527330N00331049EA022110238400512
B1330094527315N00331060EA022120238200512
B1330104527298N00331069EA022090238100512
B1330114527281N00331075EA022110238200512
B1330124527264N00331081EA022090238200512
B1330134527246N00331084EA022100238200512
LXNA::AVGSATSNR:38
B1330144527229N00331087EA022100238300512
B1330154527211N00331087EA022110238300512
B1330164527194N00331087EA022120238400512
B1330174527177N00331086EA022120238400512
B1330184527159N00331084EA022120238400512
B1330194527142N00331081EA022120238300512
B1330204527124N00331077EA022110238400512
B1330214527106N00331072EA022130238500512
B1330224527088N00331068EA022130238600512
B1330234527070N00331063EA022150238900512
B1330244527052N00331059EA022190239300512
B1330254527034N00331054EA022220239700512
B1330264527017N00331050EA022250239900512
B1330274526999N00331045EA022280240200512
B1330284526982N00331041EA022300240400512
B1330294526965N00331036EA022290240400512
B1330304526948N00331029EA022280240100512
B1330314526932N00331019EA022260240000512
LXNA::BAT:charging,100%,4.251V,30mA
B1330324526917N00331004EA022250240000512
B1330334526905N00330987EA022250239900512
B1330344526894N00330967EA022240239800512
B1330354526884N00330945EA022210239500512
B1330364526877N00330922EA022190239200512
B1330374526872N00330897EA022170239100512
B1330384526868N00330872EA022200239400512
B1330394526868N00330847EA022240239800512
B1330404526871N00330824EA022280240100512
B1330414526877N00330802EA022300240200512
B1330424526886N00330783EA022290240100512
B1330434526897N00330767EA022250239800512
B1330444526911N00330755EA022240239500512
B1330454526926N00330748EA022230239500512
B1330464526942N00330744EA022230239600512
B1330474526957N00330742EA022240239700512
B1330484526972N00330744EA022240239700512
B1330494526986N00330748EA022230239600512
B1330504526999N00330757EA022220239400512
B1330514527011N00330769EA022200239100512
B1330524527020N00330785EA022170238900512
B1330534527027N00330804EA022150238700512
B1330544527031N00330826EA022150238600512
B1330554527031N00330850EA022150238600512
B1330564527028N00330875EA022150238700512
B1330574527022N00330899EA022160238700512
B1330584527014N00330922EA022160238700512
B1330594527004N00330944EA022160238700512
B1331004526993N00330965EA022180238900512
B1331014526980N00330984EA022200239200512
B1331024526966N00331001EA022230239500512
B1331034526952N00331017EA022260240000512
B1331044526938N00331033EA022300240400512
B1331054526924N00331047EA022330240600512
B1331064526909N00331060EA022350240600512
B1331074526893N00331069EA022340240500512
B1331084526876N00331074EA022320240200512
B1331094526858N00331071EA022320239900512
B1331104526842N00331059EA022280239500512
B1331114526828N00331040EA022240239100512
B1331124526819N00331015EA022190238800512
B1331134526816N00330986EA022180238800512
K133113348011
B1331144526819N00330958EA022180238800512
LXNA::AVGSATSNR:38
B1331154526826N00330934EA022210239300512
B1331164526837N00330914EA022290240000512
B1331174526849N00330899EA022350240900512
B1331184526862N00330888EA022430241700512
B1331194526876N00330881EA022500242300512
B1331204526889N00330877EA022560242900512
B1331214526902N00330876EA022630243600512
B1331224526914N00330878EA022690244200512
B1331234526926N00330884EA022740244500512
B1331244526937N00330893EA022750244600512
B1331254526945N00330908EA022740244400512
B1331264526951N00330929EA022710244100512
B1331274526953N00330953EA022680243800512
B1331284526950N00330979EA022650243700512
B1331294526943N00331004EA022640243600512
B1331304526930N00331026EA022650243800512
B1331314526914N00331042EA022690244300512
B1331324526896N00331051EA022750244900512
B1331334526878N00331053EA022780245100512
F133133041909061107262130
B1331344526860N00331050EA022800245100512
B1331354526843N00331041EA022790244800512
B1331364526828N00331024EA022740244500512
B1331374526818N00331002EA022710244200512
B1331384526811N00330976EA022660243900512
B1331394526809N00330949EA022670243900512
B1331404526811N00330922EA022670244100512
B1331414526815N00330897EA022710244600512
B1331424526822N00330874EA022770245200512
B1331434526829N00330855EA022840245800512
B1331444526839N00330838EA022920246400512
B1331454526851N00330827EA022970247000512
B1331464526863N00330819EA023020247500512
B1331474526876N00330814EA023050247800512
B1331484526888N00330813EA023070247900512
B1331494526901N00330817EA023070247800512
B1331504526912N00330826EA023040247600512
B1331514526921N00330841EA023030247400512
B1331524526928N00330860EA023020247300512
B1331534526931N00330882EA023040247400512
B1331544526931N00330905EA023040247500512
B1331554526928N00330928EA023040247500512
B1331564526920N00330950EA023040247600512
B1331574526908N00330970EA023040247700512
B1331584526892N00330985EA023070247900512
B1331594526875N00330994EA023090248200512
B1332004526857N00330997EA023100248300512
B1332014526839N00330993EA023110248400512
B1332024526822N00330983EA023130248400512
B1332034526808N00330967EA023140248600512
B1332044526796N00330948EA023150248700512
B1332054526787N00330926EA023160248800512
B1332064526782N00330903EA023160248900512
B1332074526781N00330879EA023170248900512
B1332084526785N00330855EA023180249000512
B1332094526791N00330835EA023210249200512
B1332104526801N00330817EA023230249500512
B1332114526812N00330803EA023270249900512
B1332124526824N00330793EA023300250300512
K133212359015
B1332134526837N00330788EA023330250500512
B1332144526851N00330789EA023360250600512
B1332154526863N00330795EA023360250700512
LXNA::AVGSATSNR:39
B1332164526875N00330805EA023370250800512
B1332174526884N00330820EA023360250600512
B1332184526891N00330838EA023340250400512
B1332194526895N00330859EA023330250200512
B1332204526894N00330882EA023330250300512
B1332214526889N00330905EA023350250700512
B1332224526882N00330927EA023400251200512
B1332234526873N00330948EA023430251600512
B1332244526863N00330967EA023470252000512
B1332254526852N00330984EA023490252200512
B1332264526839N00330999EA023500252400512
B1332274526824N00331011EA023500252200512
B1332284526807N00331018EA023470251900512
B1332294526789N00331019EA023470251600512
B1332304526771N00331014EA023440251500512
B1332314526754N00331003EA023440251700512
B1332324526739N00330987EA023460251900512
B1332334526727N00330968EA023480252300512
B1332344526718N00330947EA023510252500512
B1332354526713N00330925EA023540252700512
B1332364526710N00330902EA023550252800512
B1332374526711N00330879EA023550252800512
B1332384526717N00330858EA023530252600512
B1332394526725N00330839EA023530252600512
B1332404526737N00330824EA023570252900512
B1332414526751N00330815EA023600253400512
B1332424526765N00330812EA023650253800512
B1332434526779N00330815EA023690254200512
B1332444526792N00330824EA023720254400512
B1332454526803N00330839EA023740254600512
B1332464526810N00330858EA023750254800512
K133246004015
B1332474526813N00330881EA023790255200512
B1332484526812N00330904EA023830255500512
B1332494526806N00330927EA023860255800512
B1332504526797N00330948EA023880256200512
B1332514526784N00330964EA023910256500512
B1332524526768N00330975EA023940256700512
B1332534526751N00330981EA023940256700512
B1332544526733N00330982EA023930256600512
B1332554526716N00330975EA023920256600512
B1332564526701N00330962EA023910256600512
B1332574526688N00330944EA023920256500512
B1332584526680N00330921EA023910256300512
B1332594526677N00330897EA023890256200512
B1333004526679N00330873EA023890256200512
B1333014526684N00330850EA023910256500512
B1333024526693N00330831EA023940256900512
B1333034526703N00330814EA023980257200512
B1333044526714N00330801EA024020257600512
B1333054526726N00330792EA024050257900512
B1333064526740N00330788EA024070258100512
B1333074526753N00330790EA024090258200512
B1333084526766N00330797EA024100258300512
B1333094526777N00330808EA024110258400512
B1333104526787N00330822EA024120258500512
B1333114526794N00330840EA024120258500512
B1333124526799N00330860EA024120258400512
B1333134526802N00330883EA024120258400512
B1333144526801N00330907EA024120258600512
B1333154526797N00330931EA024140258900512
B1333164526791N00330953EA024180259300512
LXNA::AVGSATSNR:38
B1333174526783N00330975EA024210259600512
B1333184526772N00330994EA024220259700512
B1333194526758N00331009EA024220259600512
B1333204526742N00331021EA024210259400512
B1333214526724N00331026EA024190259400512
B1333224526706N00331026EA024190259300512
B1333234526689N00331019EA024190259200512
B1333244526675N00331006EA024180259100512
B1333254526663N00330987EA024160259000512
B1333264526655N00330964EA024150258800512
B1333274526650N00330939EA024140258700512
B1333284526649N00330914EA024140258800512
B1333294526651N00330890EA024140258900512
B1333304526656N00330867EA024150259000512
B1333314526663N00330847EA024170259200512
B1333324526671N00330828EA024200259500512
LXNA::BAT:charging,100%,4.251V,24mA
B1333334526681N00330811EA024240259800512
B1333344526692N00330797EA024250260000512
B1333354526704N00330783EA024260260100512
B1333364526717N00330771EA024260260000512
B1333374526730N00330760EA024260260000512
B1333384526743N00330749EA024270260000512
B1333394526757N00330740EA024270260000512
K133339012015
B1333404526772N00330734EA024250259900512
B1333414526788N00330732EA024260259800512
B1333424526804N00330735EA024260259800512
B1333434526819N00330743EA024260259800512
B1333444526832N00330756EA024250259800512
B1333454526843N00330774EA024260259900512
B1333464526849N00330796EA024290260100512
B1333474526852N00330820EA024300260400512
B1333484526851N00330844EA024330260700512
B1333494526847N00330868EA024360260900512
B1333504526838N00330890EA024370261100512
B1333514526826N00330910EA024390261400512
B1333524526811N00330926EA024410261700512
B1333534526795N00330937EA024460262000512
B1333544526777N00330941EA024490262200512
B1333554526758N00330941EA024500262400512
B1333564526740N00330935EA024510262500512
B1333574526723N00330925EA024510262400512
B1333584526707N00330911EA024490262200512
B1333594526694N00330891EA024480262300512
B1334004526685N00330868EA024490262300512
B1334014526680N00330843EA024490262300512
B1334024526679N00330818EA024490262200512
B1334034526683N00330793EA024500262100512
B1334044526690N00330770EA024480262200512
B1334054526701N00330751EA024500262400512
B1334064526715N00330736EA024520262600512
B1334074526730N00330725EA024540262700512
B1334084526746N00330719EA024530262700512
B1334094526763N00330719EA024530262600512
K133409006015
B1334104526779N00330726EA024530262600512
B1334114526793N00330738EA024540262800512
B1334124526804N00330755EA024570263100512
B1334134526812N00330775EA024610263400512
B1334144526816N00330796EA024640263700512
B1334154526816N00330819EA024660264100512
B1334164526814N00330841EA024700264400512
B1334174526808N00330862EA024710264600512
LXNA::AVGSATSNR:39
B1334184526798N00330881EA024740264900512
B1334194526786N00330897EA024770265200512
B1334204526772N00330909EA024780265300512
B1334214526756N00330917EA024790265300512
B1334224526739N00330921EA024780265300512
B1334234526722N00330918EA024770265300512
B1334244526705N00330910EA024770265200512
B1334254526690N00330897EA024760265200512
B1334264526677N00330879EA024760265100512
B1334274526666N00330858EA024750265100512
B1334284526658N00330834EA024750265100512
K133428013012
B1334294526653N00330809EA024750265100512
B1334304526652N00330784EA024760265100512
B1334314526655N00330759EA024790265300512
B1334324526662N00330736EA024810265700512
B1334334526671N00330716EA024840266000512
B1334344526682N00330699EA024860266200512
F13343403041909061107262130
B1334354526695N00330686EA024870266200512
B1334364526710N00330677EA024880266100512
B1334374526725N00330673EA024870266100512
B1334384526741N00330674EA024870266100512
B1334394526756N00330680EA024870266100512
B1334404526769N00330690EA024870266000512
B1334414526781N00330704EA024860265900512
B1334424526790N00330722EA024860266000512
B1334434526797N00330742EA024860266100512
B1334444526800N00330764EA024870266200512
K133444018011
B1334454526801N00330786EA024880266300512
B1334464526799N00330808EA024910266600512
B1334474526795N00330829EA024940267000512
B1334484526789N00330850EA024960267300512
B1334494526782N00330869EA024980267400512
B1334504526771N00330886EA024980267500512
B1334514526759N00330900EA024990267400512
B1334524526744N00330912EA024990267300512
B1334534526727N00330920EA024970267000512
K133453024010
B1334544526710N00330923EA024930266800512
B1334554526691N00330921EA024920266600512
B1334564526673N00330913EA024920266500512
B1334574526658N00330898EA024920266500512
B1334584526646N00330877EA024910266500512
B1334594526637N00330853EA024930266700512
B1335004526632N00330828EA024940267000512
B1335014526631N00330803EA024970267100512
K133501029010
B1335024526633N00330779EA024980267400512
B1335034526639N00330757EA025010267600512
B1335044526648N00330737EA025020267700512
B1335054526658N00330720EA025020267700512
B1335064526672N00330708EA025020267600512
B1335074526687N00330700EA025000267600512
B1335084526703N00330698EA024980267500512
B1335094526718N00330702EA024980267300512
B1335104526732N00330712EA024970267200512
B1335114526744N00330726EA024970267100512
B1335124526753N00330745EA024970267100512
B1335134526758N00330766EA024960267100512
B1335144526758N00330789EA024950267200512
B1335154526754N00330811EA024960267200512
B1335164526746N00330831EA024960267200512
B1335174526734N00330848EA024950267100512
B1335184526719N00330861EA024950267000512
K133518035010
LXNA::AVGSATSNR:41
B1335194526703N00330872EA024940267000512
B1335204526686N00330880EA024940267100512
B1335214526668N00330887EA024950267300512
B1335224526650N00330894EA024970267400512
B1335234526631N00330899EA024980267500512
B1335244526613N00330904EA024970267400512
B1335254526594N00330910EA024940267100512
B1335264526575N00330914EA024900266700512
B1335274526555N00330919EA024890266600512
B1335284526535N00330922EA024880266600512
B1335294526516N00330925EA024900266800512
B1335304526496N00330927EA024920267000512
B1335314526477N00330928EA024940267300512
B1335324526459N00330929EA024970267500512
B1335334526441N00330929EA024980267700512
B1335344526423N00330928EA024980267600512
B1335354526405N00330928EA024970267400512
B1335364526387N00330927EA024930267100512
B1335374526369N00330927EA024900266700512
B1335384526350N00330926EA024860266300512
B1335394526331N00330926EA024820265900512
B1335404526311N00330927EA024780265600512
B1335414526291N00330928EA024750265200512
B1335424526271N00330929EA024720264900512
B1335434526251N00330931EA024680264500512
B1335444526230N00330932EA024630264100512
B1335454526208N00330934EA024600263700512
B1335464526186N00330935EA024560263300512
B1335474526164N00330936EA024530263000512
B1335484526142N00330936EA024510262900512
B1335494526120N00330937EA024510262900512
B1335504526097N00330938EA024500262900512
B1335514526075N00330938EA024510262900512
B1335524526053N00330939EA024500262800512
B1335534526030N00330941EA024500262800512
B1335544526008N00330942EA024500262800512
B1335554525986N00330944EA024490262800512
B1335564525964N00330946EA024500262800512
B1335574525942N00330948EA024500262900512
B1335584525921N00330950EA024510262900512
B1335594525899N00330953EA024500262900512
B1336004525878N00330956EA024500262900512
B1336014525857N00330960EA024490262800512
B1336024525835N00330964EA024480262700512
B1336034525814N00330970EA024470262500512
B1336044525793N00330977EA024460262400512
B1336054525772N00330985EA024450262400512
B1336064525751N00330994EA024450262400512
B1336074525731N00331004EA024450262300512
B1336084525710N00331014EA024430262200512
B1336094525690N00331025EA024420262100512
B1336104525671N00331036EA024410262000512
B1336114525651N00331047EA024400261900512
B1336124525631N00331059EA024400261800512
B1336134525612N00331069EA024380261700512
B1336144525593N00331080EA024370261600512
B1336154525573N00331091EA024350261400512
B1336164525554N00331101EA024340261200512
B1336174525534N00331111EA024330261100512
B1336184525515N00331122EA024320261100512
B1336194525496N00331132EA024320260900512
LXNA::AVGSATSNR:39
B1336204525477N00331142EA024300260800512
B1336214525458N00331151EA024280260500512
B1336224525439N00331160EA024260260300512
B1336234525420N00331170EA024230260100512
B1336244525401N00331179EA024220259800512
B1336254525381N00331188EA024190259500512
B1336264525362N00331197EA024170259300512
B1336274525343N00331206EA024150259100512
B1336284525323N00331214EA024150259000512
B1336294525304N00331222EA024120258900512
B1336304525284N00331231EA024110258800512
B1336314525265N00331240EA024090258500512
B1336324525246N00331250EA024070258300512
B1336334525227N00331259EA024060258200512
LXNA::BAT:charging,100%,4.251V,24mA
B1336344525208N00331267EA024070258300512
B1336354525189N00331276EA024090258500512
B1336364525171N00331284EA024110258800512
B1336374525152N00331292EA024120258900512
B1336384525134N00331300EA024130259000512
B1336394525115N00331308EA024130258900512
B1336404525096N00331315EA024130258900512
B1336414525077N00331323EA024120258800512
B1336424525057N00331332EA024110258800512
B1336434525038N00331340EA024100258800512
B1336444525018N00331349EA024100258700512
B1336454524999N00331358EA024080258500512
B1336464524979N00331367EA024070258400512
B1336474524960N00331377EA024050258300512
B1336484524940N00331388EA024040258200512
B1336494524921N00331399EA024040258100512
B1336504524901N00331410EA024040258100512
B1336514524882N00331421EA024050258200512
B1336524524862N00331432EA024080258400512
B1336534524843N00331444EA024080258500512
B1336544524824N00331455EA024070258500512
B1336554524805N00331467EA024080258500512
B1336564524785N00331479EA024080258500512
B1336574524766N00331492EA024080258600512
B1336584524747N00331504EA024100258800512
B1336594524728N00331517EA024120259100512
B1337004524708N00331529EA024150259300512
B1337014524689N00331541EA024160259700512
B1337024524671N00331554EA024200259900512
B1337034524652N00331565EA024220260100512
B1337044524634N00331576EA024230260200512
B1337054524616N00331587EA024250260300512
B1337064524598N00331597EA024260260400512
B1337074524581N00331607EA024260260400512
B1337084524564N00331617EA024240260100512
B1337094524546N00331628EA024200259700512
B1337104524528N00331639EA024160259300512
B1337114524510N00331650EA024120258900512
B1337124524491N00331660EA024100258700512
B1337134524472N00331671EA024070258400512
B1337144524453N00331682EA024050258200512
B1337154524434N00331692EA024040258100512
B1337164524415N00331703EA024060258200512
B1337174524396N00331715EA024040258100512
B1337184524377N00331726EA024020258000512
B1337194524358N00331738EA024010257800512
B1337204524339N00331749EA023990257600512
LXNA::AVGSATSNR:40
B1337214524320N00331761EA023960257300512
B1337224524301N00331774EA023940257200512
B1337234524282N00331787EA023930257100512
B1337244524264N00331800EA023930257100512
B1337254524245N00331813EA023920257100512
B1337264524227N00331825EA023920257000512
B1337274524209N00331838EA023930256900512
B1337284524190N00331850EA023910256900512
B1337294524172N00331862EA023910256800512
B1337304524153N00331873EA023890256600512
B1337314524135N00331885EA023890256600512
B1337324524116N00331896EA023880256500512
B1337334524098N00331908EA023870256400512
B1337344524079N00331919EA023850256200512
B1337354524060N00331930EA023820256000512
F1337350316041909061107262130
B1337364524041N00331940EA023800255700512
B1337374524022N00331951EA023780255500512
B1337384524004N00331962EA023760255300512
B1337394523985N00331973EA023730255000512
B1337404523967N00331983EA023690254600512
B1337414523948N00331994EA023660254200512
B1337424523930N00332005EA023620253700512
B1337434523911N00332015EA023590253500512
B1337444523891N00332026EA023580253300512
B1337454523872N00332036EA023550253000512
B1337464523852N00332047EA023520252800512
B1337474523833N00332059EA023500252800512
B1337484523813N00332070EA023500252700512
B1337494523793N00332082EA023510252800512
B1337504523774N00332093EA023530253000512
B1337514523755N00332105EA023550253300512
B1337524523737N00332117EA023580253600512
B1337534523719N00332128EA023600253800512
B1337544523702N00332140EA023610253800512
B1337554523685N00332153EA023620253900512
B1337564523668N00332165EA023630253900512
B1337574523651N00332178EA023630254000512
B1337584523634N00332192EA023620253900512
B1337594523618N00332206EA023610253800512
B1338004523602N00332221EA023600253600512
B1338014523585N00332235EA023580253300512
B1338024523569N00332250EA023560253100512
B1338034523552N00332265EA023540252900512
B1338044523535N00332280EA023530252700512
B1338054523518N00332295EA023510252700512
B1338064523501N00332311EA023510252700512
B1338074523484N00332327EA023510252600512
B1338084523467N00332344EA023500252600512
B1338094523450N00332360EA023500252600512
B1338104523433N00332377EA023490252500512
B1338114523416N00332393EA023490252400512
B1338124523399N00332409EA023480252400512
B1338134523382N00332424EA023480252300512
B1338144523364N00332438EA023490252500512
B1338154523346N00332451EA023520252700512
B1338164523328N00332462EA023570253100512
B1338174523310N00332473EA023580253600512
B1338184523292N00332484EA023620254000512
B1338194523275N00332494EA023650254300512
K133819033011
B1338204523257N00332504EA023690254600512
B1338214523241N00332514EA023710254900512
B1338224523224N00332524EA023750255300512
B1338234523208N00332534EA023790255700512
LXNA::AVGSATSNR:38
B1338244523192N00332544EA023830256100512
B1338254523176N00332553EA023860256300512
B1338264523159N00332560EA023870256400512
B1338274523140N00332563EA023880256500512
B1338284523122N00332561EA023880256500512
B1338294523104N00332551EA023890256500512
B1338304523087N00332536EA023890256400512
B1338314523074N00332515EA023880256200512
B1338324523066N00332489EA023860256100512
B1338334523064N00332460EA023870256200512
B1338344523067N00332432EA023890256400512
B1338354523076N00332408EA023910256500512
B1338364523089N00332388EA023920256600512
B1338374523106N00332373EA023910256700512
B1338384523123N00332365EA023910256600512
B1338394523142N00332365EA023910256500512
B1338404523159N00332372EA023910256600512
B1338414523173N00332387EA023920256800512
B1338424523183N00332407EA023950256900512
B1338434523189N00332430EA023960256900512
B1338444523190N00332456EA023980257100512
B1338454523187N00332482EA024010257600512
B1338464523180N00332507EA024050258300512
B1338474523172N00332530EA024130259100512
B1338484523162N00332551EA024200259800512
B1338494523150N00332569EA024260260400512
B1338504523136N00332584EA024320261000512
B1338514523120N00332594EA024370261500512
B1338524523102N00332600EA024390261600512
B1338534523084N00332599EA024380261400512
B1338544523066N00332593EA024330261000512
B1338554523048N00332581EA024300260500512
B1338564523033N00332563EA024260260300512
B1338574523020N00332540EA024260260400512
B1338584523012N00332513EA024290260700512
B1338594523008N00332485EA024330261100512
B1339004523009N00332458EA024370261500512
B1339014523015N00332432EA024400261900512
B1339024523023N00332409EA024430262100512
K133902124007
B1339034523035N00332389EA024470262500512
B1339044523049N00332376EA024500262800512
B1339054523065N00332368EA024530263100512
B1339064523082N00332367EA024550263200512
B1339074523098N00332372EA024550263300512
B1339084523113N00332382EA024580263400512
B1339094523125N00332398EA024580263500512
B1339104523134N00332419EA024580263600512
B1339114523139N00332442EA024610263900512
B1339124523140N00332467EA024640264300512
B1339134523137N00332492EA024680264600512
B1339144523128N00332516EA024700264800512
B1339154523116N00332537EA024710265000512
B1339164523100N00332555EA024730265200512
K133916093007
B1339174523083N00332569EA024760265600512
B1339184523064N00332579EA024790265800512
B1339194523044N00332585EA024800265900512
B1339204523023N00332586EA024800265900512
B1339214523003N00332580EA024790265800512
B1339224522984N00332569EA024800265900512
B1339234522967N00332553EA024820266200512
K133923085006
B1339244522953N00332533EA024860266600512
LXNA::AVGSATSNR:39
B1339254522943N00332509EA024900267000512
B1339264522937N00332482EA024930267200512
B1339274522935N00332455EA024930267300512
B1339284522938N00332429EA024950267300512
B1339294522945N00332403EA024940267300512
B1339304522956N00332381EA024940267300512
K133930073006
B1339314522969N00332362EA024950267500512
B1339324522984N00332347EA024970267700512
B1339334523001N00332339EA025000268000512
B1339344523019N00332338EA025040268300512
LXNA::BAT:charging,100%,4.251V,24mA
B1339354523036N00332342EA025070268600512
B1339364523051N00332353EA025100268800512
B1339374523063N00332369EA025120269100512
K133937063007
B1339384523074N00332388EA025130269400512
B1339394523081N00332410EA025170269700512
B1339404523084N00332434EA025200270200512
B1339414523084N00332458EA025260270600512
B1339424523079N00332481EA025320271100512
B1339434523071N00332503EA025350271400512
B1339444523059N00332521EA025360271600512
B1339454523044N00332537EA025380271700512
K133945052007
B1339464523026N00332549EA025370271800512
B1339474523007N00332557EA025370271700512
B1339484522987N00332562EA025340271500512
B1339494522967N00332563EA025320271200512
B1339504522946N00332558EA025310271100512
B1339514522926N00332548EA025310271100512
B1339524522909N00332532EA025330271300512
B1339534522893N00332511EA025360271500512
B1339544522881N00332487EA025370271700512
B1339554522873N00332460EA025380271800612
B1339564522868N00332431EA025380271800512
B1339574522868N00332402EA025380271700512
B1339584522873N00332373EA025370271700512
B1339594522881N00332347EA025360271800512
B1340004522893N00332324EA025390272000512
K134000049009
B1340014522908N00332306EA025410272300512
B1340024522925N00332293EA025440272500512
B1340034522942N00332286EA025450272600512
B1340044522961N00332283EA025450272700512
B1340054522978N00332285EA025470272800512
B1340064522995N00332291EA025490273100512
B1340074523011N00332301EA025520273300512
B1340084523026N00332314EA025540273600512
B1340094523038N00332330EA025570273900512
B1340104523049N00332349EA025590274000512
B1340114523057N00332371EA025610274200512
B1340124523062N00332394EA025620274400512
B1340134523063N00332419EA025650274700512
B1340144523062N00332445EA025680275000512
B1340154523059N00332470EA025680275100512
B1340164523054N00332495EA025680275000512
B1340174523047N00332521EA025690275000512
B1340184523038N00332545EA025690275200512
B1340194523027N00332569EA025700275300512
B1340204523014N00332592EA025690275200512
B1340214523000N00332615EA025660274900512
B1340224522985N00332638EA025630274400512
B1340234522969N00332662EA025580274000512
B1340244522952N00332685EA025540273700512
B1340254522935N00332708EA025520273400512
B1340264522917N00332731EA025510273300512
LXNA::AVGSATSNR:39
B1340274522899N00332753EA025520273500512
B1340284522881N00332775EA025540273700512
B1340294522864N00332796EA025560274000512
B1340304522847N00332818EA025580274200512
B1340314522831N00332840EA025620274600512
B1340324522816N00332862EA025630274800512
B1340334522801N00332884EA025650274900512
B1340344522787N00332906EA025670275200512
B1340354522773N00332928EA025690275300512
B1340364522760N00332949EA025690275300512
F13403603160419090611072130
B1340374522746N00332970EA025700275400512
B1340384522732N00332991EA025720275600512
B1340394522718N00333011EA025740275800512
B1340404522704N00333031EA025770276000512
B1340414522690N00333050EA025790276200512
B1340424522675N00333068EA025800276300512
B1340434522658N00333084EA025800276200512
B1340444522641N00333098EA025800276200512
B1340454522622N00333109EA025790276100512
B1340464522603N00333118EA025780276000512
B1340474522583N00333124EA025780276000512
B1340484522563N00333128EA025780276100512
B1340494522544N00333130EA025790276200512
B1340504522524N00333129EA025800276300512
B1340514522505N00333127EA025800276200512
B1340524522485N00333122EA025790276100512
B1340534522466N00333116EA025780276000512
B1340544522447N00333110EA025760275900512
B1340554522428N00333103EA025750275800512
B1340564522409N00333095EA025740275700512
B1340574522390N00333087EA025720275500512
B1340584522371N00333078EA025700275300512
B1340594522353N00333069EA025680275100512
B1341004522334N00333059EA025650274900512
B1341014522315N00333049EA025640274600512
B1341024522296N00333037EA025620274400512
B1341034522277N00333026EA025590274200512
B1341044522258N00333014EA025580274100512
B1341054522239N00333003EA025560274000512
B1341064522219N00332991EA025560274000512
B1341074522201N00332978EA025580274100512
B1341084522183N00332965EA025590274400512
B1341094522165N00332952EA025610274600512
B1341104522148N00332939EA025630274700512
B1341114522131N00332925EA025630274700512
B1341124522115N00332910EA025620274400512
B1341134522098N00332895EA025590274000512
B1341144522081N00332879EA025540273500512
B1341154522064N00332863EA025490273100512
B1341164522046N00332847EA025470272900512
B1341174522028N00332831EA025450272700512
B1341184522009N00332816EA025440272600512
B1341194521990N00332802EA025420272400512
B1341204521970N00332788EA025410272200512
B1341214521950N00332775EA025390272000512
B1341224521929N00332763EA025380272000512
B1341234521909N00332751EA025370272000512
B1341244521888N00332741EA025380272000512
B1341254521867N00332733EA025380272100512
B1341264521846N00332725EA025380272100512
B1341274521825N00332718EA025390272100512
LXNA::AVGSATSNR:38
B1341284521804N00332712EA025380272100512
B1341294521783N00332706EA025370271900512
B1341304521762N00332701EA025360271800512
B1341314521741N00332696EA025340271600512
B1341324521720N00332691EA025320271400512
B1341334521698N00332686EA025290271100512
B1341344521677N00332682EA025270270800512
B1341354521655N00332677EA025240270500512
B1341364521633N00332673EA025210270200512
B1341374521611N00332669EA025190270000512
B1341384521589N00332665EA025170269900512
B1341394521567N00332661EA025160269700512
B1341404521544N00332657EA025140269600512
B1341414521522N00332654EA025150269500512
B1341424521499N00332651EA025120269400512
B1341434521477N00332648EA025120269300512
B1341444521454N00332645EA025120269400512
B1341454521432N00332642EA025130269500512
B1341464521410N00332640EA025150269700512
B1341474521388N00332639EA025150269900512
B1341484521366N00332639EA025170270000512
B1341494521345N00332640EA025170270000512
B1341504521323N00332643EA025170269900512
B1341514521301N00332645EA025160269800512
B1341524521279N00332648EA025180270000512
B1341534521258N00332651EA025190270200512
B1341544521237N00332653EA025210270400512
B1341554521216N00332655EA025230270500512
B1341564521196N00332658EA025230270600512
B1341574521176N00332660EA025230270500512
B1341584521156N00332663EA025220270400512
B1341594521136N00332665EA025210270300512
B1342004521116N00332668EA025190270100512
B1342014521095N00332671EA025160269700512
B1342024521075N00332674EA025140269400512
B1342034521054N00332676EA025090269100512
B1342044521033N00332679EA025070268900512
B1342054521012N00332681EA025050268700512
B1342064520992N00332683EA025040268500512
B1342074520971N00332686EA025010268200512
B1342084520951N00332688EA024980268000512
B1342094520931N00332691EA024960267800512
B1342104520911N00332694EA024940267500512
B1342114520890N00332697EA024920267400512
B1342124520870N00332700EA024910267200512
B1342134520850N00332702EA024900267100512
B1342144520830N00332704EA024890266900512
B1342154520810N00332706EA024860266700512
B1342164520790N00332707EA024840266600512
B1342174520769N00332708EA024820266400512
B1342184520749N00332709EA024800266100512
B1342194520729N00332710EA024780265800512
B1342204520708N00332711EA024740265500512
B1342214520687N00332712EA024710265100512
B1342224520667N00332713EA024660264700512
B1342234520646N00332713EA024620264300512
B1342244520625N00332714EA024570263800512
B1342254520604N00332715EA024530263300512
B1342264520582N00332717EA024490262800512
B1342274520560N00332720EA024460262600512
B1342284520539N00332723EA024460262600512
LXNA::AVGSATSNR:38
B1342294520517N00332728EA024470262800512
B1342304520497N00332733EA024480263000512
B1342314520476N00332738EA024490263000512
B1342324520457N00332743EA024490262900512
B1342334520437N00332750EA024480262800512
B1342344520417N00332756EA024470262700512
B1342354520398N00332763EA024460262600512
LXNA::BAT:charging,100%,4.251V,24mA
B1342364520379N00332770EA024430262400512
B1342374520359N00332778EA024410262200512
B1342384520340N00332786EA024390261900512
B1342394520320N00332795EA024360261600512
B1342404520300N00332803EA024340261300512
B1342414520280N00332812EA024300261000512
B1342424520260N00332820EA024270260700512
B1342434520240N00332830EA024240260400512
B1342444520219N00332839EA024220260100512
B1342454520198N00332849EA024200259900512
B1342464520178N00332858EA024190259800512
B1342474520157N00332868EA024180259700512
B1342484520136N00332877EA024170259700512
B1342494520116N00332886EA024160259600512
B1342504520095N00332894EA024140259300512
B1342514520074N00332902EA024120259100512
B1342524520053N00332909EA024110259000512
B1342534520033N00332916EA024100259000512
B1342544520013N00332922EA024110259000512
B1342554519993N00332928EA024110259000512
B1342564519973N00332933EA024110259000512
B1342574519953N00332939EA024100258900512
B1342584519934N00332944EA024110259000512
B1342594519915N00332948EA024110259000512
B1343004519896N00332952EA024120259100512
B1343014519877N00332955EA024120259100512
K134301053010
B1343024519859N00332956EA024120259200512
B1343034519840N00332957EA024130259200512
B1343044519822N00332957EA024120259100512
B1343054519804N00332956EA024110259000512
B1343064519786N00332954EA024080258700512
B1343074519768N00332952EA024050258400512
B1343084519750N00332949EA024030258200512
B1343094519732N00332943EA024020258000512
B1343104519714N00332936EA024000257800512
B1343114519697N00332927EA023980257500512
B1343124519680N00332917EA023940257200512
B1343134519662N00332906EA023910256800512
B1343144519645N00332894EA023870256300512
B1343154519628N00332882EA023820255900512
B1343164519611N00332868EA023770255400512
B1343174519593N00332854EA023730254900512
B1343184519575N00332839EA023710254600512
B1343194519558N00332824EA023670254300512
B1343204519539N00332810EA023630254000512
B1343214519521N00332795EA023610253800512
B1343224519503N00332781EA023620253800512
B1343234519485N00332768EA023630254000512
B1343244519466N00332756EA023640254200512
B1343254519448N00332744EA023660254400512
B1343264519431N00332733EA023700254700512
B1343274519414N00332721EA023730255000512
B1343284519397N00332710EA023740255200512
B1343294519381N00332698EA023790255400512
LXNA::AVGSATSNR:38
B1343304519365N00332685EA023810255900512
B1343314519351N00332673EA023860256300512
B1343324519337N00332661EA023890256700512
B1343334519323N00332649EA023940257200512
B1343344519310N00332637EA023970257500512
B1343354519298N00332624EA024020257900512
B1343364519285N00332612EA024050258200512
B1343374519273N00332601EA024070258500512
B1343384519260N00332590EA024100258700512
B1343394519248N00332579EA024110258800512
B1343404519236N00332565EA024110258800512
B1343414519226N00332549EA024090258500512
B1343424519217N00332531EA024070258200512
B1343434519212N00332509EA024020257800512
B1343444519209N00332486EA023990257600512
B1343454519210N00332461EA023980257600512
B1343464519215N00332438EA024000257900512
B1343474519224N00332417EA024040258400512
B1343484519235N00332401EA024100258800512
B1343494519249N00332389EA024130259100512
B1343504519265N00332382EA024150259300512
B1343514519282N00332382EA024160259400512
B1343524519299N00332387EA024170259400512
B1343534519314N00332400EA024150259400512
B1343544519327N00332418EA024160259400512
B1343554519336N00332441EA024160259400512
B1343564519339N00332467EA024160259400512
B1343574519337N00332493EA024170259300512
B1343584519331N00332518EA024160259300512
B1343594519321N00332540EA024150259400512
B1344004519309N00332559EA024160259500512
B1344014519295N00332574EA024190259600512
B1344024519279N00332584EA024220259800512
B1344034519262N00332591EA024240260100512
B1344044519244N00332595EA024250260300512
B1344054519227N00332597EA024270260400512
B1344064519210N00332596EA024280260300512
B1344074519192N00332594EA024240260100512
B1344084519174N00332591EA024220259900512
B1344094519155N00332588EA024200259900512
B1344104519136N00332585EA024230260200512
B1344114519118N00332581EA024260260600512
B1344124519100N00332576EA024290260900512
B1344134519084N00332567EA024300261000512
B1344144519069N00332555EA024310261000512
B1344154519055N00332538EA024300260900512
B1344164519045N00332518EA024290260700512
B1344174519038N00332495EA024270260600512
B1344184519034N00332470EA024270260600512
B1344194519034N00332445EA024270260700512
B1344204519038N00332421EA024270260600512
B1344214519047N00332399EA024260260500512
B1344224519059N00332381EA024240260200512
B1344234519075N00332368EA024220260000512
B1344244519093N00332361EA024210259900512
B1344254519111N00332359EA024200259900512
B1344264519130N00332363EA024220260000512
B1344274519148N00332372EA024230260100512
B1344284519164N00332386EA024240260200512
B1344294519178N00332404EA024240260200512
B1344304519190N00332426EA024240260200512
LXNA::AVGSATSNR:39
B1344314519198N00332451EA024250260300512
B1344324519203N00332479EA024270260400512
B1344334519204N00332508EA024270260500512
B1344344519202N00332537EA024290260500512
B1344354519200N00332566EA024290260800512
B1344364519196N00332594EA024320261000512
B1344374519191N00332622EA024340261200512
B1344384519185N00332650EA024360261400512
B1344394519177N00332677EA024380261700512
B1344404519169N00332703EA024410262100512
B1344414519161N00332728EA024460262600512
B1344424519151N00332753EA024500263100512
B1344434519141N00332776EA024540263300512
B1344444519128N00332795EA024550263500512
B1344454519112N00332810EA024560263500512
B1344464519095N00332818EA024560263500512
F134446160419090611072130
B1344474519077N00332817EA024570263600512
B1344484519060N00332808EA024590263800512
B1344494519047N00332793EA024610264000512
B1344504519037N00332773EA024610264000512
K134450257011
B1344514519031N00332750EA024590263700512
B1344524519031N00332726EA024560263600512
B1344534519037N00332702EA024560263600512
B1344544519048N00332682EA024580263800512
B1344554519061N00332666EA024600264000512
B1344564519077N00332655EA024610264100512
B1344574519094N00332650EA024620264100512
B1344584519112N00332650EA024630264300512
B1344594519130N00332655EA024640264400512
B1345004519146N00332667EA024660264500512
B1345014519160N00332684EA024670264600512
B1345024519171N00332705EA024680264700512
B1345034519179N00332728EA024690264900512
B1345044519184N00332754EA024720265100512
B1345054519186N00332780EA024760265500512
B1345064519184N00332806EA024780265800512
B1345074519179N00332830EA024800266100512
B1345084519171N00332854EA024820266100512
B1345094519160N00332874EA024810266100512
B1345104519146N00332891EA024810266000512
B1345114519130N00332903EA024810266000512
B1345124519112N00332909EA024820266000512
K134512260009
B1345134519095N00332908EA024820266100512
B1345144519077N00332902EA024830266200512
B1345154519062N00332891EA024840266400512
B1345164519049N00332874EA024860266600512
B1345174519038N00332855EA024880266700512
B1345184519032N00332831EA024880266600512
B1345194519030N00332806EA024860266500512
B1345204519033N00332781EA024860266600512
B1345214519040N00332758EA024880266800512
B1345224519052N00332738EA024910267200512
B1345234519066N00332722EA024940267500612
B1345244519081N00332711EA024970267700612
B1345254519099N00332705EA024980267700512
B1345264519117N00332704EA024970267700512
B1345274519135N00332708EA024960267600512
B1345284519153N00332719EA024960267500512
B1345294519168N00332735EA024950267400512
B1345304519181N00332757EA024940267100512
B1345314519190N00332782EA024910267000512
LXNA::AVGSATSNR:40
B1345324519195N00332811EA024910267000512
B1345334519197N00332841EA024910267000512
B1345344519197N00332871EA024910267000512
B1345354519194N00332902EA024920267300512
B1345364519190N00332932EA024950267600512
LXNA::BAT:charging,100%,4.252V,24mA
B1345374519185N00332961EA024970267800512
B1345384519179N00332990EA025000268100512
B1345394519172N00333018EA025020268300512
B1345404519165N00333045EA025020268300512
B1345414519156N00333071EA025030268400512
B1345424519147N00333096EA025040268400512
B1345434519137N00333120EA025030268300512
B1345444519127N00333144EA025020268300512
B1345454519116N00333166EA025020268200512
B1345464519105N00333188EA025000268000512
B1345474519094N00333210EA024950267600512
B1345484519082N00333231EA024910266900512
B1345494519069N00333252EA024840266200512
B1345504519056N00333274EA024770265600512
B1345514519042N00333297EA024720265100512
B1345524519029N00333320EA024690264700512
B1345534519015N00333343EA024650264400512
B1345544519000N00333365EA024620264200512
B1345554518986N00333387EA024610263900512
B1345564518971N00333409EA024590263800512
B1345574518956N00333431EA024580263700512
B1345584518941N00333452EA024570263600512
B1345594518926N00333473EA024550263400512
B1346004518910N00333493EA024520263000512
B1346014518895N00333514EA024500262800512
B1346024518879N00333534EA024490262800512
B1346034518863N00333553EA024510263100512
B1346044518847N00333571EA024550263500512
B1346054518831N00333588EA024570263800512
B1346064518816N00333606EA024580263900512
B1346074518801N00333623EA024600263900512
B1346084518786N00333640EA024590263900512
B1346094518771N00333657EA024580263800512
B1346104518756N00333674EA024580263800512
B1346114518741N00333691EA024590263900512
B1346124518727N00333708EA024590263900512
B1346134518712N00333725EA024590263800512
B1346144518698N00333741EA024580263700512
B1346154518683N00333758EA024560263600512
B1346164518669N00333776EA024550263500512
B1346174518655N00333794EA024560263500512
B1346184518642N00333814EA024550263500512
B1346194518629N00333833EA024530263300512
B1346204518617N00333854EA024500263000512
B1346214518604N00333875EA024480262700512
B1346224518592N00333897EA024470262500512
B1346234518580N00333921EA024460262600512
B1346244518570N00333945EA024470262700512
B1346254518559N00333969EA024490262900512
B1346264518550N00333994EA024500263000512
B1346274518541N00334018EA024510263000512
B1346284518531N00334042EA024520263100512
B1346294518522N00334065EA024530263200512
B1346304518512N00334088EA024540263300512
B1346314518503N00334111EA024550263500512
B1346324518493N00334133EA024560263500512
LXNA::AVGSATSNR:42
B1346334518484N00334156EA024560263500512
B1346344518475N00334178EA024570263600512
B1346354518466N00334200EA024580263800512
B1346364518457N00334222EA024600263900512
B1346374518448N00334244EA024590263900512
B1346384518439N00334266EA024580263900512
B1346394518430N00334288EA024590263900512
B1346404518421N00334309EA024600264000512
B1346414518412N00334330EA024610264100512
B1346424518403N00334350EA024620264100512
B1346434518393N00334370EA024620264100512
B1346444518384N00334390EA024610264000512
B1346454518374N00334409EA024600263900512
B1346464518365N00334429EA024590263800512
B1346474518356N00334449EA024580263600512
B1346484518347N00334469EA024560263400512
B1346494518338N00334490EA024530263000512
B1346504518329N00334511EA024500262600512
B1346514518319N00334533EA024460262200512
B1346524518309N00334556EA024420261900512
B1346534518298N00334578EA024400261700512
B1346544518287N00334601EA024400261700512
B1346554518275N00334624EA024410261900512
B1346564518264N00334647EA024440262200512
B1346574518252N00334670EA024480262500512
B1346584518241N00334691EA024530263000512
B1346594518229N00334712EA024560263500512
B1347004518217N00334731EA024610264000512
B1347014518205N00334750EA024670264400512
B1347024518193N00334767EA024700264800612
B1347034518181N00334784EA024740265200612
B1347044518169N00334799EA024770265500612
B1347054518158N00334815EA024790265700612
B1347064518146N00334831EA024800265900612
B1347074518135N00334847EA024800265900612
B1347084518125N00334864EA024810265800612
B1347094518114N00334881EA024790265700612
B1347104518103N00334898EA024770265500612
B1347114518091N00334915EA024750265300612
B1347124518079N00334932EA024740265200612
B1347134518067N00334949EA024720265100612
B1347144518056N00334966EA024710264900612
B1347154518044N00334984EA024680264700612
B1347164518032N00335002EA024640264200612
B1347174518020N00335020EA024590263600612
B1347184518007N00335040EA024540263000612
B1347194517994N00335060EA024490262600612
B1347204517980N00335081EA024440262200612
B1347214517966N00335103EA024420261900612
B1347224517951N00335124EA024410261900612
B1347234517936N00335145EA024430262100612
B1347244517921N00335166EA024450262400612
B1347254517906N00335187EA024490262900612
B1347264517892N00335208EA024530263400612
B1347274517879N00335229EA024580263900612
B1347284517867N00335249EA024650264500612
B1347294517855N00335269EA024710265100612
B1347304517843N00335288EA024740265500612
B1347314517831N00335306EA024770265700612
B1347324517818N00335322EA024770265700612
B1347334517803N00335336EA024770265500612
LXNA::AVGSATSNR:40
B1347344517786N00335345EA024740265100612
B1347354517767N00335349EA024700264800612
B1347364517748N00335347EA024680264500612
B1347374517729N00335338EA024650264300612
B1347384517711N00335323EA024620264000612
B1347394517696N00335304EA024610263900612
B1347404517683N00335280EA024630264100612
B1347414517674N00335254EA024660264500612
B1347424517668N00335228EA024700264900612
B1347434517665N00335201EA024740265300612
B1347444517665N00335175EA024760265600612
B1347454517667N00335149EA024760265500612
B1347464517673N00335125EA024740265300612
B1347474517681N00335104EA024730265100612
F134747031604090611072130
B1347484517692N00335084EA024710264900612
B1347494517705N00335068EA024700264700612
B1347504517719N00335054EA024680264500612
B1347514517734N00335043EA024670264500612
B1347524517751N00335037EA024680264700612
B1347534517767N00335034EA024690264800612
B1347544517784N00335033EA024700264800612
B1347554517800N00335034EA024700264900612
B1347564517816N00335037EA024690264800612
B1347574517831N00335042EA024670264600612
B1347584517846N00335050EA024680264700612
B1347594517860N00335060EA024710265000612
B1348004517872N00335072EA024720265200612
B1348014517883N00335085EA024730265300612
B1348024517893N00335100EA024730265200612
B1348034517903N00335117EA024700264900612
B1348044517911N00335135EA024690264700612
B1348054517919N00335156EA024660264500612
B1348064517925N00335179EA024650264400612
B1348074517929N00335203EA024630264200612
B1348084517932N00335229EA024620264000612
B1348094517933N00335255EA024610264000612
B1348104517932N00335282EA024630264200612
B1348114517931N00335308EA024670264600612
B1348124517928N00335334EA024710265200612
B1348134517925N00335359EA024780265900612
K134813262008
B1348144517921N00335383EA024840266500612
B1348154517916N00335406EA024890267000612
B1348164517911N00335429EA024930267300612
B1348174517904N00335450EA024940267400612
B1348184517894N00335469EA024920267100612
B1348194517880N00335485EA024870266500612
B1348204517864N00335496EA024800265700612
B1348214517844N00335500EA024740264900612
B1348224517824N00335496EA024670264400612
B1348234517806N00335484EA024630264100612
B1348244517790N00335464EA024620264000612
B1348254517779N00335441EA024630264100612
B1348264517772N00335414EA024640264300612
B1348274517768N00335387EA024660264400612
B1348284517769N00335360EA024660264500612
B1348294517773N00335335EA024650264400612
B1348304517782N00335312EA024660264300612
B1348314517794N00335291EA024670264300612
K134831026017
B1348324517807N00335272EA024690264600612
B1348334517820N00335253EA024710264900612
B1348344517833N00335236EA024730265200612
LXNA::AVGSATSNR:39
B1348354517846N00335219EA024760265500612
B1348364517860N00335206EA024790265800612
B1348374517875N00335196EA024810266000612
LXNA::BAT:charging,100%,4.252V,24mA
B1348384517890N00335190EA024820266100612
B1348394517906N00335187EA024830266100612
B1348404517922N00335189EA024840266200612
B1348414517938N00335192EA024840266300612
B1348424517954N00335197EA024850266500612
B1348434517969N00335203EA024870266600612
B1348444517984N00335211EA024880266800612
B1348454517999N00335220EA024910267000612
B1348464518012N00335232EA024940267300612
B1348474518025N00335245EA024980267700612
B1348484518037N00335260EA025000268100612
B1348494518048N00335276EA025030268300612
B1348504518057N00335294EA025040268300612
B1348514518063N00335315EA025020268100612
B1348524518064N00335339EA025000267800612
B1348534518059N00335362EA024980267500612
B1348544518049N00335384EA024940267200612
B1348554518034N00335400EA024910266800612
B1348564518016N00335409EA024880266500612
B1348574517997N00335410EA024870266500612
B1348584517978N00335401EA024890266600612
B1348594517961N00335387EA024910266900612
B1349004517946N00335368EA024940267200612
B1349014517934N00335346EA024960267400612
B1349024517925N00335321EA024970267500612
B1349034517921N00335295EA024980267600612
B1349044517921N00335269EA025010267900612
B1349054517926N00335244EA025030268100612
B1349064517933N00335221EA025060268500612
B1349074517942N00335201EA025100268900612
B1349084517954N00335185EA025140269300612
B1349094517967N00335172EA025160269500612
B1349104517982N00335164EA025170269600612
B1349114517997N00335161EA025170269500612
B1349124518014N00335163EA025180269600612
B1349134518030N00335168EA025200269800612
B1349144518045N00335176EA025220270200612
B1349154518060N00335186EA025260270700612
B1349164518074N00335197EA025300271000612
B1349174518087N00335211EA025320271200612
B1349184518098N00335227EA025330271200612
B1349194518106N00335247EA025300271000612
B1349204518109N00335270EA025290270600612
K134920016016
B1349214518107N00335296EA025230270100612
B1349224518100N00335321EA025200269900612
B1349234518088N00335343EA025180269700612
B1349244518073N00335361EA025190269800612
B1349254518055N00335371EA025200269900612
B1349264518035N00335374EA025230270100612
B1349274518016N00335367EA025240270200612
B1349284518000N00335353EA025240270200612
B1349294517988N00335333EA025230270300612
B1349304517980N00335308EA025240270300612
B1349314517977N00335282EA025250270500612
B1349324517980N00335256EA025260270700612
B1349334517986N00335231EA025270270800612
B1349344517997N00335209EA025280270800612
B1349354518010N00335191EA025290270900612
LXNA::AVGSATSNR:39
B1349364518027N00335178EA025300271100612
B1349374518045N00335169EA025310271200612
B1349384518064N00335168EA025320271300612
B1349394518083N00335173EA025320271300612
B1349404518101N00335185EA025320271300612
B1349414518116N00335202EA025310271200612
B1349424518127N00335225EA025320271200612
B1349434518135N00335251EA025330271400612
B1349444518138N00335280EA025340271500612
B1349454518137N00335308EA025340271500612
B1349464518132N00335336EA025360271300612
B1349474518124N00335363EA025340271200612
B1349484518113N00335387EA025330271300612
B1349494518100N00335409EA025340271500612
K134949009011
B1349504518087N00335431EA025340271600612
B1349514518074N00335452EA025350271800612
B1349524518061N00335473EA025370271900612
B1349534518047N00335493EA025390272200612
B1349544518034N00335512EA025400272300612
B1349554518020N00335531EA025420272400612
B1349564518007N00335550EA025420272500612
B1349574517993N00335568EA025430272500612
B1349584517979N00335586EA025420272400612
B1349594517965N00335604EA025430272500612
B1350004517951N00335621EA025450272700612
B1350014517936N00335638EA025460272900612
B1350024517922N00335655EA025490273200612
K135002001009
B1350034517907N00335671EA025520273500612
B1350044517891N00335687EA025550273800612
B1350054517875N00335702EA025580274100612
B1350064517859N00335716EA025610274200612
B1350074517843N00335730EA025620274300612
B1350084517826N00335744EA025610274400612
B1350094517810N00335758EA025630274500612
B1350104517793N00335773EA025630274700612
B1350114517777N00335788EA025650274800612
B1350124517760N00335803EA025660274900612
B1350134517743N00335819EA025660275000612
B1350144517727N00335834EA025660275000612
B1350154517710N00335850EA025660275000612
B1350164517694N00335866EA025650274900612
B1350174517677N00335882EA025630274700612
B1350184517661N00335898EA025630274700612
B1350194517646N00335914EA025630274700612
B1350204517630N00335930EA025650274800612
B1350214517614N00335946EA025650275000612
B1350224517599N00335961EA025680275200612
B1350234517584N00335976EA025710275500612
B1350244517568N00335992EA025730275700612
B1350254517554N00336008EA025750275900612
B1350264517538N00336024EA025780276100612
B1350274517523N00336040EA025800276400612
B1350284517508N00336057EA025820276600612
B1350294517492N00336074EA025830276700612
B1350304517476N00336091EA025830276700612
B1350314517459N00336109EA025820276600612
B1350324517442N00336126EA025790276300612
B1350334517424N00336144EA025760276000612
B1350344517404N00336162EA025740275700612
B1350354517385N00336179EA025730275600612
B1350364517365N00336198EA025730275500612
B1350374517344N00336216EA025710275500612
LXNA::AVGSATSNR:39
B1350384517324N00336234EA025700275400612
B1350394517302N00336251EA025710275400612
B1350404517280N00336266EA025710275500612
B1350414517258N00336281EA025710275600612
B1350424517235N00336295EA025720275600612
B1350434517212N00336308EA025720275700612
B1350444517189N00336320EA025730275800612
B1350454517165N00336332EA025750275900612
B1350464517142N00336344EA025770276100612
B1350474517118N00336356EA025780276400612
B1350484517095N00336368EA025800276600612
B1350494517072N00336380EA025840276900612
B1350504517049N00336392EA025860277200612
B1350514517026N00336404EA025890277400612
B1350524517003N00336417EA025910277700612
B1350534516981N00336430EA025940278000612
B1350544516959N00336443EA025980278400612
B1350554516938N00336458EA026020278800612
B1350564516917N00336473EA026060279200612
B1350574516898N00336489EA026090279500612
B1350584516878N00336507EA026130279900612
B1350594516860N00336525EA026170280200612
B1351004516843N00336545EA026190280600612
B1351014516826N00336566EA026220280900612
B1351024516809N00336587EA026240281000612
B1351034516794N00336610EA026240281100612
B1351044516779N00336634EA026270281300612
B1351054516766N00336658EA026290281600612
B1351064516754N00336683EA026320281800612
B1351074516743N00336709EA026340282100612
B1351084516732N00336734EA026360282400612
B1351094516721N00336759EA026400282600612
B1351104516710N00336783EA026410282800612
B1351114516699N00336807EA026440283100612
B1351124516688N00336830EA026460283400612
B1351134516677N00336853EA026480283500612
B1351144516665N00336875EA026480283600612
B1351154516652N00336896EA026490283600612
B1351164516639N00336916EA026490283600612
B1351174516626N00336936EA026480283500612
B1351184516611N00336955EA026460283400612
B1351194516597N00336973EA026440283100612
B1351204516581N00336991EA026410282700612
B1351214516565N00337009EA026360282300612
B1351224516547N00337026EA026320281900612
B1351234516528N00337042EA026290281400612
B1351244516509N00337057EA026260281100612
B1351254516488N00337072EA026220280700612
B1351264516467N00337085EA026180280400612
B1351274516446N00337098EA026150280000612
B1351284516424N00337110EA026110279600612
B1351294516402N00337122EA026080279200612
B1351304516379N00337133EA026040278900612
B1351314516356N00337143EA026010278600612
B1351324516333N00337153EA025980278400612
B1351334516309N00337162EA025960278200612
B1351344516286N00337171EA025930277900612
B1351354516262N00337180EA025910277700612
B1351364516238N00337188EA025910277500612
B1351374516215N00337198EA025880277300612
B1351384516191N00337207EA025860277200612
LXNA::AVGSATSNR:39
LXNA::BAT:charging,100%,4.252V,24mA
B1351394516168N00337217EA025840277000612
B1351404516144N00337226EA025830276800612
B1351414516121N00337235EA025830276800612
B1351424516097N00337243EA025810276700612
B1351434516073N00337251EA025810276600612
B1351444516050N00337257EA025800276600612
B1351454516026N00337263EA025800276600612
B1351464516002N00337268EA025790276400612
B1351474515979N00337273EA025770276100612
B1351484515955N00337279EA025740275900612
B1351494515931N00337286EA025720275600612
B1351504515908N00337293EA025690275400612
B1351514515885N00337302EA025670275200612
B1351524515861N00337312EA025660275100612
B1351534515839N00337323EA025650275000612
B1351544515816N00337335EA025650275000612
B1351554515794N00337347EA025660275000612
B1351564515773N00337361EA025670275100612
B1351574515752N00337375EA025670275100612
B1351584515732N00337389EA025660275100612
B1351594515712N00337405EA025650274900612
B1352004515693N00337420EA025640274800612
B1352014515673N00337435EA025630274700612
B1352024515654N00337450EA025610274500612
B1352034515635N00337465EA025600274300612
B1352044515616N00337479EA025580274100612
B1352054515597N00337492EA025580274100612
B1352064515578N00337505EA025580274100612
B1352074515559N00337516EA025580274000612
B1352084515540N00337526EA025580274000612
B1352094515521N00337535EA025560273900612
B1352104515502N00337543EA025550273700612
B1352114515483N00337551EA025520273400612
B1352124515464N00337558EA025470273000612
B1352134515445N00337564EA025430272500612
B1352144515425N00337570EA025390272000612
B1352154515405N00337577EA025350271700612
B1352164515385N00337583EA025320271400612
B1352174515365N00337590EA025310271200612
B1352184515345N00337596EA025280271000612
B1352194515325N00337602EA025260270800612
B1352204515306N00337607EA025230270500612
B1352214515285N00337613EA025210270300612
B1352224515265N00337619EA025190270100612
B1352234515245N00337625EA025160269900612
B1352244515225N00337631EA025130269600612
B1352254515205N00337635EA025110269300612
B1352264515185N00337640EA025090269000612
B1352274515164N00337645EA025040268700612
B1352284515143N00337650EA025010268300612
B1352294515122N00337654EA024990268100612
B1352304515100N00337659EA024970268000612
B1352314515079N00337664EA024960267900612
B1352324515058N00337668EA024950267900612
B1352334515038N00337673EA024950267800612
B1352344515017N00337678EA024940267700612
B1352354514996N00337683EA024940267600612
B1352364514975N00337687EA024930267600612
B1352374514955N00337691EA024940267700612
B1352384514934N00337695EA024950267800612
B1352394514914N00337698EA024950267800612
LXNA::AVGSATSNR:39
B1352404514893N00337701EA024940267700612
B1352414514873N00337705EA024930267600612
B1352424514853N00337709EA024920267400612
B1352434514832N00337712EA024890267200612
B1352444514811N00337716EA024860266900612
B1352454514791N00337720EA024830266500612
B1352464514770N00337724EA024800266300612
B1352474514749N00337728EA024800266100612
B1352484514728N00337733EA024790266200612
B1352494514708N00337739EA024800266200612
B1352504514688N00337744EA024800266200612
B1352514514668N00337749EA024800266200612
B1352524514648N00337754EA024800266100612
B1352534514628N00337760EA024790266100612
B1352544514608N00337765EA024790266100612
B1352554514589N00337772EA024780266000612
B1352564514569N00337778EA024770265900612
B1352574514550N00337784EA024760265800612
B1352584514530N00337791EA024730265400612
B1352594514511N00337798EA024700265100612
B1353004514491N00337805EA024660264700612
B1353014514471N00337812EA024660264600612
B1353024514451N00337819EA024650264600612
B1353034514432N00337828EA024660264800612
K135303001009
B1353044514413N00337837EA024670265000612
B1353054514394N00337846EA024680265000612
B1353064514375N00337855EA024680265100612
B1353074514357N00337864EA024710265200612
B1353084514339N00337873EA024730265400612
B1353094514321N00337882EA024740265600612
B1353104514304N00337891EA024750265700612
B1353114514287N00337900EA024760265700612
B1353124514270N00337910EA024740265500612
B1353134514253N00337920EA024720265200612
B1353144514235N00337929EA024690264900612
B1353154514217N00337939EA024670264600612
B1353164514199N00337949EA024630264400612
B1353174514180N00337959EA024620264200612
B1353184514162N00337970EA024590264000612
B1353194514143N00337981EA024560263600612
B1353204514124N00337992EA024510263100612
B1353214514104N00338003EA024460262600612
B1353224514085N00338014EA024430262200612
B1353234514065N00338025EA024400262000612
B1353244514045N00338036EA024380261800612
B1353254514025N00338047EA024360261600612
B1353264514006N00338058EA024350261600612
B1353274513986N00338069EA024350261500612
B1353284513967N00338080EA024330261400612
B1353294513948N00338092EA024330261300612
B1353304513930N00338103EA024320261200612
B1353314513911N00338114EA024310261100612
B1353324513893N00338125EA024300261000612
B1353334513875N00338136EA024280260800612
B1353344513857N00338147EA024250260400612
B1353354513839N00338157EA024220260100612
B1353364513821N00338167EA024200259800612
B1353374513802N00338177EA024170259600612
B1353384513784N00338188EA024130259200612
B1353394513765N00338199EA024100258900612
B1353404513746N00338210EA024070258600612
LXNA::AVGSATSNR:39
B1353414513727N00338221EA024050258300612
B1353424513708N00338233EA024020258100612
B1353434513689N00338244EA024000257900612
B1353444513670N00338256EA023980257700612
B1353454513651N00338268EA023980257700612
B1353464513632N00338278EA023960257600612
B1353474513613N00338289EA023960257600612
B1353484513594N00338300EA023950257500612
B1353494513576N00338312EA023940257300612
B1353504513558N00338323EA023920257200612
B1353514513540N00338335EA023890257000612
B1353524513521N00338347EA023880256700612
B1353534513503N00338359EA023860256400612
B1353544513485N00338372EA023830256100612
B1353554513467N00338386EA023800255700612
B1353564513449N00338400EA023730255200612
B1353574513430N00338415EA023690254700612
B1353584513411N00338430EA023660254500612
B1353594513393N00338445EA023650254400612
B1354004513374N00338460EA023640254300612
B1354014513356N00338476EA023640254300612
B1354024513338N00338491EA023630254200612
B1354034513321N00338507EA023620254100612
B1354044513304N00338523EA023610254000612
B1354054513287N00338540EA023590253700612
B1354064513271N00338556EA023560253300612
B1354074513254N00338571EA023530253000612
B1354084513238N00338587EA023510252800612
B1354094513222N00338603EA023490252600612
B1354104513206N00338619EA023460252400612
B1354114513190N00338634EA023450252100612
B1354124513175N00338650EA023420251900612
B1354134513159N00338666EA023410251600612
B1354144513144N00338682EA023370251400612
B1354154513129N00338698EA023360251200612
B1354164513114N00338713EA023360251100612
B1354174513098N00338729EA023340251000612
B1354184513083N00338744EA023350251100612
B1354194513067N00338757EA023370251100612
B1354204513052N00338770EA023360251100612
B1354214513036N00338783EA023350250900612
B1354224513020N00338795EA023310250600612
B1354234513003N00338808EA023270250300612
B1354244512987N00338821EA023250250100612
B1354254512971N00338836EA023240250100612
B1354264512955N00338851EA023230250000612
B1354274512939N00338868EA023220249900612
B1354284512924N00338886EA023230250000612
B1354294512910N00338905EA023240250200612
B1354304512896N00338925EA023260250300612
B1354314512883N00338946EA023270250300612
B1354324512870N00338967EA023250250200612
B1354334512857N00338989EA023240250000612
B1354344512845N00339012EA023230250000612
B1354354512832N00339035EA023230250000612
B1354364512820N00339058EA023250250100612
B1354374512807N00339082EA023270250200612
B1354384512795N00339106EA023280250400612
B1354394512783N00339131EA023290250600612
LXNA::BAT:charging,100%,4.252V,24mA
B1354404512771N00339155EA023310250600612
B1354414512759N00339180EA023310250700612
LXNA::AVGSATSNR:42
B1354424512747N00339205EA023330250900612
B1354434512734N00339229EA023350251200612
B1354444512722N00339252EA023390251600612
B1354454512709N00339275EA023420251900612
B1354464512696N00339297EA023440252100612
B1354474512683N00339319EA023440252200612
B1354484512669N00339339EA023450252200612
B1354494512655N00339358EA023450252300612
B1354504512639N00339375EA023460252400612
B1354514512622N00339390EA023490252700612
B1354524512606N00339403EA023530253000612
B1354534512588N00339414EA023560253400612
B1354544512572N00339424EA023610253900612
B1354554512555N00339434EA023640254300612
B1354564512538N00339442EA023690254600612
B1354574512520N00339447EA023730255100612
B1354584512503N00339447EA023760255500612
B1354594512486N00339444EA023800255800612
B1355004512469N00339438EA023820255900612
B1355014512455N00339428EA023840256100612
B1355024512443N00339413EA023870256400612
B1355034512433N00339395EA023890256700612
B1355044512426N00339376EA023910256900612
B1355054512423N00339355EA023930257100612
B1355064512423N00339334EA023940257300612
B1355074512426N00339313EA023950257400612
B1355084512433N00339294EA023970257500612
B1355094512443N00339279EA024000257800612
B1355104512457N00339268EA024030258200612
B1355114512472N00339263EA024080258800612
B1355124512489N00339262EA024130259300612
B1355134512505N00339266EA024180259800612
B1355144512521N00339274EA024230260200612
B1355154512535N00339287EA024270260500612
B1355164512546N00339305EA024300260900612
B1355174512555N00339327EA024320261200612
B1355184512562N00339350EA024350261300612
B1355194512565N00339375EA024360261400612
B1355204512566N00339401EA024370261700612
B1355214512564N00339427EA024410262000612
B1355224512559N00339452EA024450262300612
B1355234512553N00339475EA024490262700612
B1355244512543N00339496EA024530263200612
B1355254512532N00339515EA024580263700612
B1355264512519N00339530EA024600263900612
B1355274512504N00339543EA024630264100612
B1355284512488N00339551EA024630264200612
B1355294512471N00339555EA024640264200612
B1355304512454N00339555EA024640264200612
B1355314512437N00339551EA024640264300612
B1355324512422N00339542EA024650264500612
K135532295011
B1355334512410N00339528EA024690264800612
B1355344512400N00339511EA024710265000612
B1355354512394N00339492EA024730265300612
B1355364512390N00339471EA024760265700612
B1355374512390N00339451EA024790266100612
B1355384512393N00339433EA024820266400612
B1355394512399N00339415EA024850266600612
B1355404512408N00339401EA024860266700612
B1355414512419N00339389EA024890267000612
B1355424512432N00339381EA024930267300612
LXNA::AVGSATSNR:39
B1355434512447N00339376EA024960267600612
B1355444512462N00339375EA024970267800612
B1355454512477N00339378EA024970267900612
F1355451604090611072130
B1355464512491N00339385EA024990268100612
B1355474512507N00339395EA025020268300612
B1355484512520N00339410EA025070268700612
K135548290011
B1355494512532N00339426EA025070268800612
B1355504512542N00339446EA025070268800612
B1355514512549N00339469EA025060268700612
B1355524512555N00339493EA025050268600612
B1355534512559N00339520EA025040268600612
B1355544512561N00339547EA025040268600612
B1355554512560N00339575EA025040268700612
B1355564512557N00339603EA025060268900612
B1355574512550N00339630EA025080269100612
B1355584512541N00339656EA025090269100612
B1355594512530N00339679EA025100269300612
B1356004512515N00339699EA025120269500612
B1356014512499N00339714EA025150269700612
B1356024512481N00339725EA025150269800612
B1356034512462N00339732EA025150269700612
B1356044512443N00339735EA025130269600612
B1356054512424N00339732EA025120269500612
B1356064512407N00339723EA025120269400612
B1356074512392N00339710EA025130269500612
B1356084512378N00339693EA025140269700612
B1356094512368N00339674EA025170270000612
B1356104512361N00339652EA025210270300612
B1356114512357N00339630EA025240270700612
B1356124512355N00339607EA025270271100612
B1356134512356N00339585EA025300271500612
B1356144512359N00339563EA025330271800612
B1356154512364N00339543EA025350272100612
K135615298014
B1356164512372N00339525EA025380272400612
B1356174512382N00339509EA025410272700612
B1356184512393N00339494EA025450273000612
B1356194512405N00339482EA025490273400612
B1356204512418N00339473EA025520273700612
B1356214512432N00339467EA025540273900612
B1356224512447N00339466EA025560274100612
B1356234512463N00339469EA025570274300612
B1356244512478N00339475EA025590274400612
B1356254512493N00339484EA025610274500612
B1356264512507N00339496EA025610274600612
B1356274512520N00339513EA025620274600612
K135627303014
B1356284512531N00339533EA025610274600612
B1356294512540N00339557EA025610274500612
B1356304512547N00339583EA025610274500612
B1356314512550N00339611EA025610274500612
B1356324512549N00339640EA025610274600612
B1356334512544N00339668EA025630274800612
B1356344512534N00339694EA025660275000612
B1356354512521N00339715EA025680275200612
B1356364512504N00339731EA025700275400612
B1356374512486N00339741EA025700275500612
B1356384512466N00339745EA025700275600612
B1356394512447N00339744EA025720275700612
B1356404512429N00339737EA025720275700612
B1356414512413N00339726EA025720275800612
B1356424512399N00339709EA025730275800612
B1356434512387N00339689EA025730275800612
LXNA::AVGSATSNR:38
B1356444512379N00339667EA025730275900612
B1356454512373N00339643EA025740276100612
B1356464512369N00339618EA025760276300612
B1356474512370N00339593EA025790276700612
B1356484512374N00339570EA025830277000612
B1356494512381N00339548EA025860277300612
B1356504512391N00339529EA025880277500612
B1356514512404N00339514EA025910277900612
B1356524512419N00339504EA025960278200612
B1356534512435N00339497EA025980278500612
B1356544512452N00339495EA026000278700612
B1356554512469N00339498EA026020278800612
B1356564512486N00339506EA026020278900612
B1356574512502N00339519EA026030278800612
B1356584512517N00339536EA026000278600612
B1356594512530N00339556EA025980278300612
B1357004512541N00339581EA025960278000612
B1357014512549N00339608EA025940277900612
B1357024512555N00339637EA025930278000612
B1357034512559N00339667EA025950278100612
B1357044512560N00339697EA025980278300612
B1357054512558N00339727EA026010278700612
B1357064512553N00339756EA026030279100612
B1357074512546N00339783EA026070279500612
B1357084512537N00339807EA026110279700612
B1357094512526N00339830EA026120279900612
B1357104512512N00339850EA026130279900612
B1357114512497N00339867EA026120279900612
B1357124512481N00339881EA026100279600612
B1357134512464N00339894EA026070279300612
B1357144512446N00339906EA026050279100612
B1357154512428N00339916EA026030278900612
B1357164512409N00339925EA026030278800612
B1357174512390N00339933EA026000278800612
B1357184512371N00339942EA026000278700612
B1357194512351N00339950EA026000278800612
B1357204512332N00339959EA026000278800612
B1357214512313N00339969EA026000278900612
B1357224512294N00339979EA026010278900612
B1357234512275N00339991EA025990278700612
B1357244512256N00340002EA025980278400612
B1357254512237N00340014EA025920277800612
B1357264512218N00340027EA025870277100612
B1357274512198N00340039EA025790276500612
B1357284512177N00340051EA025730275900612
B1357294512156N00340063EA025690275500612
B1357304512135N00340076EA025650275100612
B1357314512115N00340088EA025620274800612
B1357324512094N00340099EA025590274500612
B1357334512073N00340110EA025580274300612
B1357344512052N00340121EA025560274100612
B1357354512031N00340130EA025530273800612
B1357364512010N00340140EA025500273400612
B1357374511989N00340149EA025460273000612
B1357384511968N00340157EA025420272600612
B1357394511947N00340165EA025390272200612
B1357404511926N00340173EA025380272000612
LXNA::BAT:charging,100%,4.252V,24mA
B1357414511904N00340180EA025370272100612
B1357424511883N00340188EA025380272300612
B1357434511861N00340196EA025410272500612
B1357444511840N00340205EA025400272500612
B1357454511819N00340213EA025400272600612
B1357464511798N00340222EA025420272700612
LXNA::AVGSATSNR:38
B1357474511777N00340230EA025430272800612
B1357484511756N00340237EA025440273000612
B1357494511735N00340245EA025470273300612
B1357504511715N00340252EA025490273600612
B1357514511694N00340259EA025510273800612
B1357524511674N00340265EA025540274200612
B1357534511654N00340270EA025580274600612
B1357544511634N00340274EA025610274800612
B1357554511615N00340278EA025610274900612
B1357564511595N00340282EA025610274800612
B1357574511575N00340286EA025600274700612
B1357584511556N00340291EA025590274600612
B1357594511536N00340296EA025560274400612
B1358004511516N00340301EA025540274100612
B1358014511496N00340307EA025520273900612
B1358024511477N00340313EA025490273500612
B1358034511457N00340320EA025460273100612
B1358044511437N00340328EA025410272600612
B1358054511417N00340336EA025370272200612
B1358064511397N00340346EA025330271800612
B1358074511376N00340356EA025280271200612
B1358084511356N00340366EA025210270600612
B1358094511335N00340378EA025170270100612
B1358104511313N00340390EA025130269700612
B1358114511292N00340402EA025100269400612
B1358124511271N00340414EA025070269100612
B1358134511249N00340427EA025050268900612
B1358144511228N00340440EA025030268700612
B1358154511207N00340453EA025010268600612
B1358164511186N00340466EA025010268400612
B1358174511166N00340480EA025000268300612
B1358184511146N00340494EA024990268300612
B1358194511126N00340508EA025000268300612
B1358204511106N00340522EA024990268300612
B1358214511087N00340537EA024990268300612
B1358224511067N00340552EA024990268300612
B1358234511048N00340567EA024990268300612
B1358244511029N00340581EA024990268300612
B1358254511010N00340596EA024990268300612
B1358264510991N00340610EA024980268200612
B1358274510972N00340625EA024970268100612
B1358284510953N00340640EA024960268000612
B1358294510933N00340655EA024960267900612
B1358304510914N00340671EA024960268000612
B1358314510895N00340686EA024980268100612
B1358324510876N00340703EA024980268200612
B1358334510857N00340719EA024990268300612
B1358344510838N00340736EA024990268200612
B1358354510819N00340752EA024980268100612
B1358364510800N00340769EA024970267900612
B1358374510780N00340785EA024950267700612
B1358384510760N00340802EA024930267600612
B1358394510741N00340819EA024910267500612
B1358404510721N00340837EA024900267300612
B1358414510702N00340854EA024890267100612
B1358424510682N00340870EA024900267200612
B1358434510663N00340887EA024910267400612
B1358444510645N00340903EA024930267600612
B1358454510626N00340920EA024940267700612
B1358464510608N00340936EA024930267600612
B1358474510590N00340952EA024930267500612
LXNA::AVGSATSNR:39
B1358484510572N00340968EA024910267400612
B1358494510554N00340985EA024900267300612
B1358504510535N00341002EA024890267200612
B1358514510517N00341019EA024880267200612
B1358524510498N00341037EA024880267100612
B1358534510480N00341054EA024880267000612
B1358544510461N00341071EA024880267000612
B1358554510443N00341088EA024880267100612
B1358564510424N00341106EA024890267100612
B1358574510406N00341123EA024880267100612
B1358584510388N00341141EA024890267200612
B1358594510369N00341160EA024900267300612
B1359004510351N00341178EA024910267400612
B1359014510334N00341196EA024920267500612
B1359024510316N00341214EA024930267600612
B1359034510298N00341232EA024920267600612
B1359044510280N00341250EA024910267400612
B1359054510262N00341268EA024900267200612
B1359064510244N00341286EA024890267100612
B1359074510226N00341303EA024890267100612
B1359084510208N00341320EA024890267200612
B1359094510191N00341338EA024890267200612
B1359104510173N00341355EA024890267200612
B1359114510155N00341372EA024880267000612
B1359124510137N00341390EA024870266900612
B1359134510120N00341407EA024850266600612
B1359144510102N00341425EA024820266400612
B1359154510085N00341443EA024790266100612
B1359164510067N00341461EA024770265800612
B1359174510049N00341479EA024740265600612
B1359184510032N00341498EA024720265300612
B1359194510014N00341517EA024690265100612
B1359204509996N00341535EA024680264800612
B1359214509978N00341554EA024650264600612
B1359224509960N00341572EA024630264400612
B1359234509942N00341591EA024600264100612
B1359244509924N00341610EA024580263900612
B1359254509906N00341628EA024560263700612
B1359264509887N00341647EA024540263500612
B1359274509869N00341666EA024520263200612
B1359284509851N00341685EA024500263100612
K135928302014
B1359294509832N00341704EA024480262900612
B1359304509814N00341723EA024470262800612
B1359314509795N00341742EA024460262600612
B1359324509777N00341761EA024450262500612
B1359334509759N00341781EA024440262400612
B1359344509741N00341800EA024420262200612
B1359354509722N00341819EA024400262000612
B1359364509704N00341838EA024380261800612
B1359374509686N00341857EA024370261700612
B1359384509669N00341877EA024360261600612
B1359394509651N00341896EA024360261600612
B1359404509634N00341915EA024370261700612
B1359414509617N00341935EA024390261900612
B1359424509600N00341955EA024410262200612
B1359434509584N00341976EA024450262500612
B1359444509570N00341997EA024490263100612
B1359454509556N00342018EA024560263800612
B1359464509543N00342039EA024620264400612
B1359474509530N00342060EA024660264900612
B1359484509518N00342080EA024700265200612
LXNA::AVGSATSNR:40
B1359494509505N00342100EA024740265700612
B1359504509493N00342120EA024800266300612
B1359514509482N00342139EA024880267100612
B1359524509470N00342158EA024940267700612
B1359534509457N00342176EA024990268400612
B1359544509443N00342190EA025040268900612
B1359554509427N00342201EA025080269200612
B1359564509409N00342208EA025100269400612
B1359574509391N00342209EA025100269300612
B1359584509372N00342206EA025090269100612
B1359594509354N00342197EA025070268800612
B1400004509337N00342184EA025020268400612
B1400014509321N00342166EA025010268300612
B1400024509309N00342143EA025020268500612
B1400034509302N00342118EA025050268800612
B1400044509298N00342091EA025070268900612
B1400054509298N00342064EA025080269100612
B1400064509303N00342039EA025090269300612
B1400074509310N00342015EA025130269700612
B1400084509320N00341995EA025160270100612
B1400094509333N00341978EA025210270800612
B1400104509347N00341966EA025280271200612
B1400114509363N00341958EA025310271600612
B1400124509379N00341955EA025340271900612
B1400134509396N00341955EA025360272100612
B1400144509412N00341959EA025380272200612
B1400154509428N00341966EA025390272400612
B1400164509442N00341976EA025430272700612
B1400174509455N00341990EA025460273100612
B1400184509466N00342008EA025500273500612
B1400194509473N00342028EA025520273700612
B1400204509478N00342049EA025530273900612
B1400214509480N00342072EA025550274000612
B1400224509480N00342096EA025560274200612
B1400234509477N00342120EA025570274200612
B1400244509472N00342143EA025580274300612
B1400254509466N00342167EA025590274500612
B1400264509458N00342190EA025620274700612
B1400274509448N00342211EA025650275100612
B1400284509436N00342231EA025680275500612
B1400294509423N00342249EA025730275900612
B1400304509407N00342264EA025760276400612
B1400314509391N00342276EA025800276800612
B1400324509373N00342286EA025840277100612
B1400334509355N00342291EA025870277400612
B1400344509336N00342294EA025900277700612
B1400354509317N00342294EA025910277800612
B1400364509299N00342289EA025900277700612
B1400374509281N00342280EA025910277700612
B1400384509265N00342266EA025910277700612
B1400394509251N00342249EA025910277700612
B1400404509240N00342229EA025910277700612
B1400414509231N00342206EA025910277700612
LXNA::BAT:charging,100%,4.254V,24mA
B1400424509226N00342181EA025890277500612
B1400434509224N00342155EA025880277300612
B1400444509226N00342129EA025870277200612
B1400454509231N00342104EA025850277200612
K140045042012
B1400464509238N00342079EA025860277300612
B1400474509248N00342057EA025860277300612
B1400484509260N00342037EA025870277400612
B1400494509273N00342019EA025900277500612
B1400504509289N00342007EA025920277800612
B1400514509306N00341998EA025940278200612
LXNA::AVGSATSNR:39
B1400524509324N00341993EA025990278600612
B1400534509341N00341991EA026060279200612
B1400544509359N00341992EA026100279600612
B1400554509376N00341996EA026140280000612
B1400564509392N00342003EA026150280200612
B1400574509407N00342014EA026160280400612
B1400584509421N00342027EA026180280400612
B1400594509434N00342044EA026170280300612
B1401004509445N00342063EA026150280000612
B1401014509454N00342085EA026120279600612
B1401024509462N00342109EA026060279000612
B1401034509467N00342136EA026000278400612
B1401044509470N00342164EA025950277900612
B1401054509470N00342195EA025900277300612
B1401064509468N00342226EA025850276800612
B1401074509464N00342258EA025810276500612
B1401084509457N00342290EA025790276300612
B1401094509448N00342322EA025780276300612
B1401104509437N00342353EA025790276400612
B1401114509424N00342383EA025820276600612
B1401124509410N00342411EA025840276900612
B1401134509394N00342438EA025850277100612
B1401144509377N00342462EA025870277300612
B1401154509358N00342484EA025880277300612
B1401164509337N00342503EA025890277400612
B1401174509315N00342520EA025880277400612
B1401184509292N00342533EA025890277400612
B1401194509269N00342543EA025910277400612
B1401204509244N00342551EA025890277600612
B1401214509219N00342556EA025900277600612
B1401224509194N00342560EA025900277700612
B1401234509169N00342563EA025900277700612
B1401244509144N00342563EA025910277800612
B1401254509118N00342561EA025920277800612
B1401264509093N00342558EA025910277800612
B1401274509068N00342551EA025910277800612
B1401284509044N00342542EA025910277800612
B1401294509019N00342531EA025920277700612
B1401304508996N00342520EA025910277700612
B1401314508972N00342508EA025890277600612
B1401324508948N00342497EA025880277400612
B1401334508924N00342486EA025870277300612
B1401344508900N00342477EA025870277400612
B1401354508875N00342469EA025870277400612
B1401364508851N00342464EA025880277600612
B1401374508826N00342461EA025900277700612
B1401384508801N00342460EA025910277900612
B1401394508777N00342462EA025930278000612
B1401404508753N00342466EA025930278000612
B1401414508729N00342472EA025920277900612
B1401424508706N00342480EA025910277700612
B1401434508682N00342490EA025880277400612
B1401444508659N00342502EA025850277100612
B1401454508637N00342515EA025820276900612
B1401464508614N00342529EA025810276700612
B1401474508592N00342545EA025800276500612
B1401484508570N00342561EA025800276600612
B1401494508548N00342578EA025800276700612
B1401504508527N00342596EA025830277000612
B1401514508506N00342612EA025860277300612
B1401524508484N00342628EA025880277500612
LXNA::AVGSATSNR:39
B1401534508463N00342643EA025910277800612
B1401544508441N00342656EA025920277900612
B1401554508419N00342668EA025920277900612
B1401564508397N00342679EA025910277700612
B1401574508374N00342690EA025890277500612
B1401584508351N00342700EA025870277300612
B1401594508328N00342710EA025850277100612
B1402004508305N00342719EA025820276800612
B1402014508281N00342729EA025800276600612
B1402024508257N00342737EA025770276400612
B1402034508233N00342745EA025760276300612
B1402044508208N00342751EA025740276100612
B1402054508184N00342756EA025740276000612
B1402064508160N00342759EA025730276000612
B1402074508136N00342761EA025730276000612
B1402084508112N00342762EA025740276200612
B1402094508088N00342762EA025780276600612
B1402104508065N00342761EA025810277000612
B1402114508043N00342760EA025840277300612
B1402124508021N00342760EA025860277600612
B1402134507999N00342759EA025880277800612
B1402144507977N00342759EA025880277800612
B1402154507956N00342759EA025870277700612
B1402164507934N00342760EA025850277500612
B1402174507912N00342762EA025830277300612
B1402184507890N00342765EA025800276900612
B1402194507867N00342769EA025780276700612
B1402204507845N00342774EA025750276500612
B1402214507822N00342780EA025720276100612
B1402224507799N00342788EA025680275700612
B1402234507776N00342797EA025650275400612
B1402244507753N00342806EA025610275000612
B1402254507729N00342816EA025590274800612
B1402264507706N00342826EA025590274800612
B1402274507682N00342834EA025620275000612
B1402284507658N00342841EA025630275200612
B1402294507633N00342846EA025640275300612
B1402304507609N00342850EA025640275200612
B1402314507585N00342852EA025610274900612
B1402324507560N00342853EA025590274600612
B1402334507536N00342852EA025560274400612
B1402344507511N00342852EA025530274000612
B1402354507486N00342852EA025490273600612
B1402364507460N00342853EA025460273300612
B1402374507435N00342855EA025440273100612
B1402384507409N00342858EA025430273000612
B1402394507383N00342863EA025410272800612
B1402404507357N00342869EA025390272600612
B1402414507331N00342877EA025370272400612
B1402424507305N00342885EA025370272300612
B1402434507280N00342895EA025360272200612
B1402444507254N00342904EA025350272100612
B1402454507228N00342913EA025340272100612
B1402464507202N00342921EA025350272100612
B1402474507177N00342929EA025350272200612
B1402484507151N00342936EA025360272400612
B1402494507126N00342942EA025370272500612
B1402504507101N00342948EA025390272600612
B1402514507076N00342954EA025390272700612
B1402524507051N00342960EA025410272800612
B1402534507027N00342967EA025420272900612
LXNA::AVGSATSNR:38
B1402544507002N00342974EA025440273100612
B1402554506978N00342982EA025460273300612
B1402564506954N00342990EA025470273500612
B1402574506931N00343000EA025490273700612
B1402584506908N00343010EA025510273900612
B1402594506885N00343021EA025530274100612
B1403004506863N00343032EA025550274300612
B1403014506841N00343044EA025580274500612
B1403024506818N00343056EA025590274600612
B1403034506796N00343068EA025600274700612
B1403044506773N00343079EA025610274900612
B1403054506750N00343090EA025630275000612
B1403064506727N00343100EA025640275200612
B1403074506704N00343110EA025650275300612
B1403084506681N00343120EA025650275300612
B1403094506657N00343129EA025650275300612
B1403104506634N00343138EA025650275200612
B1403114506610N00343147EA025640275200612
B1403124506587N00343157EA025630275100612
B1403134506564N00343167EA025630275100612
B1403144506541N00343176EA025630275000612
B1403154506518N00343186EA025620274900612
B1403164506496N00343196EA025620274800612
B1403174506473N00343206EA025620274800612
B1403184506451N00343217EA025620274800612
B1403194506430N00343228EA025620274800612
B1403204506408N00343239EA025610274700612
B1403214506387N00343250EA025600274600612
B1403224506365N00343262EA025590274500612
B1403234506344N00343274EA025570274300612
B1403244506323N00343287EA025550274100612
B1403254506302N00343299EA025530273900612
B1403264506281N00343313EA025510273800612
B1403274506259N00343326EA025500273600612
B1403284506238N00343340EA025480273500612
B1403294506217N00343353EA025470273400612
B1403304506196N00343367EA025460273300612
B1403314506175N00343380EA025450273200612
B1403324506154N00343394EA025430273000612
B1403334506133N00343407EA025420272700612
B1403344506112N00343420EA025410272600612
B1403354506091N00343433EA025390272500612
B1403364506070N00343445EA025370272300612
B1403374506049N00343457EA025350272100612
B1403384506027N00343470EA025350272100612
B1403394506007N00343482EA025350272100612
B1403404505986N00343495EA025360272200612
B1403414505965N00343508EA025360272300612
B1403424505945N00343521EA025370272300612
LXNA::BAT:charging,100%,4.253V,24mA
B1403434505925N00343535EA025360272200612
B1403444505905N00343549EA025350272000612
B1403454505885N00343562EA025340271900612
B1403464505865N00343575EA025340271800612
K140346038012
B1403474505844N00343587EA025330271700612
B1403484505823N00343599EA025320271600612
B1403494505802N00343610EA025320271700612
B1403504505781N00343621EA025330271800612
B1403514505760N00343631EA025350272000612
B1403524505738N00343641EA025360272200612
B1403534505717N00343651EA025370272200612
B1403544505695N00343659EA025380272300612
LXNA::AVGSATSNR:39
B1403554505674N00343666EA025390272400612
B1403564505652N00343672EA025390272500612
B1403574505630N00343678EA025410272700612
B1403584505608N00343682EA025430272800612
B1403594505586N00343686EA025430272900612
B1404004505564N00343688EA025420272900612
B1404014505542N00343690EA025440273000612
B1404024505519N00343692EA025440273000612
B1404034505497N00343693EA025430272900612
B1404044505475N00343695EA025410272800612
B1404054505453N00343697EA025410272800612
B1404064505430N00343698EA025410272800612
B1404074505408N00343699EA025400272700612
B1404084505385N00343698EA025390272600612
B1404094505362N00343697EA025390272500612
B1404104505339N00343695EA025390272400612
B1404114505316N00343693EA025380272400612
B1404124505293N00343690EA025360272300612
B1404134505270N00343687EA025340272100612
B1404144505248N00343683EA025330271900612
B1404154505225N00343679EA025310271800612
B1404164505202N00343675EA025320271800612
B1404174505180N00343670EA025330271900612
B1404184505158N00343664EA025340272000612
B1404194505136N00343659EA025340272000612
B1404204505114N00343654EA025330272000612
B1404214505091N00343648EA025320271800612
B1404224505069N00343642EA025300271600612
B1404234505047N00343636EA025290271400612
B1404244505025N00343630EA025280271300612
B1404254505003N00343623EA025260271100612
B1404264504981N00343617EA025240271000612
B1404274504958N00343610EA025240270900612
B1404284504937N00343604EA025230270900612
B1404294504915N00343599EA025240271000612
B1404304504893N00343593EA025250271100612
B1404314504871N00343588EA025270271200612
B1404324504850N00343583EA025280271400612
B1404334504829N00343578EA025270271400612
B1404344504807N00343573EA025270271400612
B1404354504787N00343569EA025270271300612
B1404364504766N00343564EA025260271300612
B1404374504745N00343559EA025250271100612
B1404384504724N00343555EA025240271000612
B1404394504704N00343549EA025240271000612
B1404404504684N00343544EA025260271100612
B1404414504663N00343539EA025270271300612
B1404424504643N00343534EA025280271500612
B1404434504623N00343529EA025300271600612
B1404444504603N00343524EA025310271800612
B1404454504583N00343520EA025360272400612
B1404464504563N00343516EA025440273200612
B1404474504544N00343512EA025530274100612
B1404484504526N00343509EA025590274800612
B1404494504509N00343506EA025660275500612
B1404504504491N00343504EA025710275900612
B1404514504474N00343502EA025710275900612
B1404524504456N00343499EA025720275900612
B1404534504438N00343496EA025740276000612
B1404544504420N00343493EA025750276200612
B1404554504401N00343490EA025770276400612
LXNA::AVGSATSNR:39
B1404564504383N00343488EA025790276500612
B1404574504364N00343485EA025810276700612
B1404584504345N00343482EA025820276900612
B1404594504325N00343480EA025850277200612
B1405004504306N00343478EA025880277400612
B1405014504287N00343476EA025880277500612
B1405024504268N00343475EA025880277500612
B1405034504248N00343474EA025870277500612
B1405044504229N00343473EA025870277400612
B1405054504210N00343472EA025870277400612
B1405064504190N00343471EA025860277300612
B1405074504171N00343470EA025850277200612
B1405084504152N00343470EA025840277000612
B1405094504132N00343471EA025810276700612
B1405104504112N00343471EA025780276300612
B1405114504091N00343473EA025730275900612
B1405124504070N00343474EA025730275600612
B1405134504049N00343475EA025690275400612
B1405144504027N00343476EA025680275400612
B1405154504004N00343478EA025680275300612
B1405164503982N00343481EA025660275200612
B1405174503960N00343484EA025630274900612
B1405184503938N00343488EA025610274700612
B1405194503916N00343490EA025600274600612
B1405204503893N00343493EA025590274600612
B1405214503871N00343496EA025580274500612
B1405224503848N00343498EA025590274500612
B1405234503826N00343501EA025590274600612
B1405244503804N00343503EA025600274700612
B1405254503783N00343505EA025610274700612
B1405264503761N00343507EA025620274700612
B1405274503740N00343510EA025610274600612
B1405284503718N00343512EA025590274500612
B1405294503697N00343515EA025580274400612
B1405304503676N00343517EA025560274100612
B1405314503654N00343519EA025540274000612
B1405324503632N00343521EA025530273900612
B1405334503610N00343522EA025520273800612
B1405344503589N00343524EA025500273700612
B1405354503567N00343526EA025470273500612
B1405364503545N00343527EA025460273400612
B1405374503523N00343529EA025470273300612
B1405384503502N00343530EA025460273200612
B1405394503480N00343532EA025450273200612
B1405404503458N00343534EA025450273200612
B1405414503436N00343536EA025440273200612
B1405424503415N00343538EA025450273200612
B1405434503393N00343541EA025460273300612
B1405444503372N00343544EA025460273300612
B1405454503351N00343547EA025450273200612
B1405464503329N00343551EA025440273100612
B1405474503308N00343555EA025430272900612
B1405484503286N00343559EA025400272700612
B1405494503264N00343564EA025390272500612
B1405504503242N00343570EA025380272400612
B1405514503220N00343577EA025370272300612
B1405524503198N00343584EA025360272200612
B1405534503177N00343591EA025360272200612
B1405544503155N00343599EA025370272300612
B1405554503133N00343606EA025370272300612
B1405564503111N00343614EA025360272200612
B1405574503089N00343621EA025350272100612
B1405584503067N00343628EA025350272200612
LXNA::AVGSATSNR:39
B1405594503045N00343635EA025370272300612
B1406004503023N00343641EA025390272400612
B1406014503001N00343647EA025380272400612
B1406024502980N00343653EA025370272400612
B1406034502958N00343659EA025370272400612
B1406044502937N00343664EA025370272400612
B1406054502915N00343670EA025370272500612
B1406064502894N00343676EA025370272500612
B1406074502873N00343681EA025370272500612
B1406084502852N00343686EA025350272300612
B1406094502831N00343691EA025330271900612
B1406104502809N00343695EA025280271500612
B1406114502788N00343699EA025250271200612
B1406124502766N00343703EA025220270900612
B1406134502743N00343707EA025200270700612
B1406144502721N00343709EA025190270500612
B1406154502699N00343712EA025190270500612
B1406164502676N00343714EA025180270500612
B1406174502654N00343715EA025180270500612
B1406184502632N00343716EA025180270500612
B1406194502611N00343717EA025190270400612
B1406204502589N00343718EA025190270400612
B1406214502567N00343718EA025190270400612
B1406224502546N00343718EA025180270400612
B1406234502524N00343717EA025180270300612
B1406244502502N00343716EA025180270400612
B1406254502481N00343715EA025210270500612
B1406264502459N00343713EA025230270900612
B1406274502438N00343711EA025280271500612
B1406284502418N00343709EA025340272000612
B1406294502397N00343707EA025380272400612
B1406304502377N00343706EA025400272700612
B1406314502357N00343704EA025410272700612
B1406324502336N00343702EA025400272600612
B1406334502315N00343700EA025370272300612
B1406344502293N00343698EA025330271800612
B1406354502270N00343697EA025280271300612
B1406364502246N00343697EA025240270800612
B1406374502222N00343697EA025200270400612
B1406384502197N00343698EA025180270200612
B1406394502171N00343698EA025160270200612
B1406404502145N00343698EA025170270300612
B1406414502120N00343697EA025200270500612
B1406424502095N00343695EA025210270700612
B1406434502070N00343693EA025220270800612
LXNA::BAT:charging,100%,4.253V,18mA
B1406444502044N00343690EA025220270600612
B1406454502019N00343686EA025200270500612
B1406464501995N00343682EA025190270400612
B1406474501970N00343678EA025180270300612
K140647038012
B1406484501945N00343674EA025160270000612
B1406494501920N00343669EA025140269900612
B1406504501895N00343665EA025120269700612
B1406514501869N00343662EA025120269600612
B1406524501844N00343659EA025120269700612
B1406534501819N00343656EA025130269800612
B1406544501794N00343654EA025150270000612
B1406554501770N00343652EA025180270300612
B1406564501745N00343650EA025180270400612
B1406574501721N00343648EA025180270400612
B1406584501696N00343647EA025190270400612
B1406594501672N00343647EA025180270400612
LXNA::AVGSATSNR:40
B1407004501648N00343649EA025180270400612
B1407014501623N00343652EA025190270400612
B1407024501600N00343656EA025190270400612
B1407034501576N00343662EA025190270500612
B1407044501553N00343670EA025190270400612
B1407054501530N00343679EA025180270300612
B1407064501507N00343690EA025170270200612
B1407074501485N00343701EA025170270100612
B1407084501462N00343712EA025160270000612
B1407094501440N00343724EA025160269900612
B1407104501418N00343737EA025150269900612
B1407114501396N00343750EA025150270000612
B1407124501374N00343763EA025150270000612
B1407134501352N00343776EA025160270000612
B1407144501331N00343789EA025150269900612
B1407154501309N00343803EA025140269800612
B1407164501288N00343816EA025130269800612
B1407174501268N00343830EA025140269900612
B1407184501248N00343843EA025160270100612
B1407194501228N00343856EA025190270400612
B1407204501209N00343869EA025200270500612
B1407214501191N00343882EA025200270500612
B1407224501173N00343895EA025200270400612
B1407234501155N00343909EA025190270200612
B1407244501138N00343922EA025150269900612
B1407254501120N00343935EA025130269400612
B1407264501101N00343949EA025080268900612
B1407274501082N00343961EA025030268300612
B1407284501062N00343974EA024980267700612
B1407294501042N00343986EA024920267300612
B1407304501021N00343998EA024860266800612
B1407314500999N00344008EA024810266300612
B1407324500976N00344017EA024780265900612
B1407334500953N00344023EA024740265600612
B1407344500930N00344028EA024720265300612
B1407354500906N00344029EA024680265100612
B1407364500882N00344028EA024660264800612
B1407374500858N00344024EA024630264500612
B1407384500834N00344016EA024620264300612
B1407394500811N00344007EA024600264100612
B1407404500787N00343996EA024570263900612
B1407414500763N00343983EA024550263700612
B1407424500740N00343969EA024530263400612
B1407434500717N00343953EA024510263200612
B1407444500695N00343936EA024490262900612
B1407454500671N00343919EA024470262800612
B1407464500648N00343903EA024470262900612
B1407474500624N00343888EA024500263300612
B1407484500600N00343875EA024540263700612
B1407494500576N00343863EA024580264100612
B1407504500552N00343853EA024610264400612
B1407514500527N00343846EA024640264700612
B1407524500503N00343841EA024670265000612
B1407534500478N00343840EA024710265400612
B1407544500454N00343843EA024770265900612
B1407554500431N00343849EA024830266500612
B1407564500410N00343860EA024880267100612
B1407574500390N00343875EA024930267700612
B1407584500372N00343893EA024980268200612
B1407594500356N00343914EA025050268800612
B1408004500344N00343937EA025090269300612
LXNA::AVGSATSNR:39
B1408014500333N00343962EA025130269600612
B1408024500325N00343988EA025130269700612
B1408034500320N00344015EA025130269600612
B1408044500317N00344043EA025120269400612
B1408054500315N00344071EA025100269300612
B1408064500316N00344099EA025100269300612
B1408074500321N00344126EA025120269500612
B1408084500327N00344152EA025160269800612
B1408094500336N00344174EA025180270100612
B1408104500346N00344195EA025190270200612
B1408114500357N00344214EA025190270300612
B1408124500370N00344231EA025200270300612
B1408134500383N00344246EA025200270400612
B1408144500397N00344258EA025200270400612
B1408154500413N00344267EA025200270300612
B1408164500428N00344272EA025210270300612
B1408174500444N00344272EA025210270400612
B1408184500459N00344267EA025210270400612
B1408194500473N00344257EA025220270500612
B1408204500484N00344243EA025230270600612
B1408214500493N00344225EA025250270700612
B1408224500499N00344205EA025250270800612
B1408234500504N00344184EA025260270700612
B1408244500506N00344161EA025250270700612
B1408254500505N00344137EA025240270600612
B1408264500501N00344112EA025230270600612
F14082604090611072130
B1408274500493N00344088EA025250270800612
B1408284500481N00344066EA025290271100612
B1408294500467N00344047EA025320271500612
B1408304500449N00344033EA025360272100612
B1408314500429N00344024EA025440272700612
B1408324500409N00344021EA025500273300612
B1408334500389N00344024EA025520273700612
B1408344500368N00344031EA025560274000612
B1408354500349N00344043EA025570274100612
B1408364500331N00344061EA025580274200612
B1408374500317N00344084EA025610274500612
B1408384500305N00344110EA025630274800612
B1408394500298N00344138EA025650274900612
B1408404500296N00344167EA025660275000612
B1408414500297N00344196EA025670275100612
B1408424500303N00344223EA025680275300612
B1408434500311N00344247EA025680275300612
K140843323022
B1408444500323N00344268EA025680275200612
B1408454500337N00344283EA025670275200612
B1408464500353N00344294EA025680275200612
B1408474500369N00344300EA025680275200612
B1408484500386N00344302EA025690275300612
B1408494500402N00344298EA025700275300612
B1408504500416N00344290EA025690275300612
B1408514500429N00344277EA025700275400612
B1408524500439N00344260EA025700275400612
B1408534500447N00344241EA025710275600612
B1408544500453N00344220EA025730275700612
B1408554500455N00344198EA025750275900612
B1408564500455N00344175EA025770276200612
B1408574500451N00344152EA025790276500612
B1408584500445N00344130EA025840277000612
B1408594500436N00344109EA025900277500612
B1409004500425N00344090EA025940278000612
B1409014500411N00344073EA025970278300612
B1409024500396N00344058EA025980278400612
B1409034500380N00344045EA025980278400612
LXNA::AVGSATSNR:38
B1409044500362N00344034EA025970278200612
B1409054500342N00344026EA025930277900612
B1409064500321N00344020EA025900277600612
B1409074500298N00344017EA025870277200512
B1409084500275N00344018EA025840276800512
B1409094500251N00344021EA025800276500512
B1409104500227N00344029EA025780276400512
B1409114500203N00344040EA025770276400512
B1409124500179N00344053EA025790276500512
B1409134500156N00344069EA025790276600512
B1409144500134N00344087EA025800276600512
B1409154500113N00344105EA025800276700512
B1409164500092N00344123EA025800276700512
B1409174500071N00344141EA025810276800512
B1409184500050N00344159EA025840277100512
B1409194500031N00344177EA025850277300512
B1409204500011N00344195EA025880277400512
B1409214459992N00344213EA025890277400512
B1409224459973N00344230EA025890277400512
B1409234459954N00344247EA025880277400512
B1409244459935N00344265EA025870277300512
B1409254459917N00344283EA025860277200512
B1409264459899N00344302EA025840277000512
B1409274459880N00344320EA025830276800512
B1409284459862N00344338EA025800276600512
B1409294459844N00344357EA025780276300512
B1409304459825N00344376EA025760276100512
B1409314459807N00344395EA025740275900512
B1409324459790N00344414EA025730275800512
B1409334459773N00344433EA025730275800512
B1409344459756N00344453EA025730275800512
B1409354459739N00344472EA025720275600512
B1409364459722N00344490EA025710275500512
B1409374459706N00344509EA025690275200612
B1409384459690N00344528EA025670275100612
B1409394459673N00344547EA025650274900612
B1409404459658N00344566EA025630274700612
B1409414459642N00344585EA025610274500612
B1409424459626N00344604EA025600274400612
B1409434459610N00344622EA025590274300612
B1409444459593N00344640EA025580274200612
LXNA::BAT:charging,100%,4.253V,18mA
B1409454459577N00344659EA025560274000612
B1409464459561N00344677EA025540273800612
B1409474459545N00344696EA025520273600612
B1409484459529N00344714EA025510273400612
B1409494459513N00344733EA025510273300612
B1409504459496N00344750EA025490273300612
B1409514459480N00344768EA025500273300612
B1409524459464N00344785EA025500273300612
B1409534459447N00344802EA025510273300612
B1409544459431N00344818EA025500273300612
B1409554459415N00344833EA025490273100612
B1409564459398N00344848EA025450272700612
B1409574459381N00344863EA025430272500612
B1409584459365N00344877EA025400272400612
B1409594459348N00344892EA025390272300612
B1410004459331N00344906EA025410272300612
B1410014459315N00344919EA025420272500612
B1410024459299N00344933EA025440272700612
B1410034459284N00344946EA025470273100612
B1410044459268N00344958EA025490273300612
LXNA::AVGSATSNR:38
B1410054459253N00344970EA025500273500612
B1410064459238N00344981EA025520273600612
B1410074459223N00344993EA025530273600612
B1410084459209N00345004EA025530273600612
B1410094459194N00345015EA025530273600612
B1410104459179N00345026EA025530273600612
B1410114459165N00345037EA025520273600612
B1410124459150N00345049EA025510273400612
B1410134459135N00345060EA025490273200612
B1410144459120N00345072EA025480273100612
B1410154459105N00345084EA025480273100612
B1410164459091N00345096EA025480273200612
B1410174459076N00345108EA025490273300612
B1410184459061N00345120EA025490273400612
B1410194459046N00345131EA025500273400612
B1410204459031N00345143EA025510273400612
B1410214459016N00345155EA025510273600612
B1410224459002N00345167EA025530273700612
B1410234458988N00345179EA025540273800612
B1410244458974N00345191EA025560274000612
B1410254458960N00345202EA025590274300612
B1410264458947N00345213EA025590274400612
B1410274458933N00345224EA025610274500612
B1410284458920N00345235EA025610274600612
B1410294458907N00345245EA025620274600612
B1410304458893N00345255EA025620274600612
B1410314458880N00345266EA025620274500612
B1410324458866N00345277EA025600274400612
B1410334458852N00345289EA025600274400612
B1410344458838N00345301EA025610274400612
B1410354458823N00345312EA025600274400612
B1410364458808N00345323EA025610274300612
B1410374458792N00345332EA025590274200612
B1410384458776N00345341EA025590274100612
B1410394458758N00345348EA025580274100612
B1410404458741N00345355EA025580274100612
B1410414458724N00345363EA025570274000612
B1410424458706N00345371EA025570274000612
B1410434458689N00345379EA025570274100612
B1410444458672N00345387EA025580274200612
B1410454458654N00345395EA025590274300612
B1410464458637N00345404EA025600274500612
B1410474458620N00345412EA025610274600512
B1410484458603N00345422EA025620274600612
B1410494458585N00345431EA025620274700612
B1410504458568N00345440EA025620274700612
B1410514458551N00345450EA025620274700612
B1410524458534N00345459EA025620274800512
B1410534458517N00345469EA025620274800512
B1410544458500N00345478EA025620274800512
B1410554458483N00345488EA025620274800512
B1410564458466N00345497EA025610274700512
B1410574458449N00345507EA025610274700512
B1410584458431N00345517EA025610274600612
B1410594458414N00345526EA025590274500612
B1411004458396N00345535EA025590274500612
B1411014458378N00345545EA025590274500612
B1411024458360N00345554EA025580274400512
B1411034458343N00345563EA025570274300512
B1411044458325N00345572EA025560274200512
B1411054458307N00345580EA025550274100512
LXNA::AVGSATSNR:39
B1411064458289N00345587EA025550274000512
B1411074458271N00345594EA025540274000512
B1411084458254N00345601EA025530273900512
B1411094458236N00345608EA025530273900512
B1411104458218N00345614EA025520273800512
B1411114458200N00345621EA025520273800512
B1411124458182N00345627EA025520273800512
B1411134458165N00345634EA025520273900512
B1411144458147N00345641EA025530274000512
B1411154458129N00345648EA025540274000512
B1411164458112N00345654EA025540274100512
B1411174458094N00345661EA025540274000512
B1411184458076N00345667EA025530273900512
B1411194458058N00345674EA025510273600512
B1411204458040N00345681EA025490273400512
B1411214458022N00345688EA025460273200512
B1411224458003N00345696EA025440272900512
B1411234457985N00345703EA025420272800512
B1411244457966N00345711EA025410272700512
B1411254457947N00345719EA025400272600512
B1411264457928N00345727EA025390272400512
B1411274457910N00345736EA025380272400512
F1411271604090611072130
B1411284457891N00345745EA025380272400512
B1411294457873N00345754EA025380272400512
B1411304457854N00345764EA025380272400512
B1411314457836N00345774EA025370272300512
B1411324457818N00345783EA025360272200512
B1411334457800N00345793EA025360272100512
B1411344457781N00345803EA025350271900512
B1411354457763N00345813EA025340271800512
B1411364457745N00345823EA025320271700512
B1411374457727N00345834EA025290271500512
B1411384457709N00345846EA025280271200512
B1411394457690N00345857EA025260271000512
B1411404457672N00345869EA025250270800512
B1411414457653N00345880EA025220270500512
B1411424457633N00345892EA025180270100512
B1411434457613N00345904EA025140269600512
B1411444457593N00345916EA025100269200512
K141144323022
B1411454457572N00345929EA025060268800512
B1411464457551N00345942EA025020268400612
B1411474457529N00345956EA024990268100612
B1411484457508N00345970EA024970268000612
B1411494457486N00345984EA024970267900612
B1411504457465N00345998EA024950267800612
B1411514457443N00346013EA024950267800612
B1411524457422N00346027EA024960267900612
B1411534457400N00346041EA024970267900612
B1411544457379N00346053EA024970267900612
B1411554457357N00346064EA024980268100612
B1411564457335N00346072EA025010268400612
B1411574457314N00346079EA025050268800512
B1411584457293N00346084EA025090269100512
B1411594457273N00346087EA025130269400512
B1412004457254N00346090EA025150269800512
B1412014457235N00346092EA025170270100512
B1412024457216N00346094EA025190270300512
B1412034457198N00346095EA025200270300512
B1412044457180N00346096EA025200270400512
B1412054457162N00346097EA025220270400512
B1412064457144N00346098EA025220270500512
LXNA::AVGSATSNR:39
B1412074457126N00346099EA025210270500512
B1412084457108N00346101EA025200270400512
B1412094457089N00346104EA025180270100512
B1412104457070N00346108EA025150269800512
B1412114457050N00346113EA025120269600512
B1412124457031N00346120EA025100269300512
B1412134457011N00346128EA025060269000512
B1412144456991N00346137EA025020268600512
B1412154456970N00346147EA024990268300512
B1412164456949N00346158EA024970268100512
B1412174456929N00346169EA024960268000512
B1412184456908N00346180EA024960267700512
B1412194456887N00346190EA024920267400512
B1412204456865N00346201EA024890267200512
B1412214456844N00346212EA024880267100512
B1412224456822N00346223EA024870267100512
B1412234456801N00346234EA024880267200512
B1412244456780N00346246EA024880267200512
B1412254456759N00346258EA024890267200512
B1412264456738N00346270EA024890267300512
B1412274456717N00346281EA024890267300512
B1412284456697N00346292EA024890267200512
B1412294456676N00346302EA024880267200512
B1412304456655N00346312EA024890267200512
B1412314456634N00346321EA024890267300512
B1412324456613N00346330EA024890267200512
B1412334456592N00346338EA024890267200512
B1412344456571N00346346EA024880267200512
B1412354456549N00346353EA024870267100512
B1412364456528N00346359EA024870267100512
B1412374456506N00346364EA024870267100512
B1412384456485N00346369EA024890267300512
B1412394456464N00346373EA024920267500512
B1412404456443N00346378EA024940267800512
B1412414456423N00346381EA024970268100512
B1412424456404N00346384EA025000268400512
B1412434456384N00346387EA025020268600512
B1412444456365N00346389EA025030268700512
B1412454456347N00346391EA025040268800512
LXNA::BAT:charging,100%,4.253V,24mA
B1412464456328N00346393EA025050268900512
B1412474456309N00346394EA025050268900512
B1412484456291N00346396EA025050268900512
B1412494456272N00346398EA025050268800512
B1412504456254N00346399EA025050268700512
B1412514456236N00346401EA025040268700512
B1412524456217N00346404EA025030268700512
B1412534456199N00346406EA025020268600512
B1412544456180N00346409EA025020268500512
B1412554456162N00346412EA025020268300512
B1412564456143N00346415EA024980268100512
B1412574456124N00346416EA024960268000512
B1412584456105N00346416EA024950267900512
B1412594456086N00346415EA024940267700512
B1413004456067N00346415EA024940267700512
B1413014456048N00346414EA024940267700512
B1413024456030N00346414EA024940267700512
B1413034456011N00346414EA024940267700512
B1413044455993N00346415EA024930267600512
B1413054455975N00346418EA024940267600512
B1413064455957N00346421EA024930267500512
B1413074455940N00346426EA024910267400512
LXNA::AVGSATSNR:39
B1413084455922N00346432EA024910267300512
B1413094455905N00346440EA024900267100512
B1413104455888N00346449EA024870267000512
B1413114455871N00346459EA024850266800512
B1413124455854N00346469EA024840266600512
B1413134455837N00346478EA024810266400512
B1413144455818N00346485EA024800266200512
B1413154455799N00346490EA024780266100512
B1413164455780N00346493EA024780266000512
B1413174455761N00346492EA024770265900512
B1413184455742N00346487EA024750265700512
B1413194455724N00346478EA024740265500512
B1413204455707N00346464EA024710265100512
B1413214455692N00346446EA024680264700512
B1413224455680N00346424EA024650264400512
B1413234455671N00346399EA024630264100512
B1413244455666N00346372EA024590263800512
B1413254455664N00346343EA024570263700512
B1413264455666N00346315EA024560263600512
B1413274455669N00346287EA024570263700512
B1413284455676N00346261EA024570263800512
B1413294455684N00346238EA024590263900512
B1413304455695N00346217EA024600264000512
B1413314455708N00346200EA024620264200512
B1413324455723N00346187EA024620264200512
B1413334455738N00346175EA024610264200512
B1413344455754N00346167EA024620264400512
B1413354455771N00346160EA024650264600512
B1413364455787N00346155EA024670264700512
B1413374455803N00346152EA024680264900512
B1413384455819N00346150EA024700265100512
B1413394455835N00346148EA024710265200512
B1413404455851N00346147EA024710265200512
B1413414455866N00346146EA024710265200512
B1413424455882N00346145EA024710265100512
B1413434455898N00346145EA024690264900512
K141343066020
B1413444455914N00346145EA024670264700512
B1413454455930N00346144EA024640264500512
B1413464455947N00346144EA024610264200512
B1413474455963N00346143EA024590263900512
B1413484455980N00346143EA024550263500512
B1413494455997N00346143EA024520263200512
B1413504456014N00346145EA024490262900512
B1413514456031N00346146EA024460262700512
B1413524456048N00346148EA024440262500512
B1413534456065N00346150EA024420262300512
B1413544456082N00346153EA024410262200512
B1413554456098N00346155EA024390262000512
B1413564456115N00346158EA024360261700512
B1413574456133N00346160EA024320261300512
B1413584456150N00346163EA024290260900512
B1413594456168N00346165EA024260260500512
B1414004456187N00346169EA024220260000512
B1414014456206N00346171EA024170259500512
B1414024456226N00346172EA024120258900512
B1414034456246N00346172EA024060258400512
B1414044456267N00346169EA024010257900512
B1414054456288N00346163EA023970257500512
B1414064456309N00346155EA023940257200512
B1414074456330N00346146EA023900256900512
B1414084456350N00346135EA023880256700512
LXNA::AVGSATSNR:40
B1414094456370N00346122EA023880256700512
B1414104456388N00346108EA023910257100512
B1414114456406N00346093EA023950257500512
B1414124456422N00346078EA023970257700512
B1414134456438N00346063EA023990257900512
B1414144456453N00346048EA024000258200512
B1414154456468N00346032EA024010258300512
B1414164456483N00346016EA024020258300512
B1414174456497N00346001EA024010258200512
B1414184456512N00345985EA024000258100512
B1414194456526N00345970EA023990257900512
B1414204456540N00345954EA023970257700512
B1414214456555N00345939EA023940257500512
B1414224456570N00345923EA023930257200512
B1414234456584N00345907EA023900256900512
B1414244456599N00345891EA023870256700512
B1414254456613N00345874EA023850256500512
B1414264456627N00345857EA023850256600512
B1414274456642N00345840EA023870256800512
B1414284456656N00345824EA023900257200512
B1414294456670N00345810EA023950257800512
B1414304456683N00345796EA024010258300512
B1414314456696N00345783EA024050258700512
B1414324456709N00345770EA024080259000512
B1414334456721N00345758EA024100259200512
B1414344456733N00345746EA024110259300512
B1414354456745N00345735EA024120259300512
B1414364456757N00345723EA024130259400512
B1414374456769N00345712EA024140259500512
B1414384456781N00345701EA024150259600512
B1414394456793N00345691EA024160259700512
B1414404456805N00345680EA024160259800512
B1414414456817N00345669EA024170259800512
B1414424456829N00345659EA024170259800512
B1414434456841N00345648EA024170259800512
B1414444456853N00345638EA024170259800512
B1414454456865N00345628EA024160259700512
B1414464456877N00345617EA024150259700512
B1414474456889N00345606EA024150259600512
B1414484456901N00345596EA024130259400512
B1414494456914N00345585EA024140259300512
B1414504456927N00345575EA024120259100512
B1414514456940N00345564EA024080258700512
B1414524456954N00345553EA024020258100512
B1414534456969N00345541EA023970257600512
B1414544456983N00345529EA023930257100512
B1414554456999N00345518EA023890256900512
B1414564457015N00345506EA023900257000512
B1414574457031N00345496EA023930257400512
B1414584457046N00345487EA024000258100512
B1414594457061N00345479EA024070258800512
B1415004457075N00345471EA024140259500512
B1415014457089N00345464EA024190260100512
B1415024457102N00345457EA024220260300512
B1415034457116N00345453EA024240260400512
B1415044457130N00345453EA024230260300512
B1415054457144N00345457EA024210260000512
B1415064457159N00345466EA024180259500512
B1415074457173N00345479EA024130258900512
B1415084457188N00345494EA024080258300512
B1415094457203N00345509EA024030257800512
LXNA::AVGSATSNR:39
B1415104457219N00345523EA024010257600512
B1415114457237N00345534EA023980257400512
B1415124457255N00345541EA023950257200512
B1415134457273N00345546EA023930257100512
B1415144457291N00345548EA023920257000512
B1415154457309N00345547EA023940257300512
B1415164457325N00345543EA023980257800512
B1415174457341N00345536EA024040258400512
B1415184457356N00345528EA024100259000512
B1415194457369N00345519EA024150259400512
B1415204457382N00345508EA024190259900512
B1415214457394N00345496EA024240260300512
B1415224457404N00345483EA024280260600512
B1415234457414N00345468EA024330261000512
B1415244457419N00345451EA024370261500512
B1415254457421N00345433EA024390261900512
B1415264457420N00345413EA024430262100512
B1415274457415N00345394EA024450262300512
B1415284457407N00345375EA024450262200512
B1415294457396N00345358EA024450262100512
B1415304457382N00345345EA024460262200512
F14153004090611072130
B1415314457365N00345336EA024460262300512
B1415324457346N00345335EA024490262600512
B1415334457326N00345340EA024530262900512
B1415344457307N00345351EA024550263100512
B1415354457291N00345368EA024530263200512
B1415364457277N00345391EA024530263100512
B1415374457267N00345417EA024520263100512
B1415384457261N00345447EA024530263100512
B1415394457261N00345477EA024530263200512
B1415404457265N00345506EA024540263300512
B1415414457273N00345532EA024560263500512
B1415424457284N00345556EA024580263700512
B1415434457297N00345577EA024590263800512
B1415444457312N00345593EA024620264100512
B1415454457328N00345605EA024640264400512
B1415464457345N00345612EA024670264600512
LXNA::BAT:charging,100%,4.253V,12mA
B1415474457362N00345615EA024690264800512
B1415484457378N00345612EA024750265200512
B1415494457392N00345603EA024750265600512
B1415504457403N00345590EA024790266000512
B1415514457411N00345574EA024820266200512
B1415524457417N00345557EA024840266300512
B1415534457419N00345537EA024840266300512
B1415544457418N00345516EA024820266100512
B1415554457415N00345496EA024790265700512
B1415564457407N00345475EA024740265200512
B1415574457396N00345457EA024710264800512
B1415584457381N00345440EA024670264400512
B1415594457363N00345428EA024630264300512
B1416004457343N00345422EA024640264400512
K141600296026
B1416014457323N00345422EA024670264900512
B1416024457303N00345428EA024720265400512
B1416034457284N00345440EA024780266100512
B1416044457267N00345455EA024830266600512
B1416054457252N00345473EA024870267100512
B1416064457239N00345494EA024920267500512
B1416074457229N00345516EA024950267900512
B1416084457221N00345541EA024970268000512
B1416094457216N00345567EA024980268000512
B1416104457215N00345593EA024960267900512
LXNA::AVGSATSNR:40
B1416114457217N00345619EA024940267700512
B1416124457222N00345645EA024930267600512
B1416134457230N00345668EA024920267500512
B1416144457240N00345689EA024940267500512
B1416154457253N00345707EA024950267600512
B1416164457267N00345721EA024950267700512
B1416174457283N00345731EA024960267800512
B1416184457299N00345737EA024960267800512
B1416194457315N00345738EA024970267900512
B1416204457330N00345735EA024990268100512
B1416214457344N00345728EA025000268300512
B1416224457357N00345717EA025040268400512
B1416234457367N00345702EA025040268600512
B1416244457373N00345684EA025060268700512
B1416254457376N00345664EA025040268700512
B1416264457375N00345643EA025030268500512
B1416274457370N00345622EA025020268300512
B1416284457361N00345603EA025000268100512
B1416294457349N00345586EA024980267900512
B1416304457333N00345572EA024960267700512
B1416314457314N00345563EA024930267300512
B1416324457294N00345559EA024910267000512
B1416334457273N00345561EA024880266800512
B1416344457252N00345571EA024890267000512
B1416354457232N00345587EA024910267400512
B1416364457216N00345608EA024960267800512
B1416374457203N00345632EA025000268400512
B1416384457192N00345658EA025060268900512
B1416394457184N00345684EA025110269400512
B1416404457177N00345710EA025140269800512
B1416414457173N00345736EA025180270100512
B1416424457172N00345761EA025190270200512
B1416434457174N00345786EA025190270200512
B1416444457181N00345809EA025180270100512
B1416454457190N00345829EA025170270000512
B1416464457203N00345845EA025160269800512
B1416474457217N00345856EA025140269700512
B1416484457232N00345863EA025140269700512
B1416494457248N00345865EA025130269500512
B1416504457263N00345864EA025120269400512
B1416514457278N00345857EA025120269400512
B1416524457291N00345846EA025140269600512
B1416534457300N00345830EA025170269900512
B1416544457307N00345811EA025190270100512
B1416554457311N00345791EA025180270100512
B1416564457312N00345769EA025160270000512
B1416574457310N00345747EA025150269700512
B1416584457303N00345725EA025130269500512
B1416594457292N00345705EA025110269400512
B1417004457278N00345688EA025100269300512
B1417014457261N00345674EA025110269300512
B1417024457242N00345664EA025120269400512
B1417034457222N00345659EA025130269600512
B1417044457202N00345658EA025150269900512
B1417054457181N00345661EA025170270100512
B1417064457161N00345668EA025200270400512
B1417074457143N00345680EA025230270600512
B1417084457126N00345696EA025250270900512
B1417094457112N00345715EA025280271200512
B1417104457100N00345737EA025290271300512
B1417114457090N00345761EA025290271200512
K141711323023
LXNA::AVGSATSNR:40
B1417124457084N00345787EA025270271100512
B1417134457081N00345814EA025260270900512
B1417144457081N00345841EA025240270600512
B1417154457084N00345867EA025220270400512
B1417164457091N00345892EA025210270300512
B1417174457100N00345913EA025200270300512
B1417184457112N00345931EA025190270300512
B1417194457126N00345946EA025200270300512
B1417204457140N00345957EA025200270200512
B1417214457156N00345966EA025190270200512
B1417224457171N00345971EA025180270000512
B1417234457187N00345974EA025150269800512
B1417244457204N00345976EA025120269500512
B1417254457221N00345975EA025090269100512
B1417264457238N00345972EA025060268800512
B1417274457256N00345967EA025030268500512
B1417284457274N00345960EA025000268300512
B1417294457292N00345951EA024980268000512
B1417304457310N00345941EA024940267600512
B1417314457327N00345931EA024910267300512
B1417324457345N00345920EA024900267200512
B1417334457363N00345909EA024900267200512
B1417344457380N00345898EA024900267300512
B1417354457397N00345887EA024910267300512
B1417364457414N00345876EA024910267400512
B1417374457431N00345865EA024920267400512
B1417384457447N00345854EA024930267500512
B1417394457464N00345844EA024930267500512
B1417404457480N00345833EA024910267300512
B1417414457496N00345822EA024890267100512
B1417424457513N00345812EA024860266800512
B1417434457529N00345801EA024830266500512
B1417444457546N00345790EA024800266300512
B1417454457562N00345779EA024780266100512
B1417464457579N00345767EA024780266000512
B1417474457595N00345755EA024780266000512
B1417484457611N00345743EA024800266200512
B1417494457627N00345730EA024810266500512
B1417504457642N00345718EA024830266600512
B1417514457658N00345706EA024830266600512
B1417524457674N00345694EA024820266500512
B1417534457691N00345683EA024810266400512
B1417544457707N00345672EA024800266300512
B1417554457724N00345662EA024780266100512
B1417564457740N00345651EA024760265900512
B1417574457757N00345640EA024740265700512
B1417584457773N00345628EA024720265600512
B1417594457789N00345617EA024710265500512
B1418004457805N00345605EA024700265300512
B1418014457821N00345594EA024680265100512
B1418024457837N00345582EA024650264800512
B1418034457854N00345570EA024620264500512
B1418044457870N00345558EA024600264300512
B1418054457887N00345546EA024580264100512
B1418064457904N00345535EA024570264000512
B1418074457921N00345524EA024560264000512
B1418084457937N00345513EA024550263900512
B1418094457954N00345503EA024540263700512
B1418104457970N00345493EA024520263500512
B1418114457987N00345482EA024500263300512
B1418124458003N00345471EA024480263000512
LXNA::AVGSATSNR:38
B1418134458020N00345459EA024450262700512
B1418144458036N00345446EA024420262400512
B1418154458053N00345434EA024400262100512
B1418164458069N00345421EA024380261800512
B1418174458086N00345408EA024350261500512
B1418184458102N00345395EA024320261300512
B1418194458118N00345381EA024310261200512
B1418204458134N00345367EA024300261000512
B1418214458150N00345354EA024270260800512
B1418224458166N00345340EA024240260500512
B1418234458182N00345325EA024200260200512
B1418244458198N00345310EA024180259800512
B1418254458215N00345295EA024150259500512
B1418264458232N00345279EA024130259300512
B1418274458248N00345263EA024110259100512
B1418284458264N00345245EA024100258900512
B1418294458279N00345226EA024070258800512
B1418304458294N00345207EA024070258700512
B1418314458308N00345186EA024060258700512
F141831160409050611072130
B1418324458321N00345165EA024070258700512
B1418334458335N00345144EA024090258800512
B1418344458348N00345123EA024090258800512
B1418354458360N00345101EA024070258600512
B1418364458373N00345080EA024050258300512
B1418374458386N00345058EA024010257900512
B1418384458398N00345036EA023990257500512
B1418394458411N00345014EA023960257300512
B1418404458424N00344992EA023940257100512
B1418414458437N00344970EA023900256800512
B1418424458450N00344947EA023870256400512
B1418434458464N00344925EA023850256100512
B1418444458477N00344903EA023820255900512
B1418454458491N00344881EA023800255700512
B1418464458505N00344860EA023780255500512
B1418474458519N00344840EA023780255500512
LXNA::BAT:charging,100%,4.253V,12mA
B1418484458533N00344820EA023780255500512
B1418494458548N00344800EA023770255400512
B1418504458562N00344781EA023760255200512
B1418514458576N00344762EA023740255000512
B1418524458590N00344744EA023720254800512
B1418534458605N00344726EA023700254700512
B1418544458619N00344709EA023690254600512
B1418554458634N00344692EA023690254500512
B1418564458649N00344676EA023680254500512
B1418574458664N00344660EA023680254500512
B1418584458678N00344644EA023680254400512
B1418594458693N00344629EA023670254400512
B1419004458708N00344613EA023670254400512
B1419014458723N00344598EA023670254300512
B1419024458738N00344584EA023660254300512
B1419034458753N00344570EA023650254200512
B1419044458768N00344556EA023630254100512
B1419054458783N00344542EA023620253900512
B1419064458799N00344529EA023600253500512
B1419074458815N00344515EA023550253100512
B1419084458831N00344502EA023510252800512
B1419094458848N00344488EA023480252600512
B1419104458864N00344475EA023480252500512
B1419114458880N00344462EA023470252500512
B1419124458896N00344449EA023460252400512
B1419134458912N00344436EA023460252400512
LXNA::AVGSATSNR:38
B1419144458928N00344424EA023460252400512
B1419154458944N00344412EA023470252400512
B1419164458960N00344400EA023480252500512
B1419174458975N00344388EA023480252500512
B1419184458991N00344377EA023470252400512
B1419194459007N00344365EA023460252300512
B1419204459023N00344354EA023440252200512
B1419214459039N00344343EA023420251900512
B1419224459056N00344333EA023380251600512
B1419234459074N00344324EA023360251300512
B1419244459091N00344315EA023330251200512
B1419254459109N00344306EA023320251100512
B1419264459127N00344298EA023300251000512
B1419274459144N00344290EA023280250800512
B1419284459162N00344282EA023270250600512
B1419294459179N00344275EA023260250500512
B1419304459197N00344270EA023260250400512
B1419314459215N00344266EA023260250300512
B1419324459232N00344264EA023240250200512
B1419334459250N00344263EA023220249900512
B1419344459268N00344263EA023200249700512
B1419354459286N00344263EA023190249700512
B1419364459304N00344264EA023200249700512
B1419374459321N00344266EA023190249700512
B1419384459338N00344268EA023180249600512
B1419394459356N00344271EA023170249500512
B1419404459373N00344275EA023170249400512
B1419414459389N00344280EA023170249500512
B1419424459405N00344285EA023210249800512
B1419434459421N00344291EA023230250100512
B1419444459436N00344296EA023270250600512
B1419454459451N00344302EA023320251100512
B1419464459465N00344308EA023350251400512
B1419474459478N00344314EA023380251600512
B1419484459492N00344320EA023390251700512
B1419494459505N00344326EA023390251700512
B1419504459518N00344332EA023390251600512
B1419514459531N00344339EA023380251500512
B1419524459544N00344345EA023380251500512
B1419534459558N00344352EA023380251500512
B1419544459571N00344360EA023390251600512
B1419554459584N00344368EA023390251600512
B1419564459596N00344376EA023390251600512
B1419574459609N00344385EA023380251600512
B1419584459622N00344393EA023390251600512
B1419594459635N00344401EA023400251700512
B1420004459648N00344410EA023410251900512
B1420014459660N00344418EA023430252100512
B1420024459672N00344427EA023450252300512
B1420034459683N00344438EA023470252300512
B1420044459694N00344450EA023470252400512
B1420054459704N00344463EA023460252300512
B1420064459714N00344477EA023440252100512
B1420074459723N00344492EA023410251800512
B1420084459731N00344510EA023380251500512
B1420094459738N00344529EA023360251300512
B1420104459743N00344551EA023340250900512
B1420114459747N00344574EA023310250600512
B1420124459752N00344597EA023290250400512
K142012323023
B1420134459758N00344620EA023270250300512
B1420144459764N00344642EA023270250300512
LXNA::AVGSATSNR:38
B1420154459772N00344662EA023260250200512
B1420164459781N00344681EA023240250100512
B1420174459791N00344700EA023230249900512
B1420184459802N00344716EA023210249700512
B1420194459813N00344731EA023200249600512
B1420204459826N00344745EA023170249400512
B1420214459839N00344756EA023140249000512
B1420224459852N00344766EA023100248500512
B1420234459867N00344775EA023050248000512
B1420244459882N00344781EA022990247400512
B1420254459899N00344785EA022930246800512
B1420264459915N00344786EA022870246200512
B1420274459932N00344786EA022820245700512
B1420284459950N00344784EA022780245300512
B1420294459967N00344780EA022760245000512
B1420304459984N00344775EA022730244800512
B1420314500001N00344768EA022700244700512
B1420324500018N00344760EA022690244500512
B1420334500035N00344752EA022660244300512
B1420344500051N00344743EA022640244000512
B1420354500068N00344734EA022600243600512
B1420364500084N00344723EA022560243200512
B1420374500100N00344712EA022530242800512
B1420384500116N00344701EA022490242500512
B1420394500133N00344689EA022460242300512
B1420404500149N00344678EA022440242000512
B1420414500165N00344666EA022410241700512
B1420424500181N00344654EA022380241400512
B1420434500197N00344642EA022350241200512
B1420444500213N00344630EA022320240900512
B1420454500230N00344618EA022290240600512
B1420464500246N00344607EA022250240200512
B1420474500263N00344596EA022220239900512
B1420484500280N00344585EA022190239600512
B1420494500297N00344575EA022170239400512
B1420504500315N00344566EA022140239100512
B1420514500332N00344558EA022120238900512
B1420524500350N00344551EA022110238800512
B1420534500368N00344545EA022100238700512
B1420544500386N00344538EA022090238800512
B1420554500403N00344533EA022110239000512
B1420564500420N00344529EA022140239200512
B1420574500437N00344525EA022150239200512
B1420584500453N00344523EA022150239200512
B1420594500469N00344522EA022150239200512
B1421004500486N00344521EA022150239200512
B1421014500501N00344521EA022150239200512
B1421024500517N00344521EA022160239200512
B1421034500533N00344520EA022150239200512
B1421044500548N00344518EA022170239200512
B1421054500563N00344515EA022190239400512
B1421064500577N00344511EA022200239600512
B1421074500591N00344506EA022210239700512
B1421084500605N00344501EA022200239600512
B1421094500618N00344496EA022200239500512
B1421104500631N00344490EA022200239500512
B1421114500644N00344483EA022200239400512
B1421124500656N00344475EA022200239500512
B1421134500668N00344466EA022210239800512
B1421144500679N00344456EA022240240100512
B1421154500690N00344447EA022280240400512
B1421164500701N00344437EA022300240700512
LXNA::AVGSATSNR:38
B1421174500711N00344427EA022320240800512
B1421184500722N00344416EA022330240900512
B1421194500731N00344404EA022340240900512
B1421204500739N00344390EA022340240900512
B1421214500747N00344374EA022340240900512
B1421224500752N00344357EA022330240800512
B1421234500757N00344339EA022320240700512
B1421244500760N00344318EA022310240700512
B1421254500761N00344297EA022310240700512
B1421264500759N00344275EA022320240800512
B1421274500755N00344252EA022320240800512
B1421284500750N00344229EA022320240700512
B1421294500743N00344206EA022320240600512
B1421304500732N00344185EA022320240600512
B1421314500717N00344167EA022320240800512
B1421324500701N00344151EA022330240900512
B1421334500681N00344141EA022360241200512
B1421344500660N00344138EA022400241600512
B1421354500639N00344140EA022410241700512
B1421364500618N00344147EA022400241700512
B1421374500598N00344159EA022400241600512
B1421384500581N00344177EA022410241500512
B1421394500566N00344201EA022370241300512
B1421404500556N00344228EA022340241000512
B1421414500550N00344259EA022360240900512
B1421424500549N00344289EA022350241000512
B1421434500553N00344318EA022350241000512
B1421444500562N00344343EA022350241200512
B1421454500573N00344364EA022360241200512
B1421464500586N00344381EA022380241400512
B1421474500601N00344393EA022390241500512
B1421484500616N00344401EA022410241600512
LXNA::BAT:charging,100%,4.253V,12mA
B1421494500631N00344405EA022410241700512
B1421504500646N00344405EA022430241800512
B1421514500660N00344402EA022440241900512
B1421524500673N00344395EA022440242000512
B1421534500685N00344386EA022470242200512
B1421544500695N00344374EA022490242400512
B1421554500706N00344362EA022500242600512
B1421564500716N00344349EA022520242800512
B1421574500728N00344338EA022540243100512
B1421584500741N00344330EA022580243400512
B1421594500755N00344325EA022620243800512
B1422004500769N00344322EA022650244100512
B1422014500783N00344323EA022670244300512
B1422024500798N00344326EA022700244500512
B1422034500812N00344332EA022710244600512
B1422044500827N00344340EA022710244700512
B1422054500840N00344352EA022730244800512
B1422064500851N00344367EA022740244900512
B1422074500860N00344385EA022750245000512
B1422084500868N00344406EA022750245000512
B1422094500873N00344429EA022760245000512
B1422104500876N00344454EA022770245100512
B1422114500875N00344480EA022780245200512
B1422124500870N00344505EA022780245300512
B1422134500862N00344530EA022790245300512
B1422144500851N00344552EA022790245200512
B1422154500836N00344570EA022780245100512
B1422164500819N00344583EA022760244800512
B1422174500801N00344590EA022710244300512
LXNA::AVGSATSNR:37
B1422184500781N00344590EA022690243900512
B1422194500762N00344585EA022650243700512
B1422204500744N00344575EA022650243800512
B1422214500728N00344560EA022650243900512
B1422224500715N00344543EA022660243900512
B1422234500705N00344522EA022650243700512
B1422244500699N00344500EA022620243500512
B1422254500695N00344476EA022600243400512
B1422264500694N00344453EA022610243500512
B1422274500696N00344431EA022650243800512
B1422284500701N00344410EA022680244300512
B1422294500707N00344390EA022720244700512
B1422304500714N00344371EA022760245000512
B1422314500721N00344354EA022790245300512
B1422324500730N00344338EA022810245700512
B1422334500742N00344325EA022840246000512
B1422344500755N00344316EA022850246000512
B1422354500769N00344312EA022840245800512
B1422364500784N00344314EA022820245700512
B1422374500799N00344323EA022820245600512
B1422384500813N00344337EA022820245800512
B1422394500825N00344355EA022850246000512
B1422404500835N00344375EA022870246300512
K142240341017
B1422414500843N00344398EA022900246500512
B1422424500849N00344422EA022930246700512
B1422434500853N00344447EA022940246900512
B1422444500858N00344472EA022960247100512
B1422454500862N00344498EA022960247200512
B1422464500865N00344524EA022980247300512
B1422474500866N00344551EA022990247400512
B1422484500862N00344578EA023010247600512
B1422494500854N00344603EA023010247600512
B1422504500841N00344625EA023020247600512
B1422514500824N00344643EA023020247500512
F1422510409050611072130
B1422524500804N00344653EA023010247500512
B1422534500784N00344655EA023020247500512
B1422544500765N00344649EA023000247400512
B1422554500748N00344636EA022990247300512
B1422564500736N00344617EA022960246900512
B1422574500728N00344594EA022940246700512
B1422584500723N00344570EA022910246500512
B1422594500721N00344545EA022900246600512
B1423004500721N00344521EA022910246600512
B1423014500723N00344498EA022920246700512
B1423024500728N00344476EA022920246700512
B1423034500735N00344455EA022940246900512
B1423044500744N00344436EA022950247100512
B1423054500754N00344418EA022980247400512
B1423064500765N00344402EA023010247700512
B1423074500776N00344387EA023060248300512
B1423084500787N00344373EA023120248800512
B1423094500800N00344361EA023170249300512
B1423104500812N00344351EA023200249700512
B1423114500825N00344343EA023230250000512
B1423124500839N00344337EA023270250200512
B1423134500853N00344335EA023290250400512
B1423144500867N00344337EA023310250700512
B1423154500882N00344343EA023340251100512
B1423164500895N00344353EA023380251500512
B1423174500907N00344366EA023420251700512
B1423184500917N00344383EA023450252000512
LXNA::AVGSATSNR:40
B1423194500926N00344404EA023470252200512
B1423204500931N00344427EA023490252500512
B1423214500934N00344453EA023520252800512
B1423224500933N00344480EA023550253100512
B1423234500928N00344507EA023580253500512
B1423244500918N00344532EA023640254000512
B1423254500905N00344554EA023690254500512
B1423264500889N00344571EA023740255100512
B1423274500871N00344582EA023790255600512
B1423284500853N00344588EA023830256000512
B1423294500835N00344587EA023860256100512
B1423304500817N00344580EA023870256200512
B1423314500802N00344569EA023870256200512
B1423324500789N00344552EA023880256300512
B1423334500781N00344532EA023880256400512
B1423344500777N00344510EA023880256400512
B1423354500779N00344488EA023880256300512
B1423364500784N00344466EA023860256200512
B1423374500793N00344447EA023860256200512
B1423384500805N00344431EA023880256600512
B1423394500819N00344420EA023970257300512
B1423404500834N00344415EA024030258100512
B1423414500850N00344415EA024110258600512
B1423424500865N00344420EA024130259000512
B1423434500880N00344430EA024160259400512
B1423444500893N00344445EA024200259800512
B1423454500904N00344463EA024230260100512
B1423464500912N00344486EA024250260300512
B1423474500918N00344512EA024270260400512
B1423484500919N00344540EA024280260600512
K142348329013
B1423494500916N00344569EA024300260800512
B1423504500908N00344596EA024320261100512
B1423514500896N00344621EA024370261400512
B1423524500881N00344642EA024390261800512
B1423534500863N00344657EA024430262200512
B1423544500844N00344668EA024470262700512
B1423554500824N00344672EA024520263100512
B1423564500804N00344671EA024550263400512
B1423574500786N00344664EA024570263500512
B1423584500770N00344651EA024580263600512
B1423594500756N00344635EA024590263600512
B1424004500746N00344614EA024590263800512
B1424014500740N00344592EA024610264000512
B1424024500738N00344570EA024630264200512
B1424034500740N00344547EA024640264300512
B1424044500746N00344527EA024650264300512
B1424054500756N00344510EA024660264300512
B1424064500770N00344497EA024660264700512
B1424074500786N00344490EA024710265100512
B1424084500802N00344490EA024760265600512
K142408323015
B1424094500819N00344497EA024790265900512
B1424104500835N00344509EA024800266000512
B1424114500849N00344529EA024820266200512
B1424124500859N00344553EA024850266600512
B1424134500865N00344581EA024890267000512
B1424144500867N00344611EA024920267300512
B1424154500864N00344641EA024940267500512
B1424164500856N00344670EA024980267800512
B1424174500843N00344695EA025010268200512
B1424184500826N00344715EA025060268800512
B1424194500807N00344730EA025110269200512
B1424204500787N00344739EA025140269600512
LXNA::AVGSATSNR:39
B1424214500766N00344742EA025170269800512
B1424224500746N00344738EA025190270000512
B1424234500728N00344728EA025200270100512
B1424244500713N00344711EA025200270100512
B1424254500702N00344691EA025200270200512
K142425317015
B1424264500696N00344668EA025210270400512
B1424274500695N00344644EA025240270500512
B1424284500699N00344622EA025250270700512
B1424294500709N00344603EA025250270700512
B1424304500722N00344590EA025270270800512
B1424314500739N00344584EA025270271000512
B1424324500756N00344585EA025290271300512
B1424334500774N00344594EA025320271600512
B1424344500790N00344609EA025350271800512
B1424354500803N00344630EA025380272000512
B1424364500813N00344656EA025400272300512
B1424374500818N00344686EA025430272600512
B1424384500818N00344717EA025460272900512
B1424394500812N00344748EA025480273200512
B1424404500800N00344775EA025520273500512
B1424414500785N00344798EA025560273900512
B1424424500766N00344815EA025600274300512
B1424434500745N00344826EA025630274600512
B1424444500723N00344830EA025640274800512
B1424454500702N00344826EA025660274900512
B1424464500683N00344815EA025670275000512
B1424474500667N00344798EA025680275200512
K142447312017
B1424484500655N00344777EA025700275400512
B1424494500647N00344753EA025720275600512
LXNA::BAT:charging,100%,4.252V,6000mA
B1424504500645N00344729EA025740275700512
B1424514500648N00344705EA025750275800512
B1424524500656N00344684EA025750275900512
B1424534500668N00344666EA025750275900512
B1424544500683N00344653EA025750275900512
B1424554500700N00344648EA025760276000512
B1424564500719N00344649EA025770276200512
B1424574500738N00344658EA025790276400512
B1424584500755N00344672EA025800276600512
B1424594500770N00344692EA025830276800512
B1425004500782N00344717EA025840277000512
B1425014500790N00344746EA025870277200512
B1425024500794N00344778EA025890277500512
B1425034500792N00344810EA025910277700512
B1425044500786N00344842EA025940278000512
B1425054500775N00344871EA025960278300512
B1425064500761N00344897EA025990278600512
B1425074500743N00344919EA026020278800512
B1425084500723N00344935EA026050279000512
B1425094500701N00344945EA026070279300512
B1425104500679N00344950EA026120279700512
B1425114500658N00344950EA026150280100512
B1425124500637N00344944EA026180280400512
B1425134500619N00344934EA026200280700512
B1425144500602N00344919EA026220280800512
B1425154500588N00344901EA026230280800512
B1425164500578N00344880EA026230280800512
B1425174500572N00344856EA026210280800512
B1425184500569N00344831EA026200280600512
B1425194500571N00344806EA026180280500512
B1425204500576N00344782EA026180280500512
B1425214500584N00344760EA026180280500512
LXNA::AVGSATSNR:38
B1425224500593N00344738EA026180280600512
B1425234500605N00344718EA026210280900512
B1425244500617N00344700EA026240281200512
B1425254500630N00344682EA026270281500512
B1425264500643N00344665EA026290281700512
B1425274500656N00344648EA026310281900512
B1425284500669N00344631EA026310281800512
B1425294500683N00344614EA026280281500512
B1425304500697N00344598EA026240281100512
B1425314500712N00344581EA026200280700512
B1425324500727N00344565EA026160280200512
B1425334500743N00344549EA026100279700512
B1425344500759N00344532EA026060279300512
B1425354500775N00344516EA026010278900512
B1425364500792N00344500EA026010278500512
B1425374500809N00344483EA025950278200512
B1425384500825N00344466EA025920277900512
B1425394500841N00344449EA025890277600512
B1425404500857N00344431EA025860277200512
B1425414500873N00344412EA025830276900512
B1425424500890N00344393EA025800276700512
B1425434500906N00344374EA025790276500512
B1425444500923N00344356EA025770276300512
B1425454500941N00344339EA025780276400512
B1425464500959N00344324EA025780276500512
B1425474500978N00344309EA025800276600512
B1425484500996N00344294EA025820276700512
B1425494501014N00344280EA025790276700512
B1425504501032N00344265EA025780276500512
B1425514501051N00344251EA025750276200612
B1425524501070N00344237EA025730275900612
F142552160409050611072130
B1425534501089N00344223EA025700275700612
B1425544501109N00344210EA025700275600612
B1425554501128N00344197EA025700275700612
B1425564501148N00344184EA025700275700612
B1425574501167N00344172EA025710275800512
B1425584501187N00344162EA025710275900512
B1425594501207N00344153EA025730275800512
B1426004501227N00344147EA025720275800512
B1426014501247N00344144EA025710275800512
B1426024501268N00344143EA025720275800512
B1426034501288N00344144EA025720275900512
B1426044501309N00344146EA025730275900512
B1426054501329N00344149EA025730275900512
B1426064501349N00344152EA025720275900512
B1426074501369N00344155EA025710275800512
B1426084501389N00344157EA025690275600512
B1426094501410N00344159EA025660275200512
B1426104501431N00344161EA025620274800512
B1426114501452N00344164EA025590274400512
B1426124501473N00344167EA025550274100512
B1426134501494N00344170EA025530273900512
B1426144501516N00344173EA025500273600512
B1426154501538N00344177EA025480273400512
B1426164501560N00344182EA025480273400512
B1426174501582N00344186EA025470273400512
B1426184501604N00344190EA025470273400512
B1426194501625N00344195EA025490273500512
B1426204501647N00344200EA025510273700512
B1426214501668N00344204EA025520273900512
B1426224501689N00344208EA025550274100512
LXNA::AVGSATSNR:38
B1426234501709N00344212EA025570274500512
B1426244501730N00344216EA025580274600512
B1426254501750N00344219EA025570274500512
B1426264501771N00344221EA025580274500512
B1426274501791N00344223EA025580274600512
B1426284501811N00344225EA025590274600512
B1426294501831N00344226EA025590274600512
B1426304501852N00344227EA025580274500512
B1426314501872N00344228EA025560274200512
B1426324501892N00344229EA025530273800512
B1426334501912N00344230EA025490273500512
B1426344501933N00344232EA025460273200512
B1426354501953N00344234EA025440272900512
B1426364501974N00344237EA025410272600512
B1426374501995N00344240EA025380272300512
B1426384502016N00344242EA025370272200512
B1426394502037N00344245EA025360272200512
B1426404502058N00344247EA025350272200512
B1426414502079N00344249EA025360272200512
B1426424502099N00344250EA025380272300512
B1426434502119N00344251EA025390272500512
B1426444502139N00344252EA025410272700512
B1426454502158N00344252EA025420272800512
B1426464502177N00344253EA025430272800512
B1426474502196N00344253EA025420272800512
B1426484502215N00344253EA025410272700512
B1426494502233N00344253EA025410272600512
B1426504502252N00344252EA025400272600512
B1426514502270N00344252EA025410272700512
B1426524502289N00344251EA025410272800512
B1426534502307N00344250EA025420272900512
B1426544502325N00344248EA025420272900512
B1426554502344N00344247EA025410272700512
B1426564502362N00344244EA025390272600512
B1426574502381N00344241EA025390272500512
B1426584502400N00344238EA025380272400512
B1426594502419N00344235EA025360272200512
B1427004502439N00344233EA025330272000512
B1427014502458N00344230EA025300271600512
B1427024502478N00344227EA025270271200512
B1427034502497N00344224EA025240270900512
B1427044502517N00344222EA025220270800512
B1427054502537N00344219EA025220270700512
B1427064502557N00344216EA025230270900512
B1427074502576N00344214EA025250271100512
B1427084502595N00344210EA025270271300512
B1427094502614N00344207EA025280271300512
B1427104502632N00344205EA025270271200512
B1427114502651N00344203EA025250271000512
B1427124502670N00344201EA025230270800512
B1427134502689N00344200EA025220270600512
B1427144502708N00344198EA025210270600512
B1427154502727N00344196EA025220270600512
B1427164502746N00344195EA025230270800512
B1427174502765N00344194EA025250270900512
B1427184502784N00344194EA025260271000512
B1427194502803N00344195EA025260271100512
B1427204502823N00344195EA025270271200512
B1427214502842N00344197EA025300271400512
B1427224502861N00344199EA025310271700512
B1427234502880N00344201EA025350272100512
LXNA::AVGSATSNR:38
B1427244502899N00344203EA025400272700512
B1427254502917N00344206EA025460273300512
B1427264502935N00344209EA025500273700512
B1427274502953N00344212EA025530273900512
B1427284502970N00344215EA025550274100512
B1427294502988N00344217EA025570274200512
B1427304503006N00344219EA025570274400512
B1427314503024N00344221EA025580274500512
B1427324503041N00344222EA025600274600512
B1427334503059N00344221EA025600274600512
B1427344503078N00344220EA025590274500512
B1427354503096N00344217EA025570274400512
B1427364503115N00344214EA025570274300512
B1427374503134N00344210EA025570274300512
B1427384503153N00344206EA025590274700512
B1427394503172N00344202EA025640275100512
B1427404503190N00344198EA025680275600512
B1427414503207N00344194EA025730276000512
B1427424503225N00344190EA025760276300512
B1427434503242N00344187EA025790276500512
B1427444503259N00344184EA025800276600512
B1427454503275N00344183EA025810276700512
B1427464503292N00344181EA025820276800512
B1427474503309N00344180EA025810276700512
B1427484503326N00344180EA025790276500512
K142748307018
B1427494503343N00344179EA025770276200512
B1427504503360N00344179EA025750275900512
LXNA::BAT:charging,100%,4.252V,6000mA
B1427514503377N00344179EA025730275700512
B1427524503395N00344179EA025710275500512
B1427534503413N00344180EA025700275500512
B1427544503430N00344180EA025710275600512
B1427554503447N00344179EA025730275900512
B1427564503464N00344177EA025760276300512
B1427574503480N00344174EA025790276600512
B1427584503495N00344171EA025820276800512
B1427594503511N00344168EA025840276900512
B1428004503526N00344165EA025840276900512
B1428014503541N00344163EA025850276900512
B1428024503556N00344160EA025840276800512
B1428034503571N00344157EA025830276600512
B1428044503586N00344154EA025790276200512
B1428054503603N00344150EA025760275900512
B1428064503620N00344146EA025720275600512
B1428074503637N00344142EA025710275400512
B1428084503655N00344138EA025690275200512
B1428094503672N00344133EA025680275100512
B1428104503690N00344128EA025670275000512
B1428114503708N00344123EA025660274800512
B1428124503725N00344118EA025640274600512
B1428134503744N00344114EA025630274400512
B1428144503762N00344108EA025620274400512
B1428154503780N00344103EA025620274500512
B1428164503798N00344097EA025620274500512
B1428174503816N00344092EA025620274500512
B1428184503835N00344086EA025620274500512
B1428194503853N00344081EA025610274400512
B1428204503871N00344075EA025600274200512
B1428214503889N00344069EA025590274100512
B1428224503908N00344062EA025560273800512
B1428234503926N00344055EA025530273500512
B1428244503945N00344049EA025510273300512
LXNA::AVGSATSNR:39
B1428254503963N00344043EA025500273100512
B1428264503982N00344036EA025480273000512
B1428274504001N00344030EA025460272800512
B1428284504019N00344025EA025440272600512
B1428294504038N00344019EA025430272500512
B1428304504057N00344014EA025420272400512
B1428314504075N00344008EA025410272200512
B1428324504094N00344003EA025400272100512
B1428334504113N00343998EA025380271900512
B1428344504131N00343992EA025360271800512
B1428354504150N00343987EA025360271700512
B1428364504169N00343982EA025350271600512
B1428374504187N00343977EA025340271500512
B1428384504206N00343972EA025340271400512
B1428394504225N00343968EA025330271400512
B1428404504244N00343964EA025320271200512
B1428414504262N00343960EA025290271000512
B1428424504281N00343956EA025270270700512
B1428434504300N00343953EA025260270600512
B1428444504320N00343949EA025250270600512
B1428454504339N00343944EA025240270400512
B1428464504357N00343940EA025230270300512
B1428474504376N00343936EA025220270300512
B1428484504395N00343933EA025210270200512
B1428494504414N00343929EA025200270100512
B1428504504433N00343925EA025180269800512
B1428514504452N00343921EA025160269600512
B1428524504471N00343917EA025130269400512
B1428534504489N00343912EA025120269200512
B1428544504507N00343906EA025110269100512
B1428554504525N00343900EA025090268900512
B1428564504543N00343894EA025070268600512
B1428574504561N00343886EA025040268300512
B1428584504579N00343879EA025000267900512
B1428594504597N00343873EA024970267600512
B1429004504616N00343866EA024960267500512
B1429014504634N00343860EA024950267500512
B1429024504653N00343854EA024960267600512
B1429034504671N00343847EA024960267500512
B1429044504688N00343842EA024960267500512
B1429054504706N00343836EA024960267500512
B1429064504723N00343830EA024960267500512
B1429074504739N00343823EA024950267400512
B1429084504756N00343817EA024930267100512
B1429094504772N00343810EA024900266800512
B1429104504789N00343804EA024870266500512
B1429114504806N00343799EA024830266100512
B1429124504823N00343793EA024800265800512
B1429134504840N00343787EA024770265500512
B1429144504857N00343781EA024770265400512
B1429154504875N00343775EA024770265500512
B1429164504892N00343769EA024790265600512
B1429174504909N00343763EA024790265700512
B1429184504926N00343757EA024790265800512
B1429194504943N00343751EA024800265700512
B1429204504960N00343745EA024780265600512
B1429214504976N00343739EA024770265500512
B1429224504993N00343734EA024780265600512
B1429234505010N00343729EA024780265500512
B1429244505027N00343725EA024760265400512
B1429254505043N00343722EA024740265300512
LXNA::AVGSATSNR:39
B1429264505060N00343718EA024710265000512
B1429274505077N00343714EA024690264700512
B1429284505095N00343711EA024660264500512
B1429294505112N00343707EA024650264300512
B1429304505129N00343704EA024640264200512
B1429314505146N00343701EA024620264100512
B1429324505164N00343698EA024630264100512
B1429334505181N00343695EA024630264200512
B1429344505198N00343692EA024620264200512
B1429354505215N00343689EA024620264100512
B1429364505233N00343686EA024620264100512
B1429374505250N00343684EA024610264100512
B1429384505267N00343682EA024600263900512
B1429394505284N00343679EA024590263700512
B1429404505302N00343676EA024570263500512
B1429414505319N00343673EA024570263400512
B1429424505337N00343668EA024570263500512
B1429434505354N00343662EA024570263600512
B1429444505371N00343655EA024590263700512
B1429454505387N00343646EA024600263900512
B1429464505402N00343636EA024620264200512
B1429474505416N00343625EA024660264600512
B1429484505429N00343613EA024700265000512
B1429494505441N00343601EA024740265400512
B1429504505452N00343588EA024760265700512
B1429514505463N00343575EA024780265800512
B1429524505474N00343562EA024790265900512
B1429534505484N00343549EA024800266000512
B1429544505494N00343535EA024800266200512
B1429554505504N00343522EA024810266200512
B1429564505514N00343508EA024800266200512
B1429574505524N00343494EA024800266100512
B1429584505533N00343481EA024790265900512
B1429594505543N00343467EA024760265700512
B1430004505553N00343454EA024740265400512
B1430014505564N00343442EA024720265200512
B1430024505576N00343430EA024710265100512
B1430034505588N00343419EA024710265000512
B1430044505601N00343410EA024710265100512
B1430054505614N00343401EA024700265000512
B1430064505627N00343393EA024690264900512
B1430074505641N00343385EA024680264800512
B1430084505655N00343377EA024670264700512
B1430094505668N00343370EA024670264700512
B1430104505682N00343363EA024670264600512
B1430114505696N00343356EA024670264600512
B1430124505710N00343349EA024670264600512
B1430134505724N00343342EA024680264600512
B1430144505738N00343335EA024680264600512
B1430154505752N00343329EA024660264400512
B1430164505766N00343322EA024640264200512
B1430174505780N00343315EA024630264100512
B1430184505794N00343308EA024610263900512
B1430194505808N00343301EA024600263800512
B1430204505822N00343294EA024600263800512
B1430214505835N00343287EA024600263800512
B1430224505849N00343280EA024600263800512
B1430234505862N00343273EA024600263700512
B1430244505876N00343267EA024570263400512
B1430254505891N00343260EA024520263000512
B1430264505906N00343253EA024470262400512
LXNA::AVGSATSNR:39
B1430274505922N00343246EA024420261900512
B1430284505939N00343239EA024370261400512
B1430294505957N00343231EA024320261100512
B1430304505975N00343223EA024310260800512
B1430314505993N00343216EA024300260800512
B1430324506012N00343209EA024290260800512
B1430334506031N00343202EA024290260600512
B1430344506050N00343197EA024290260400512
B1430354506070N00343191EA024260260300512
B1430364506089N00343186EA024240260300512
B1430374506108N00343181EA024240260400512
B1430384506127N00343176EA024250260400512
B1430394506146N00343171EA024250260400512
B1430404506163N00343166EA024250260500512
B1430414506180N00343160EA024270260600512
B1430424506197N00343154EA024280260700512
B1430434506213N00343148EA024290260800512
B1430444506229N00343142EA024300260900512
B1430454506244N00343136EA024310261000512
B1430464506259N00343130EA024330261100512
B1430474506275N00343124EA024330261100512
B1430484506290N00343119EA024320261000512
B1430494506305N00343113EA024310260900512
K143049307018
B1430504506320N00343108EA024300260700512
B1430514506335N00343103EA024270260500512
LXNA::BAT:charging,100%,4.251V,12mA
B1430524506350N00343098EA024250260200512
B1430534506365N00343092EA024210259800512
B1430544506381N00343087EA024170259300512
B1430554506398N00343081EA024120258800512
B1430564506414N00343074EA024080258300512
B1430574506432N00343067EA024050258000512
B1430584506449N00343060EA024020257900512
B1430594506467N00343053EA024020257900512
B1431004506485N00343045EA024030258100512
B1431014506502N00343037EA024070258600512
B1431024506519N00343029EA024120259100512
B1431034506535N00343020EA024160259600512
B1431044506550N00343011EA024210260100512
B1431054506566N00343004EA024270260700512
B1431064506581N00342999EA024330261300512
B1431074506597N00342997EA024370261600512
B1431084506612N00342999EA024390261900512
B1431094506628N00343007EA024400262000512
B1431104506642N00343019EA024390261900512
B1431114506655N00343037EA024380261800512
B1431124506665N00343059EA024370261700512
B1431134506672N00343085EA024370261700512
B1431144506675N00343113EA024360261600512
B1431154506674N00343143EA024350261400512
B1431164506668N00343173EA024330261100512
B1431174506659N00343203EA024310261000512
B1431184506645N00343230EA024330261200512
B1431194506627N00343253EA024360261400512
B1431204506607N00343271EA024390261800512
B1431214506586N00343283EA024450262400512
B1431224506564N00343292EA024510263200512
B1431234506543N00343298EA024590263900512
B1431244506522N00343300EA024650264500512
B1431254506502N00343297EA024700265000512
B1431264506484N00343289EA024740265300512
F1431260409050611072130
B1431274506469N00343276EA024760265400512
LXNA::AVGSATSNR:41
B1431284506456N00343259EA024760265400512
B1431294506447N00343238EA024750265400512
B1431304506442N00343216EA024750265500512
B1431314506440N00343193EA024760265600512
B1431324506442N00343171EA024770265700512
B1431334506449N00343151EA024760265700512
B1431344506459N00343135EA024760265600512
B1431354506474N00343124EA024760265600512
B1431364506490N00343120EA024760265700512
B1431374506507N00343122EA024780265900512
B1431384506524N00343131EA024790266000512
B1431394506539N00343145EA024790266000512
B1431404506553N00343164EA024780265900512
B1431414506564N00343188EA024780265900512
B1431424506571N00343215EA024800266100512
B1431434506575N00343243EA024830266400512
B1431444506575N00343273EA024870266800512
B1431454506572N00343302EA024900266900512
B1431464506564N00343330EA024920267100512
B1431474506553N00343356EA024930267300512
B1431484506538N00343380EA024960267700512
B1431494506521N00343399EA024990268000512
B1431504506502N00343414EA025020268300512
B1431514506482N00343424EA025030268400512
B1431524506461N00343429EA025050268700512
B1431534506441N00343426EA025060268900512
K143153306023
B1431544506423N00343416EA025080268800512
B1431554506407N00343402EA025080268800512
B1431564506395N00343382EA025080268700512
B1431574506387N00343360EA025070268600512
B1431584506382N00343336EA025050268500512
B1431594506382N00343311EA025040268600512
B1432004506386N00343288EA025050268700512
B1432014506394N00343267EA025070268900512
B1432024506406N00343250EA025090269200512
B1432034506420N00343239EA025110269400512
B1432044506435N00343235EA025130269500512
B1432054506451N00343238EA025140269600512
B1432064506467N00343249EA025140269500512
B1432074506480N00343266EA025120269300512
B1432084506490N00343289EA025080268900512
B1432094506496N00343317EA025050268400512
B1432104506497N00343348EA024990267900512
B1432114506495N00343381EA024950267400512
B1432124506488N00343415EA024910266900512
B1432134506476N00343447EA024880266600512
B1432144506460N00343478EA024910266700512
B1432154506443N00343508EA024890266900512
B1432164506426N00343535EA024930267300512
B1432174506407N00343560EA024980267800512
B1432184506386N00343579EA025050268500512
B1432194506365N00343592EA025100269200512
B1432204506343N00343599EA025160269700512
B1432214506322N00343599EA025190270000512
B1432224506302N00343591EA025210270200512
B1432234506284N00343578EA025210270200512
B1432244506270N00343560EA025210270200512
B1432254506260N00343538EA025210270200512
B1432264506254N00343514EA025230270400512
B1432274506252N00343489EA025260270700512
B1432284506255N00343466EA025290270900512
LXNA::AVGSATSNR:39
B1432294506261N00343445EA025290271100512
B1432304506271N00343427EA025300271200512
B1432314506284N00343413EA025310271200512
B1432324506299N00343404EA025310271300512
B1432334506316N00343402EA025330271600512
B1432344506332N00343406EA025360271800512
B1432354506348N00343417EA025370272000512
B1432364506362N00343433EA025400272200512
B1432374506375N00343452EA025430272500512
B1432384506385N00343474EA025460272800512
B1432394506393N00343499EA025470273000512
B1432404506399N00343526EA025500273400512
B1432414506402N00343553EA025540273800512
B1432424506402N00343582EA025560273900512
B1432434506399N00343610EA025550273800512
B1432444506392N00343638EA025540273700512
B1432454506381N00343664EA025530273600512
B1432464506367N00343686EA025540273700512
B1432474506350N00343703EA025560273800512
B1432484506331N00343714EA025570273900512
B1432494506312N00343719EA025580274000512
B1432504506293N00343718EA025580273900512
K143250319023
B1432514506276N00343710EA025550273800512
B1432524506260N00343697EA025540273700512
B1432534506249N00343679EA025540273500512
B1432544506241N00343657EA025520273400512
B1432554506239N00343633EA025510273200512
B1432564506241N00343609EA025500273200512
B1432574506248N00343587EA025500273300512
B1432584506259N00343569EA025530273500512
B1432594506273N00343555EA025570274000512
B1433004506288N00343546EA025590274300512
B1433014506304N00343541EA025610274500512
B1433024506321N00343542EA025630274600512
B1433034506337N00343548EA025640274800512
B1433044506354N00343558EA025660274900512
B1433054506369N00343571EA025650274900512
B1433064506383N00343588EA025650274800512
B1433074506396N00343609EA025640274700512
B1433084506407N00343634EA025600274300512
B1433094506415N00343662EA025570273800512
B1433104506422N00343692EA025520273300512
B1433114506429N00343724EA025480272700512
K143311317020
B1433124506435N00343758EA025420272300512
B1433134506444N00343791EA025390272100512
B1433144506453N00343823EA025400272300512
B1433154506465N00343853EA025430272700512
B1433164506478N00343879EA025480273200512
B1433174506493N00343902EA025510273600512
B1433184506509N00343921EA025550274000512
B1433194506525N00343936EA025610274300512
B1433204506543N00343947EA025630274700512
B1433214506561N00343952EA025650274900512
B1433224506578N00343954EA025670275100512
B1433234506595N00343951EA025690275200512
B1433244506612N00343944EA025690275200512
B1433254506627N00343932EA025690275200512
B1433264506640N00343917EA025690275100512
B1433274506651N00343900EA025680275000512
B1433284506661N00343881EA025660275000512
B1433294506669N00343860EA025670274900512
LXNA::AVGSATSNR:37
B1433304506677N00343838EA025650274900512
B1433314506686N00343817EA025650275000512
B1433324506695N00343797EA025660275100512
B1433334506706N00343778EA025670275200512
B1433344506718N00343760EA025680275300512
B1433354506731N00343744EA025690275400512
B1433364506745N00343730EA025700275400512
B1433374506760N00343717EA025700275400512
B1433384506776N00343705EA025700275400512
B1433394506793N00343695EA025690275400512
B1433404506810N00343684EA025690275300512
B1433414506828N00343674EA025690275400512
B1433424506845N00343663EA025690275300512
B1433434506861N00343652EA025690275200512
B1433444506878N00343640EA025690275100512
B1433454506895N00343629EA025690275200512
B1433464506912N00343618EA025680275200512
B1433474506929N00343606EA025680275100512
B1433484506947N00343596EA025700275100512
B1433494506964N00343586EA025700275300512
B1433504506982N00343577EA025720275600512
B1433514507000N00343568EA025750275700512
B1433524507018N00343560EA025760275700512
LXNA::BAT:charging,100%,4.251V,6000mA
B1433534507036N00343551EA025740275700512
B1433544507053N00343541EA025730275600512
B1433554507071N00343531EA025710275400512
B1433564507089N00343519EA025700275300512
B1433574507106N00343506EA025700275300512
B1433584507123N00343492EA025680275200512
B1433594507140N00343478EA025680275100512
B1434004507157N00343463EA025680275000512
B1434014507173N00343448EA025670274900512
B1434024507189N00343432EA025670274900512
B1434034507205N00343416EA025660274800512
B1434044507221N00343400EA025650274700512
B1434054507236N00343384EA025650274800512
B1434064507251N00343368EA025660274900512
B1434074507266N00343353EA025680275000512
B1434084507280N00343338EA025680275000512
B1434094507295N00343324EA025670274900512
B1434104507310N00343309EA025660274800512
B1434114507324N00343295EA025660274800512
B1434124507339N00343280EA025650274700512
B1434134507354N00343266EA025650274700512
B1434144507369N00343253EA025640274700512
B1434154507384N00343240EA025650274700512
B1434164507399N00343227EA025650274700512
B1434174507414N00343214EA025650274700512
B1434184507429N00343201EA025640274600512
B1434194507444N00343189EA025620274500512
B1434204507459N00343177EA025610274300512
B1434214507475N00343165EA025590274200512
B1434224507490N00343153EA025590274100512
B1434234507506N00343142EA025580274000512
B1434244507522N00343131EA025580274000512
B1434254507538N00343121EA025570273900512
B1434264507555N00343111EA025570273900512
B1434274507571N00343100EA025580273800512
F143427160409050611072130
B1434284507588N00343090EA025580273900512
B1434294507605N00343080EA025590274100512
B1434304507622N00343072EA025610274200512
LXNA::AVGSATSNR:38
B1434314507640N00343064EA025620274300512
B1434324507657N00343056EA025620274400512
B1434334507675N00343048EA025630274600512
B1434344507692N00343040EA025660274800512
B1434354507710N00343032EA025680275100512
B1434364507727N00343025EA025700275300512
B1434374507745N00343018EA025720275500512
B1434384507762N00343012EA025750275800512
B1434394507780N00343006EA025770276100512
B1434404507798N00343000EA025790276300512
B1434414507815N00342994EA025800276400512
B1434424507833N00342988EA025820276500512
B1434434507851N00342983EA025820276500512
B1434444507869N00342977EA025820276500512
B1434454507887N00342971EA025810276500512
B1434464507904N00342966EA025840276700512
B1434474507922N00342961EA025870277100512
B1434484507940N00342957EA025900277500512
B1434494507958N00342953EA025920277600512
B1434504507975N00342950EA025920277600512
B1434514507993N00342948EA025920277500512
B1434524508011N00342946EA025910277400512
B1434534508029N00342943EA025870277100512
B1434544508046N00342938EA025850276800512
B1434554508064N00342933EA025800276300512
B1434564508082N00342927EA025740275500512
B1434574508101N00342920EA025640274600512
B1434584508120N00342912EA025580273900512
B1434594508139N00342902EA025520273400512
B1435004508158N00342891EA025480273000512
B1435014508177N00342880EA025450272700512
B1435024508196N00342867EA025420272400512
B1435034508215N00342854EA025410272300512
B1435044508233N00342841EA025390272200512
B1435054508251N00342827EA025380272000512
B1435064508269N00342814EA025370271900512
B1435074508287N00342800EA025370272000512
B1435084508304N00342786EA025390272100512
B1435094508322N00342772EA025400272300512
B1435104508339N00342758EA025410272400512
B1435114508356N00342744EA025380272000512
B1435124508373N00342730EA025350271600512
B1435134508390N00342715EA025330271600512
B1435144508406N00342700EA025340271600512
B1435154508422N00342685EA025340271600512
B1435164508438N00342670EA025330271500512
B1435174508453N00342654EA025320271400512
B1435184508469N00342638EA025320271300512
B1435194508484N00342621EA025300271200512
B1435204508499N00342604EA025300271200512
B1435214508513N00342587EA025300271300512
B1435224508528N00342570EA025310271400512
B1435234508543N00342554EA025340271600512
B1435244508558N00342539EA025370272100512
B1435254508573N00342524EA025410272600512
B1435264508587N00342510EA025470273100512
B1435274508601N00342498EA025530273800512
B1435284508614N00342486EA025580274400512
B1435294508628N00342474EA025610274700512
B1435304508640N00342463EA025630274900512
B1435314508652N00342453EA025650275100512
LXNA::AVGSATSNR:37
B1435324508664N00342442EA025670275200512
B1435334508676N00342432EA025670275200512
B1435344508687N00342421EA025670275200512
B1435354508699N00342411EA025650274900512
B1435364508711N00342401EA025610274300512
B1435374508724N00342389EA025550273800512
B1435384508738N00342377EA025520273400512
B1435394508752N00342364EA025500273200512
B1435404508766N00342350EA025480273100512
B1435414508780N00342336EA025470273000512
B1435424508795N00342322EA025460272900512
B1435434508809N00342308EA025470273000512
B1435444508822N00342293EA025470273100512
B1435454508836N00342279EA025470273100512
B1435464508849N00342264EA025460273000512
B1435474508862N00342249EA025470273000512
B1435484508875N00342235EA025460273000512
B1435494508888N00342221EA025460273100512
B1435504508901N00342207EA025460273100512
B1435514508914N00342193EA025470273100512
B1435524508926N00342180EA025470273200512
B1435534508939N00342167EA025460273000512
B1435544508952N00342154EA025440272700512
B1435554508964N00342141EA025420272500512
B1435564508978N00342127EA025400272300512
B1435574508991N00342114EA025380272100512
B1435584509005N00342100EA025360271900512
B1435594509019N00342087EA025340271700512
B1436004509033N00342073EA025320271500512
B1436014509048N00342059EA025300271400512
B1436024509063N00342045EA025290271200512
B1436034509078N00342031EA025270271000512
B1436044509094N00342017EA025250270800512
B1436054509110N00342003EA025240270700512
B1436064509126N00341990EA025240270600512
B1436074509142N00341976EA025240270700512
B1436084509159N00341961EA025260270900512
B1436094509175N00341947EA025290271300512
B1436104509191N00341932EA025350271900512
B1436114509205N00341916EA025410272600512
B1436124509218N00341900EA025470273200512
K143612317020
B1436134509230N00341883EA025530273700512
B1436144509241N00341865EA025590274200512
B1436154509251N00341846EA025610274600512
B1436164509260N00341827EA025640274800512
B1436174509268N00341808EA025680275100512
B1436184509277N00341789EA025700275200512
B1436194509288N00341771EA025700275400512
B1436204509302N00341756EA025710275500512
B1436214509317N00341747EA025720275700512
B1436224509334N00341745EA025740275800512
B1436234509352N00341748EA025750275900512
B1436244509368N00341759EA025760276000512
B1436254509383N00341775EA025770276100512
B1436264509395N00341797EA025780276300512
B1436274509403N00341821EA025800276500512
B1436284509407N00341847EA025830276900512
B1436294509407N00341874EA025880277200512
B1436304509404N00341901EA025910277500512
B1436314509398N00341926EA025920277800512
B1436324509389N00341950EA025950278000512
LXNA::AVGSATSNR:39
B1436334509377N00341971EA025980278200512
B1436344509363N00341988EA025970278200512
B1436354509347N00342001EA025970278100512
B1436364509330N00342010EA025960278000512
B1436374509311N00342013EA025960278000512
B1436384509293N00342011EA025970278100512
B1436394509275N00342005EA025990278500512
B1436404509258N00341997EA026020278900512
B1436414509242N00341987EA026040278900512
B1436424509227N00341975EA026040278800512
B1436434509213N00341959EA026020278500512
B1436444509199N00341941EA025990278300512
B1436454509187N00341920EA025980278200512
B1436464509178N00341896EA025980278400512
B1436474509172N00341871EA026000278500512
B1436484509167N00341844EA026010278700512
B1436494509164N00341817EA026020278900512
B1436504509163N00341791EA026050279300512
B1436514509165N00341764EA026100279700512
B1436524509169N00341739EA026130280100512
B1436534509177N00341715EA026170280500512
LXNA::BAT:charging,100%,4.251V,12mA
B1436544509188N00341694EA026220280800512
B1436554509201N00341675EA026240281100512
B1436564509216N00341660EA026250281200512
B1436574509233N00341650EA026280281500512
B1436584509252N00341643EA026310281900512
B1436594509271N00341642EA026340282200512
B1437004509290N00341645EA026380282500512
B1437014509310N00341653EA026390282900512
B1437024509328N00341665EA026440283300512
B1437034509344N00341682EA026480283600512
B1437044509358N00341703EA026500283800512
B1437054509370N00341727EA026530284100512
B1437064509378N00341754EA026550284400512
B1437074509384N00341783EA026580284600512
B1437084509386N00341812EA026600284800512
B1437094509385N00341842EA026610284900512
B1437104509381N00341872EA026610284800512
B1437114509374N00341902EA026590284600512
B1437124509364N00341930EA026570284400512
B1437134509350N00341955EA026560284300512
B1437144509333N00341976EA026540284100512
B1437154509314N00341994EA026530284000512
B1437164509293N00342007EA026530283800512
B1437174509270N00342014EA026520283800512
B1437184509247N00342016EA026510283800512
B1437194509224N00342012EA026520283900512
B1437204509202N00342003EA026510283800512
B1437214509181N00341988EA026520283800512
B1437224509162N00341969EA026510283800512
B1437234509146N00341944EA026510283800512
B1437244509132N00341916EA026530284100512
B1437254509123N00341886EA026570284400512
B1437264509117N00341853EA026570284600512
B1437274509115N00341819EA026590284700512
B1437284509116N00341785EA026610284900512
B1437294509122N00341752EA026610285100512
B1437304509130N00341720EA026630285300512
B1437314509142N00341689EA026650285400512
B1437324509156N00341661EA026650285500512
B1437334509173N00341634EA026680285700512
LXNA::AVGSATSNR:39
B1437344509192N00341610EA026690286100512
B1437354509211N00341589EA026730286400512
B1437364509232N00341568EA026770286800512
B1437374509253N00341548EA026810287400512
B1437384509273N00341529EA026870287900512
B1437394509293N00341509EA026910288300512
B1437404509312N00341489EA026950288700512
B1437414509331N00341468EA026970289000512
B1437424509350N00341446EA027000289200512
B1437434509367N00341424EA027030289500512
B1437444509385N00341402EA027040289700512
B1437454509402N00341379EA027060289900512
B1437464509419N00341357EA027070290000512
B1437474509436N00341335EA027070289900512
B1437484509453N00341314EA027060289700512
B1437494509471N00341294EA027030289600512
B1437504509489N00341274EA027020289400512
B1437514509508N00341256EA027000289200512
B1437524509526N00341239EA026980288900512
B1437534509545N00341223EA026960288700512
B1437544509565N00341207EA026930288400512
B1437554509584N00341191EA026910288100512
B1437564509604N00341177EA026890287900512
B1437574509624N00341163EA026870287700512
B1437584509644N00341149EA026860287500512
B1437594509664N00341134EA026840287400512
B1438004509684N00341120EA026830287300512
B1438014509703N00341105EA026820287200512
B1438024509722N00341089EA026810287000512
B1438034509741N00341074EA026790286800512
B1438044509760N00341059EA026760286500512
B1438054509779N00341043EA026730286200512
B1438064509798N00341027EA026710286000512
B1438074509817N00341011EA026690285700512
B1438084509836N00340996EA026660285500512
B1438094509855N00340980EA026640285200512
B1438104509874N00340964EA026620285000512
B1438114509894N00340948EA026600284800512
B1438124509913N00340932EA026590284600512
B1438134509933N00340916EA026570284400512
B1438144509952N00340900EA026560284300512
B1438154509972N00340884EA026540284100512
B1438164509991N00340869EA026530284000512
B1438174510011N00340854EA026510283900512
B1438184510031N00340838EA026490283600512
B1438194510051N00340824EA026480283500512
B1438204510072N00340809EA026480283400512
B1438214510092N00340794EA026460283300512
B1438224510112N00340779EA026470283400512
B1438234510132N00340765EA026470283400512
B1438244510152N00340750EA026470283400512
B1438254510171N00340735EA026460283400512
B1438264510190N00340720EA026460283300512
B1438274510209N00340705EA026450283200512
B1438284510228N00340690EA026440283000512
B1438294510247N00340675EA026420282900512
B1438304510266N00340660EA026410282800512
B1438314510285N00340645EA026410282700512
B1438324510303N00340630EA026400282700512
B1438334510321N00340614EA026390282600512
B1438344510340N00340599EA026370282500512
LXNA::AVGSATSNR:38
B1438354510358N00340583EA026370282400512
B1438364510375N00340568EA026360282300512
B1438374510393N00340552EA026350282200512
B1438384510410N00340536EA026320282000512
B1438394510427N00340519EA026300281700512
B1438404510444N00340501EA026290281600512
B1438414510460N00340483EA026280281600512
B1438424510476N00340466EA026280281500512
B1438434510492N00340448EA026260281300512
B1438444510508N00340429EA026240281100512
B1438454510523N00340410EA026220280900512
B1438464510539N00340391EA026220280700512
B1438474510554N00340372EA026210280600512
B1438484510569N00340351EA026190280600512
B1438494510584N00340331EA026190280400512
B1438504510598N00340309EA026170280300512
B1438514510613N00340288EA026170280300512
B1438524510627N00340268EA026170280300512
B1438534510642N00340247EA026180280400512
B1438544510657N00340227EA026180280500512
B1438554510671N00340208EA026200280600512
B1438564510686N00340188EA026210280800512
B1438574510700N00340170EA026250281100512
B1438584510715N00340152EA026270281400512
B1438594510730N00340134EA026310281800512
B1439004510744N00340116EA026340282300512
B1439014510757N00340098EA026380282700512
B1439024510770N00340081EA026420283100512
B1439034510782N00340065EA026440283200512
B1439044510795N00340049EA026430283200512
B1439054510807N00340033EA026410282900512
B1439064510820N00340016EA026350282200512
B1439074510833N00339999EA026290281500512
B1439084510848N00339982EA026220280800512
B1439094510864N00339965EA026160280200512
B1439104510880N00339947EA026120279700512
B1439114510897N00339929EA026070279300512
B1439124510914N00339911EA026030278900512
B1439134510931N00339892EA026000278500512
K143913317020
B1439144510949N00339874EA025960278100512
B1439154510967N00339855EA025930277800512
B1439164510985N00339837EA025900277500512
B1439174511004N00339819EA025870277200512
B1439184511022N00339800EA025850277000512
B1439194511040N00339782EA025860276900512
B1439204511059N00339763EA025840277000512
B1439214511077N00339745EA025840276900512
B1439224511095N00339727EA025830276800512
B1439234511113N00339708EA025810276700512
B1439244511130N00339690EA025800276500512
B1439254511148N00339671EA025790276400512
B1439264511166N00339653EA025780276400512
B1439274511183N00339634EA025790276400512
B1439284511201N00339615EA025790276400512
B1439294511218N00339597EA025790276500512
B1439304511235N00339578EA025800276600512
B1439314511252N00339560EA025810276700512
B1439324511268N00339542EA025820276900512
B1439334511284N00339524EA025840277100512
B1439344511300N00339506EA025860277200512
B1439354511315N00339488EA025860277200512
LXNA::AVGSATSNR:38
B1439364511330N00339471EA025850277200512
B1439374511346N00339453EA025850277000512
B1439384511361N00339436EA025830276900512
B1439394511377N00339418EA025810276700512
B1439404511392N00339401EA025800276500512
B1439414511408N00339383EA025790276400512
B1439424511424N00339366EA025780276300512
B1439434511440N00339350EA025770276200512
B1439444511456N00339333EA025760276100512
B1439454511472N00339317EA025750276000512
B1439464511488N00339300EA025740275800512
B1439474511504N00339284EA025720275600512
B1439484511520N00339267EA025710275500512
B1439494511536N00339251EA025690275200512
B1439504511552N00339234EA025660275000512
B1439514511568N00339217EA025630274600512
B1439524511585N00339200EA025590274200512
B1439534511601N00339182EA025560273900512
B1439544511618N00339164EA025520273400512
LXNA::BAT:charging,100%,4.253V,6000mA
B1439554511634N00339146EA025490273000512
B1439564511652N00339128EA025460272800512
B1439574511669N00339109EA025440272600512
B1439584511686N00339091EA025430272400512
B1439594511703N00339073EA025420272300512
B1440004511721N00339054EA025410272300512
B1440014511738N00339036EA025400272300512
B1440024511755N00339017EA025400272300512
B1440034511772N00338999EA025410272400512
B1440044511789N00338981EA025420272500512
B1440054511806N00338964EA025420272500512
B1440064511823N00338947EA025410272400512
B1440074511840N00338930EA025400272300512
B1440084511857N00338912EA025390272100512
B1440094511874N00338895EA025370271900512
B1440104511892N00338878EA025360271800512
B1440114511909N00338861EA025350271600512
B1440124511926N00338843EA025330271500512
B1440134511943N00338825EA025330271500512
B1440144511960N00338807EA025330271500512
B1440154511976N00338789EA025330271400512
B1440164511992N00338770EA025330271500512
B1440174512009N00338752EA025330271500512
B1440184512025N00338734EA025340271600512
B1440194512041N00338716EA025340271600512
B1440204512057N00338698EA025340271600512
B1440214512073N00338679EA025340271500512
B1440224512089N00338661EA025330271400512
B1440234512105N00338643EA025310271300512
B1440244512121N00338625EA025300271100512
B1440254512137N00338607EA025290270900512
B1440264512153N00338589EA025270270900512
B1440274512169N00338571EA025260270800512
B1440284512185N00338553EA025250270600512
B1440294512201N00338535EA025230270500512
B1440304512217N00338517EA025210270300512
B1440314512233N00338499EA025200270100512
B1440324512249N00338481EA025170269900512
B1440334512265N00338463EA025150269700512
B1440344512280N00338445EA025130269500512
B1440354512296N00338427EA025110269300512
B1440364512312N00338409EA025090269000512
LXNA::AVGSATSNR:38
B1440374512327N00338391EA025050268600512
B1440384512343N00338372EA025020268300512
B1440394512358N00338353EA024990268100512
B1440404512374N00338335EA024970267800512
B1440414512390N00338317EA024940267600512
B1440424512406N00338299EA024920267300512
B1440434512422N00338281EA024900267100512
B1440444512438N00338264EA024880266900512
B1440454512454N00338247EA024860266600512
B1440464512470N00338229EA024830266300512
B1440474512487N00338212EA024790266000512
B1440484512503N00338195EA024760265600512
B1440494512520N00338177EA024730265200512
B1440504512537N00338159EA024690264900512
B1440514512554N00338141EA024670264600512
B1440524512571N00338123EA024650264400512
B1440534512588N00338105EA024630264300512
B1440544512605N00338087EA024620264200512
B1440554512622N00338069EA024620264200512
B1440564512639N00338051EA024610264100512
B1440574512656N00338034EA024610264100512
B1440584512673N00338016EA024610264100512
B1440594512690N00337999EA024600264000512
B1441004512707N00337981EA024590263900512
B1441014512724N00337964EA024580263700512
B1441024512741N00337948EA024570263600512
B1441034512758N00337931EA024540263300512
B1441044512775N00337913EA024510262900512
B1441054512792N00337895EA024470262500512
B1441064512809N00337877EA024430262100512
B1441074512827N00337858EA024390261800512
B1441084512844N00337839EA024360261400512
B1441094512862N00337821EA024330261200512
B1441104512880N00337802EA024310261100512
B1441114512898N00337783EA024310261000512
B1441124512916N00337764EA024310261000512
B1441134512934N00337745EA024320261100512
B1441144512951N00337726EA024330261200512
B1441154512969N00337707EA024360261500512
B1441164512986N00337688EA024390261800512
B1441174513002N00337669EA024420262200512
B1441184513018N00337651EA024450262500512
B1441194513033N00337632EA024470262700512
B1441204513048N00337613EA024490262900512
B1441214513063N00337595EA024490262900512
B1441224513078N00337576EA024470262700512
B1441234513092N00337557EA024450262400512
B1441244513107N00337538EA024430262200512
B1441254513122N00337519EA024410262000512
B1441264513137N00337500EA024400261800512
B1441274513153N00337481EA024380261600512
B1441284513168N00337462EA024350261400512
B1441294513184N00337443EA024320261100512
B1441304513199N00337424EA024300261000512
B1441314513214N00337404EA024290260800512
B1441324513230N00337384EA024300260800512
B1441334513245N00337364EA024300260800512
B1441344513260N00337343EA024280260700512
B1441354513274N00337322EA024270260600512
B1441364513288N00337299EA024260260400512
B1441374513301N00337276EA024250260400512
LXNA::AVGSATSNR:38
B1441384513313N00337252EA024240260300512
B1441394513326N00337227EA024240260200512
B1441404513338N00337203EA024240260300512
B1441414513349N00337178EA024260260500512
B1441424513360N00337153EA024280260800512
B1441434513370N00337127EA024310261100512
B1441444513379N00337103EA024340261300512
B1441454513388N00337078EA024350261500512
B1441464513396N00337055EA024390261700512
B1441474513404N00337031EA024400261800512
B1441484513412N00337008EA024390261900512
B1441494513421N00336985EA024390261800512
B1441504513430N00336963EA024380261600512
B1441514513439N00336941EA024370261600512
B1441524513449N00336920EA024360261500512
B1441534513458N00336898EA024350261300512
B1441544513467N00336877EA024320261000512
B1441554513477N00336855EA024280260600512
B1441564513487N00336833EA024230259900512
B1441574513498N00336811EA024160259300512
B1441584513510N00336788EA024100258700512
B1441594513523N00336765EA024050258100512
B1442004513537N00336743EA023990257600512
B1442014513551N00336720EA023960257200512
B1442024513566N00336699EA023920256900512
B1442034513581N00336677EA023890256600512
B1442044513596N00336656EA023860256400512
B1442054513612N00336635EA023840256100512
B1442064513627N00336614EA023810255800512
B1442074513643N00336594EA023780255400512
B1442084513659N00336575EA023750255100512
B1442094513675N00336555EA023710254700512
B1442104513692N00336535EA023670254400512
B1442114513708N00336516EA023660254100512
B1442124513725N00336498EA023630253900512
B1442134513743N00336479EA023620253700512
B1442144513760N00336462EA023610253700512
K144214317020
B1442154513777N00336444EA023620253800512
B1442164513794N00336427EA023620253900512
B1442174513811N00336411EA023630253900512
B1442184513828N00336395EA023640254000512
B1442194513845N00336379EA023640254000512
B1442204513862N00336364EA023630253900512
B1442214513879N00336348EA023630253900512
B1442224513896N00336334EA023630253900512
B1442234513912N00336319EA023640254200512
B1442244513928N00336305EA023670254500512
B1442254513943N00336291EA023700254700512
B1442264513958N00336278EA023720254900512
B1442274513973N00336264EA023740255000512
B1442284513987N00336252EA023750255100512
B1442294514001N00336239EA023740255100512
B1442304514015N00336227EA023730254900512
B1442314514028N00336214EA023710254700512
B1442324514041N00336201EA023690254500512
B1442334514055N00336189EA023660254200512
B1442344514068N00336176EA023630253800512
B1442354514082N00336164EA023590253400512
B1442364514095N00336152EA023550253000512
B1442374514109N00336140EA023500252400512
B1442384514123N00336127EA023450251900512
LXNA::AVGSATSNR:38
B1442394514138N00336114EA023400251400512
B1442404514153N00336101EA023340250800512
B1442414514168N00336089EA023310250400512
B1442424514184N00336075EA023260250100512
B1442434514199N00336061EA023240249900512
B1442444514215N00336048EA023220249600512
B1442454514231N00336034EA023190249400512
B1442464514246N00336021EA023180249200512
B1442474514262N00336008EA023150248900512
B1442484514278N00335995EA023110248600512
B1442494514294N00335982EA023090248300512
B1442504514310N00335970EA023060248100512
B1442514514326N00335958EA023050248000512
B1442524514342N00335946EA023030247800512
B1442534514358N00335935EA023020247600512
B1442544514374N00335923EA023000247400512
B1442554514390N00335912EA022980247300512
LXNA::BAT:charging,100%,4.253V,6000mA
B1442564514406N00335900EA022960247100512
B1442574514422N00335888EA022940246900512
B1442584514438N00335876EA022920246700512
B1442594514455N00335864EA022900246400512
B1443004514472N00335853EA022860246100512
B1443014514489N00335842EA022820245700512
B1443024514506N00335832EA022810245500512
B1443034514524N00335822EA022790245400512
B1443044514542N00335812EA022790245500512
B1443054514560N00335804EA022800245500512
B1443064514578N00335796EA022810245600512
B1443074514595N00335788EA022810245700512
B1443084514613N00335780EA022820245800512
B1443094514630N00335772EA022830245800512
B1443104514647N00335764EA022820245800512
B1443114514665N00335756EA022810245600512
B1443124514682N00335749EA022800245500512
B1443134514699N00335741EA022800245600512
B1443144514716N00335733EA022810245800512
B1443154514733N00335724EA022830246000512
B1443164514749N00335716EA022860246300512
B1443174514764N00335706EA022900246600512
B1443184514779N00335695EA022920246900512
B1443194514792N00335684EA022930247100512
B1443204514805N00335672EA022940247100512
B1443214514818N00335660EA022940247100512
B1443224514831N00335648EA022950247200512
B1443234514844N00335636EA022970247400512
B1443244514857N00335624EA022990247600512
B1443254514869N00335611EA022990247500512
B1443264514882N00335599EA022980247500512
B1443274514894N00335586EA022980247500512
B1443284514907N00335574EA022990247600512
B1443294514920N00335563EA023000247700512
B1443304514934N00335555EA023000247600512
B1443314514949N00335550EA022980247300512
B1443324514965N00335546EA022950247100512
B1443334514981N00335544EA022940247100512
B1443344514996N00335542EA022950247100512
B1443354515012N00335540EA022960247300512
B1443364515028N00335538EA023000247700512
B1443374515043N00335538EA023030248100512
B1443384515058N00335539EA023060248400512
B1443394515073N00335539EA023080248600512
LXNA::AVGSATSNR:39
B1443404515088N00335540EA023100248800512
B1443414515104N00335540EA023120249000512
B1443424515119N00335540EA023140249100512
B1443434515134N00335539EA023140249300512
B1443444515149N00335538EA023170249400512
B1443454515165N00335535EA023190249700512
B1443464515180N00335533EA023210250000512
B1443474515195N00335533EA023230250100512
B1443484515210N00335536EA023220250000512
B1443494515225N00335545EA023200249700512
B1443504515237N00335560EA023180249400512
B1443514515247N00335581EA023150249100512
B1443524515251N00335606EA023100248700512
B1443534515252N00335634EA023050248100512
B1443544515247N00335662EA023000247500512
B1443554515238N00335689EA022950247000512
B1443564515224N00335714EA022920246800512
B1443574515207N00335735EA022910246800512
B1443584515188N00335752EA022920246800512
B1443594515167N00335764EA022930246900512
B1444004515145N00335772EA022930246900512
B1444014515124N00335777EA022940247000512
B1444024515102N00335778EA022980247300512
B1444034515081N00335775EA023000247700512
B1444044515061N00335772EA023070248200512
B1444054515041N00335768EA023090248600512
B1444064515021N00335763EA023130249000512
B1444074515002N00335759EA023160249300512
B1444084514984N00335752EA023190249600512
B1444094514967N00335741EA023210249700512
B1444104514953N00335726EA023210249600512
B1444114514943N00335706EA023190249300512
B1444124514937N00335683EA023140248700512
B1444134514938N00335657EA023090248300512
B1444144514946N00335632EA023080248400512
B1444154514959N00335612EA023090248500512
B1444164514976N00335598EA023120248700512
B1444174514995N00335592EA023140248900512
B1444184515016N00335595EA023170249200512
B1444194515035N00335606EA023190249400512
B1444204515051N00335624EA023210249700512
B1444214515064N00335647EA023240250100512
B1444224515075N00335672EA023290250600512
B1444234515083N00335698EA023320251000512
B1444244515089N00335725EA023390251400512
B1444254515092N00335752EA023430251800512
B1444264515090N00335779EA023440251900512
B1444274515084N00335806EA023440251900512
F1444270409050611072130
B1444284515072N00335829EA023420251700512
B1444294515057N00335848EA023400251400512
B1444304515038N00335860EA023380251200512
B1444314515017N00335865EA023360251000512
B1444324514996N00335861EA023340250800512
B1444334514977N00335850EA023320250500512
B1444344514961N00335832EA023300250300512
B1444354514948N00335810EA023300250500512
B1444364514940N00335785EA023350250900512
B1444374514935N00335760EA023390251400512
B1444384514931N00335735EA023430251900512
B1444394514930N00335711EA023470252300512
B1444404514932N00335688EA023520252700512
LXNA::AVGSATSNR:40
B1444414514938N00335667EA023570253300512
B1444424514947N00335649EA023610253600512
B1444434514958N00335633EA023630253900512
B1444444514971N00335621EA023650254200512
B1444454514986N00335613EA023670254300512
B1444464515002N00335611EA023680254300512
B1444474515018N00335614EA023660254100512
B1444484515034N00335624EA023630253800512
B1444494515049N00335640EA023610253700512
B1444504515060N00335663EA023590253600512
B1444514515067N00335689EA023590253600512
B1444524515069N00335717EA023580253400512
B1444534515066N00335746EA023570253400512
B1444544515056N00335772EA023570253300512
B1444554515042N00335795EA023570253300512
B1444564515023N00335811EA023560253200512
B1444574515003N00335820EA023550253000512
B1444584514981N00335822EA023530252800512
B1444594514960N00335815EA023540252700512
B1445004514941N00335802EA023560253100512
B1445014514923N00335786EA023590253600512
B1445024514907N00335769EA023630253900512
B1445034514891N00335752EA023670254400512
B1445044514876N00335733EA023720255100512
B1445054514863N00335712EA023800255700512
B1445064514854N00335689EA023830256000512
B1445074514849N00335664EA023850256100512
B1445084514850N00335638EA023830256000512
B1445094514856N00335613EA023800255800512
B1445104514867N00335592EA023790255500512
B1445114514883N00335578EA023770255200512
B1445124514902N00335573EA023750254900512
B1445134514922N00335578EA023720254800512
B1445144514941N00335593EA023730254900512
B1445154514957N00335614EA023740255100512
K144515318021
B1445164514968N00335641EA023770255400512
B1445174514974N00335671EA023790255600512
B1445184514973N00335704EA023810255600512
B1445194514967N00335732EA023810255700512
B1445204514954N00335759EA023820255900512
B1445214514938N00335783EA023870256500512
B1445224514921N00335803EA023930257300512
B1445234514903N00335821EA024020258100512
B1445244514885N00335837EA024080258800512
B1445254514866N00335850EA024130259200512
B1445264514848N00335858EA024160259500512
B1445274514829N00335859EA024200259700512
B1445284514811N00335855EA024200259700512
B1445294514795N00335844EA024180259500512
B1445304514780N00335830EA024150259200512
B1445314514769N00335811EA024120258800512
B1445324514761N00335789EA024110258500512
B1445334514759N00335765EA024080258500512
B1445344514761N00335741EA024080258600512
B1445354514768N00335719EA024090258600512
B1445364514778N00335700EA024070258400512
B1445374514793N00335687EA024040258200512
B1445384514809N00335678EA024020258000512
B1445394514827N00335675EA024010258100512
B1445404514846N00335677EA024040258400512
B1445414514864N00335683EA024070258700512
LXNA::AVGSATSNR:39
B1445424514881N00335693EA024090258900512
B1445434514897N00335708EA024110259000512
B1445444514911N00335725EA024130259300512
B1445454514924N00335745EA024160259600512
B1445464514935N00335767EA024200260100512
B1445474514943N00335792EA024270260700512
B1445484514947N00335819EA024310261000512
B1445494514947N00335846EA024350261200512
B1445504514942N00335873EA024340261300512
B1445514514934N00335899EA024340261400512
B1445524514922N00335922EA024350261400512
B1445534514906N00335940EA024350261300512
B1445544514888N00335951EA024330261000512
B1445554514867N00335956EA024300260700512
B1445564514846N00335953EA024280260500512
LXNA::BAT:charging,100%,4.253V,6000mA
B1445574514827N00335944EA024270260600512
B1445584514810N00335929EA024280260700512
B1445594514796N00335910EA024310260800512
B1446004514786N00335888EA024300260900512
K144600289011
B1446014514780N00335864EA024300260900512
B1446024514780N00335839EA024300260700512
B1446034514785N00335814EA024300260600512
B1446044514794N00335791EA024280260800512
B1446054514806N00335772EA024310261000512
B1446064514821N00335755EA024340261300512
B1446074514839N00335743EA024370261600512
B1446084514858N00335737EA024400262000512
K144608295011
B1446094514877N00335739EA024410262100512
B1446104514895N00335749EA024430262100512
B1446114514912N00335766EA024430262200512
B1446124514927N00335787EA024450262500512
B1446134514939N00335812EA024480262900512
B1446144514948N00335839EA024500263100512
B1446154514952N00335868EA024530263300512
B1446164514951N00335898EA024550263400512
B1446174514945N00335928EA024550263400512
B1446184514935N00335954EA024560263500512
B1446194514920N00335977EA024560263600512
B1446204514903N00335995EA024580263700512
B1446214514884N00336006EA024600263800512
B1446224514863N00336010EA024610264000512
B1446234514843N00336010EA024620264200512
B1446244514825N00336003EA024650264400512
B1446254514807N00335993EA024650264500512
B1446264514792N00335979EA024670264700512
B1446274514778N00335963EA024700265000512
B1446284514767N00335945EA024710265100512
B1446294514758N00335925EA024720265200512
B1446304514753N00335904EA024730265300512
B1446314514752N00335882EA024740265300512
B1446324514756N00335860EA024740265300512
B1446334514763N00335841EA024740265300512
B1446344514775N00335825EA024740265100512
B1446354514790N00335814EA024710264900512
B1446364514807N00335809EA024690264800512
B1446374514826N00335810EA024690264800512
B1446384514844N00335818EA024690264900512
B1446394514860N00335833EA024700264800512
B1446404514873N00335855EA024720264900512
B1446414514882N00335881EA024740265300512
K144641290014
B1446424514887N00335909EA024770265700512
LXNA::AVGSATSNR:40
B1446434514889N00335938EA024810266000512
B1446444514887N00335967EA024820266100512
B1446454514879N00335994EA024840266100512
B1446464514868N00336019EA024830266000512
B1446474514853N00336040EA024830266000512
B1446484514835N00336057EA024820266000512
B1446494514815N00336068EA024820266000512
B1446504514795N00336075EA024820266100512
B1446514514774N00336076EA024830266200512
B1446524514754N00336072EA024830266200512
B1446534514736N00336062EA024830266100512
B1446544514720N00336045EA024820266000512
B1446554514708N00336024EA024800265800512
B1446564514701N00336000EA024790265700512
B1446574514697N00335974EA024800265800512
B1446584514697N00335949EA024810266000512
B1446594514700N00335925EA024840266200512
B1447004514707N00335902EA024850266400512
B1447014514716N00335883EA024850266400512
B1447024514729N00335867EA024850266300512
B1447034514746N00335856EA024840266000512
B1447044514764N00335851EA024820266000512
B1447054514783N00335850EA024810266200512
B1447064514802N00335853EA024840266400512
B1447074514820N00335860EA024840266500512
B1447084514837N00335873EA024860266600512
B1447094514852N00335891EA024880266700512
B1447104514863N00335915EA024890266800512
B1447114514870N00335942EA024880266800512
B1447124514873N00335972EA024870266700512
B1447134514873N00336002EA024880266700512
B1447144514868N00336032EA024870266600512
B1447154514859N00336060EA024860266500512
B1447164514846N00336084EA024850266400512
B1447174514829N00336104EA024860266400512
B1447184514810N00336120EA024860266500512
B1447194514790N00336130EA024870266700512
B1447204514770N00336135EA024900267000512
B1447214514750N00336135EA024920267100512
B1447224514731N00336129EA024930267200512
B1447234514713N00336118EA024940267200512
K144723295014
B1447244514697N00336105EA024920267200512
B1447254514683N00336089EA024920267200512
B1447264514671N00336070EA024930267100512
B1447274514661N00336049EA024910267100512
B1447284514655N00336026EA024900267000512
F14472816042009050611072130
B1447294514651N00336001EA024880266800512
B1447304514650N00335977EA024850266500512
B1447314514652N00335953EA024820266200512
B1447324514656N00335929EA024800266000512
B1447334514663N00335906EA024810266000512
B1447344514672N00335885EA024810266200512
B1447354514683N00335866EA024830266400512
B1447364514695N00335850EA024860266600512
B1447374514709N00335836EA024890267000512
B1447384514724N00335827EA024930267400512
B1447394514740N00335820EA024970267700512
B1447404514757N00335815EA025000268100512
B1447414514773N00335811EA025030268400512
B1447424514790N00335809EA025060268600512
B1447434514807N00335809EA025070268800512
LXNA::AVGSATSNR:39
B1447444514824N00335810EA025080269000512
B1447454514842N00335812EA025090269100512
B1447464514860N00335815EA025120269200512
B1447474514877N00335819EA025140269600512
B1447484514895N00335824EA025170270000512
B1447494514913N00335829EA025210270300512
B1447504514930N00335835EA025230270500512
B1447514514947N00335840EA025250270700512
B1447524514964N00335846EA025260270800512
B1447534514981N00335853EA025270270900512
B1447544514998N00335859EA025270271000512
B1447554515015N00335866EA025280271000512
B1447564515032N00335874EA025280271000512
B1447574515048N00335882EA025270270900512
B1447584515065N00335890EA025270270900512
B1447594515081N00335899EA025260270900512
B1448004515098N00335907EA025260270800512
B1448014515115N00335915EA025250270700512
B1448024515131N00335923EA025230270500512
B1448034515148N00335932EA025200270100512
B1448044515165N00335941EA025160269700512
B1448054515182N00335951EA025100269100512
B1448064515200N00335961EA025040268400512
B1448074515219N00335971EA024980267800512
B1448084515238N00335981EA024930267300512
B1448094515258N00335990EA024890266900512
B1448104515278N00335998EA024850266600512
B1448114515298N00336006EA024820266300512
B1448124515319N00336014EA024780266000512
B1448134515340N00336022EA024760265700512
B1448144515361N00336029EA024760265700512
B1448154515383N00336035EA024790266000512
B1448164515405N00336042EA024820266400512
B1448174515426N00336047EA024850266600512
B1448184515447N00336052EA024870266900512
B1448194515469N00336056EA024910267400512
B1448204515490N00336060EA024970267900512
B1448214515511N00336062EA025020268400512
B1448224515532N00336063EA025060269000512
B1448234515553N00336063EA025110269400512
B1448244515573N00336062EA025160269800512
B1448254515593N00336059EA025220270300512
B1448264515612N00336051EA025280270900512
B1448274515630N00336039EA025300271400512
B1448284515646N00336025EA025320271500512
B1448294515662N00336007EA025320271400512
B1448304515675N00335985EA025320271400512
B1448314515685N00335960EA025370271600512
B1448324515691N00335933EA025350271700512
B1448334515695N00335906EA025340271600512
B1448344515695N00335878EA025330271400512
B1448354515691N00335850EA025320271400512
B1448364515684N00335825EA025320271500512
B1448374515674N00335802EA025340271700512
B1448384515661N00335782EA025340271700512
B1448394515647N00335766EA025330271500512
B1448404515630N00335753EA025300271300512
B1448414515613N00335745EA025280271000512
B1448424515594N00335740EA025260270800512
B1448434515575N00335740EA025240270500512
B1448444515557N00335745EA025220270300512
LXNA::AVGSATSNR:39
B1448454515540N00335754EA025210270200512
B1448464515525N00335767EA025220270300512
B1448474515511N00335783EA025230270500512
B1448484515499N00335802EA025240270700512
B1448494515489N00335823EA025270270800512
B1448504515481N00335845EA025270270900512
B1448514515475N00335868EA025260270800512
B1448524515471N00335893EA025250270700512
B1448534515469N00335917EA025240270600512
B1448544515470N00335943EA025260270700512
B1448554515473N00335967EA025280271100512
B1448564515478N00335990EA025310271500512
B1448574515485N00336013EA025360271800512
LXNA::BAT:charging,100%,4.252V,6000mA
B1448584515493N00336034EA025380272000512
B1448594515503N00336053EA025390272200512
B1449004515514N00336070EA025430272500512
B1449014515527N00336086EA025470272900512
B1449024515540N00336100EA025500273300512
B1449034515554N00336113EA025540273700512
B1449044515568N00336125EA025580274000512
B1449054515583N00336135EA025610274400512
B1449064515598N00336144EA025650274900512
B1449074515614N00336152EA025700275300512
B1449084515630N00336158EA025740275800512
B1449094515646N00336163EA025770276200512
B1449104515662N00336167EA025810276600512
B1449114515678N00336171EA025850277000512
B1449124515694N00336175EA025880277300512
B1449134515710N00336179EA025910277600512
B1449144515727N00336183EA025930277800512
B1449154515743N00336187EA025940277900512
B1449164515759N00336191EA025950277900512
B1449174515776N00336196EA025940277900512
B1449184515793N00336201EA025950278100512
B1449194515809N00336205EA025970278300512
B1449204515826N00336207EA025980278400512
B1449214515842N00336210EA026000278600512
B1449224515859N00336212EA026020278800512
B1449234515876N00336214EA026030278900512
B1449244515893N00336215EA026030279000512
B1449254515910N00336216EA026030279000512
B1449264515927N00336216EA026020278800512
B1449274515944N00336216EA026010278700512
B1449284515962N00336215EA025990278500512
B1449294515979N00336215EA025980278400512
B1449304515997N00336214EA025960278200512
B1449314516015N00336213EA025950278100512
B1449324516033N00336212EA025930277900512
B1449334516051N00336210EA025910277700512
B1449344516069N00336208EA025900277600512
B1449354516087N00336205EA025890277500512
B1449364516106N00336201EA025900277500512
B1449374516124N00336197EA025900277600512
B1449384516143N00336192EA025890277400512
B1449394516161N00336187EA025860277100512
B1449404516180N00336182EA025820276600512
B1449414516199N00336177EA025770276100512
B1449424516219N00336171EA025730275700512
B1449434516239N00336164EA025700275400512
B1449444516260N00336157EA025670275200512
B1449454516280N00336151EA025650274900512
LXNA::AVGSATSNR:39
B1449464516301N00336144EA025640274700512
B1449474516322N00336139EA025630274700512
B1449484516343N00336133EA025620274600512
B1449494516363N00336128EA025610274500512
B1449504516384N00336122EA025600274400512
B1449514516405N00336117EA025590274300512
B1449524516426N00336111EA025590274200512
B1449534516447N00336106EA025570274000512
B1449544516468N00336101EA025550273700512
B1449554516490N00336095EA025520273500512
B1449564516511N00336090EA025510273400512
B1449574516532N00336084EA025500273300512
B1449584516553N00336079EA025490273200512
B1449594516573N00336072EA025490273300512
B1450004516594N00336066EA025490273300512
B1450014516615N00336061EA025490273200512
B1450024516635N00336055EA025490273200512
B1450034516656N00336050EA025490273200512
B1450044516676N00336045EA025480273100512
B1450054516697N00336040EA025460272900512
B1450064516718N00336035EA025460272900512
B1450074516738N00336031EA025450272900512
B1450084516759N00336027EA025440272700512
B1450094516779N00336022EA025420272500512
B1450104516800N00336018EA025390272300512
B1450114516821N00336014EA025380272100512
B1450124516841N00336009EA025370271900512
B1450134516862N00336005EA025350271800512
B1450144516882N00336000EA025340271700512
B1450154516903N00335995EA025340271700512
B1450164516923N00335990EA025330271600512
B1450174516943N00335985EA025320271600512
B1450184516964N00335980EA025310271500512
B1450194516984N00335976EA025310271400512
B1450204517004N00335971EA025310271400512
B1450214517024N00335966EA025300271300512
B1450224517044N00335961EA025290271200512
B1450234517065N00335957EA025270271100512
B1450244517085N00335952EA025270271000512
K145024297015
B1450254517104N00335947EA025260270900512
B1450264517124N00335942EA025260270900512
B1450274517144N00335938EA025260270800512
B1450284517163N00335933EA025250270700512
B1450294517183N00335929EA025240270700512
B1450304517202N00335924EA025230270600512
B1450314517221N00335919EA025220270400512
B1450324517240N00335914EA025210270400512
B1450334517260N00335910EA025210270300512
B1450344517279N00335905EA025200270300512
B1450354517298N00335901EA025200270200512
B1450364517317N00335896EA025180270100512
B1450374517337N00335893EA025170270000512
B1450384517356N00335889EA025160269900512
B1450394517376N00335886EA025150269800512
B1450404517396N00335883EA025140269600512
B1450414517416N00335880EA025100269200512
B1450424517436N00335878EA025080269000512
B1450434517457N00335875EA025060268900512
B1450444517477N00335874EA025050268700512
B1450454517498N00335872EA025030268500512
B1450464517518N00335870EA025010268300512
LXNA::AVGSATSNR:39
B1450474517539N00335868EA024990268100512
B1450484517559N00335866EA024990268000512
B1450494517580N00335864EA024970267900512
B1450504517600N00335862EA024960267800512
B1450514517621N00335860EA024950267600512
B1450524517641N00335858EA024930267400512
B1450534517661N00335856EA024890267100512
B1450544517681N00335853EA024860266700512
B1450554517702N00335851EA024840266500512
B1450564517722N00335848EA024830266300512
B1450574517742N00335846EA024810266200512
B1450584517763N00335844EA024810266100512
B1450594517783N00335842EA024790266000512
B1451004517804N00335840EA024790265900512
B1451014517824N00335837EA024770265700512
B1451024517844N00335835EA024760265600512
B1451034517864N00335832EA024750265500512
B1451044517885N00335829EA024740265400512
B1451054517905N00335826EA024740265400512
B1451064517925N00335824EA024740265400512
B1451074517945N00335821EA024740265400512
B1451084517965N00335817EA024730265400512
B1451094517984N00335814EA024720265200512
B1451104518004N00335810EA024700265000512
B1451114518024N00335806EA024690264900512
B1451124518045N00335802EA024670264800512
B1451134518065N00335798EA024670264800512
B1451144518085N00335793EA024670264800512
B1451154518105N00335788EA024660264700512
B1451164518125N00335783EA024650264600512
B1451174518145N00335778EA024650264500512
B1451184518164N00335773EA024640264500512
B1451194518184N00335768EA024630264400512
B1451204518204N00335762EA024620264300512
B1451214518224N00335757EA024620264200512
B1451224518244N00335751EA024610264200512
B1451234518263N00335745EA024610264200512
B1451244518283N00335740EA024600264100512
B1451254518303N00335734EA024600264000512
B1451264518322N00335729EA024600264000512
B1451274518342N00335723EA024600264000512
B1451284518361N00335717EA024600264000512
B1451294518380N00335711EA024600264000512
B1451304518399N00335706EA024600264000512
B1451314518418N00335700EA024600264000512
B1451324518437N00335694EA024590264000512
B1451334518456N00335688EA024580263800512
B1451344518475N00335682EA024560263700512
B1451354518493N00335676EA024550263500512
B1451364518512N00335669EA024540263400512
B1451374518530N00335663EA024530263300512
B1451384518549N00335656EA024520263200512
B1451394518568N00335650EA024520263200512
B1451404518586N00335643EA024520263200512
B1451414518605N00335636EA024530263300512
B1451424518623N00335630EA024540263400512
B1451434518642N00335623EA024540263500512
B1451444518660N00335616EA024540263500512
B1451454518679N00335609EA024540263400512
B1451464518697N00335602EA024530263300512
B1451474518716N00335595EA024520263200512
LXNA::AVGSATSNR:39
B1451484518734N00335588EA024520263100512
B1451494518753N00335580EA024500263000512
B1451504518771N00335572EA024500263000512
B1451514518789N00335564EA024490262900512
B1451524518808N00335556EA024470262700512
B1451534518826N00335548EA024440262300512
B1451544518845N00335540EA024410262000512
B1451554518864N00335532EA024380261700512
B1451564518883N00335523EA024350261400512
B1451574518902N00335515EA024320261100512
B1451584518921N00335506EA024300260900512
LXNA::BAT:charging,100%,4.252V,0mA
B1451594518941N00335497EA024290260800512
B1452004518960N00335488EA024280260800512
B1452014518979N00335478EA024280260700512
B1452024518998N00335468EA024270260600512
B1452034519016N00335459EA024260260500512
B1452044519035N00335449EA024250260400512
B1452054519054N00335440EA024240260300512
B1452064519073N00335431EA024230260200512
B1452074519092N00335421EA024230260200512
B1452084519110N00335412EA024220260100512
B1452094519129N00335404EA024220260100512
B1452104519148N00335395EA024220260000512
B1452114519167N00335386EA024220260000512
B1452124519186N00335378EA024210259900512
B1452134519204N00335369EA024200259800512
B1452144519223N00335361EA024190259800512
B1452154519242N00335353EA024180259700512
B1452164519261N00335345EA024180259600512
B1452174519279N00335337EA024170259600512
B1452184519298N00335329EA024160259500512
B1452194519317N00335321EA024140259200512
B1452204519336N00335313EA024120259000512
B1452214519354N00335305EA024100258800512
B1452224519373N00335296EA024080258600512
B1452234519392N00335287EA024050258400512
B1452244519410N00335279EA024030258100512
B1452254519429N00335271EA024010257900512
B1452264519447N00335263EA023990257700512
B1452274519465N00335254EA023980257500512
B1452284519484N00335246EA023960257300512
B1452294519502N00335238EA023960257200512
B1452304519519N00335229EA023920257100512
B1452314519537N00335219EA023910256900512
B1452324519554N00335209EA023890256700512
B1452334519572N00335199EA023860256400512
B1452344519590N00335189EA023840256100512
B1452354519607N00335178EA023810255800512
B1452364519625N00335167EA023770255300512
B1452374519643N00335156EA023730254800512
B1452384519661N00335144EA023680254300512
B1452394519679N00335133EA023650254000512
B1452404519698N00335120EA023620253700512
B1452414519717N00335108EA023600253500512
B1452424519735N00335095EA023580253400512
B1452434519753N00335081EA023560253200512
B1452444519771N00335067EA023560253200512
B1452454519789N00335053EA023550253100512
B1452464519806N00335039EA023550253100512
B1452474519823N00335024EA023560253200512
B1452484519840N00335010EA023560253200512
LXNA::AVGSATSNR:38
B1452494519856N00334995EA023560253200512
B1452504519873N00334981EA023560253200512
B1452514519889N00334966EA023570253300512
B1452524519904N00334951EA023580253300512
B1452534519920N00334936EA023590253400512
B1452544519936N00334921EA023600253500512
B1452554519951N00334905EA023630253700512
B1452564519966N00334888EA023640253900512
B1452574519981N00334871EA023650254200512
B1452584519994N00334854EA023720254800512
B1452594520007N00334837EA023780255500512
B1453004520020N00334819EA023850256200512
B1453014520031N00334802EA023900256800512
B1453024520042N00334786EA023930257100512
B1453034520055N00334772EA023960257400512
B1453044520068N00334760EA024000257700512
B1453054520082N00334752EA024040258000512
B1453064520097N00334747EA024050258200512
B1453074520113N00334746EA024060258300512
B1453084520130N00334749EA024060258400512
B1453094520146N00334756EA024060258300512
B1453104520161N00334770EA024060258200512
B1453114520174N00334788EA024050258100512
B1453124520184N00334811EA024060258200512
B1453134520191N00334836EA024070258400512
B1453144520193N00334864EA024100258700512
B1453154520191N00334892EA024130259100512
B1453164520185N00334919EA024170259400512
B1453174520175N00334944EA024200259700512
B1453184520161N00334965EA024220259900512
B1453194520143N00334982EA024240260000512
B1453204520124N00334992EA024250260200512
B1453214520104N00334997EA024260260300512
B1453224520084N00334995EA024260260300512
B1453234520064N00334987EA024250260100512
B1453244520046N00334972EA024240259800512
B1453254520031N00334952EA024220259700512
K145325297015
B1453264520020N00334928EA024230259900512
B1453274520013N00334901EA024240260100512
B1453284520010N00334873EA024250260200512
B1453294520011N00334846EA024280260500512
B1453304520015N00334819EA024300260700512
B1453314520020N00334794EA024330261100512
B1453324520027N00334771EA024380261600512
B1453334520036N00334749EA024430262200512
B1453344520046N00334729EA024480262700512
B1453354520058N00334713EA024530263100512
B1453364520072N00334699EA024560263400512
B1453374520088N00334689EA024580263700512
B1453384520105N00334683EA024600263900512
B1453394520123N00334684EA024620264000512
B1453404520141N00334691EA024630264100512
B1453414520158N00334703EA024640264200512
B1453424520173N00334722EA024660264400512
B1453434520185N00334744EA024680264500512
B1453444520193N00334770EA024690264600512
B1453454520196N00334798EA024710264800512
B1453464520195N00334826EA024730265000512
B1453474520189N00334853EA024750265100512
B1453484520180N00334878EA024760265300512
F145348042009050611072130
B1453494520166N00334900EA024770265400512
K145349000009
LXNA::AVGSATSNR:39
B1453504520149N00334917EA024780265500512
B1453514520130N00334927EA024800265700512
B1453524520110N00334931EA024810265900512
B1453534520089N00334927EA024840266100512
B1453544520070N00334918EA024850266200512
B1453554520053N00334903EA024870266400512
B1453564520039N00334883EA024880266600512
B1453574520028N00334860EA024890266700512
B1453584520021N00334835EA024900266900512
B1453594520018N00334808EA024930267100512
B1454004520019N00334782EA024960267400512
B1454014520025N00334758EA024980267800512
B1454024520034N00334735EA025020268100512
B1454034520046N00334716EA025040268400512
K145403352009
B1454044520060N00334700EA025070268800512
B1454054520076N00334688EA025110269100512
B1454064520094N00334681EA025140269400512
B1454074520113N00334679EA025160269600512
B1454084520131N00334683EA025180269900512
B1454094520149N00334692EA025210270200512
B1454104520166N00334705EA025240270500512
B1454114520180N00334722EA025250270700512
B1454124520192N00334742EA025270270800512
B1454134520201N00334766EA025280270800512
B1454144520206N00334792EA025280270800512
B1454154520207N00334820EA025290271000512
B1454164520205N00334848EA025300271100512
B1454174520199N00334876EA025310271200512
B1454184520189N00334901EA025320271200512
B1454194520176N00334923EA025310271200512
B1454204520159N00334941EA025330271400512
B1454214520141N00334955EA025340271600512
B1454224520121N00334964EA025370271800512
B1454234520101N00334968EA025390272000512
B1454244520081N00334965EA025410272200512
B1454254520062N00334958EA025430272400512
B1454264520044N00334946EA025440272600512
B1454274520029N00334930EA025470272700512
B1454284520017N00334909EA025470272800512
B1454294520008N00334885EA025490273000512
B1454304520003N00334860EA025490273000512
B1454314520002N00334834EA025500273200512
B1454324520004N00334809EA025540273600512
K145432343009
B1454334520009N00334784EA025570273900512
B1454344520016N00334760EA025590274200512
B1454354520025N00334738EA025610274300512
B1454364520035N00334716EA025620274400512
B1454374520047N00334696EA025630274500512
B1454384520060N00334677EA025650274700512
B1454394520075N00334660EA025670274900512
B1454404520090N00334645EA025680275100512
B1454414520107N00334633EA025690275200512
B1454424520125N00334623EA025710275400512
B1454434520143N00334616EA025730275600512
B1454444520161N00334612EA025740275700512
B1454454520180N00334611EA025750275800512
B1454464520199N00334614EA025750275800512
K145446334008
B1454474520217N00334620EA025750275700512
B1454484520234N00334631EA025750275700512
B1454494520251N00334644EA025750275800512
B1454504520266N00334661EA025760275900512
LXNA::AVGSATSNR:39
B1454514520279N00334680EA025770276000512
B1454524520289N00334702EA025790276300512
B1454534520298N00334727EA025810276500512
B1454544520303N00334752EA025830276600512
B1454554520305N00334779EA025840276600512
B1454564520303N00334806EA025850276700512
B1454574520299N00334832EA025850276900512
B1454584520292N00334858EA025870277000512
K145458328008
B1454594520283N00334882EA025880277100512
LXNA::BAT:charging,100%,4.252V,0mA
B1455004520272N00334903EA025880277100512
B1455014520257N00334922EA025890277200512
B1455024520241N00334938EA025900277300512
B1455034520223N00334951EA025920277500512
B1455044520205N00334961EA025930277700512
B1455054520186N00334967EA025950277800512
B1455064520166N00334968EA025960277800512
B1455074520147N00334964EA025950277800512
B1455084520128N00334956EA025950277800512
B1455094520111N00334943EA025950277700512
B1455104520096N00334926EA025940277600512
B1455114520084N00334905EA025920277400512
B1455124520075N00334881EA025910277100512
B1455134520071N00334855EA025890277100512
B1455144520070N00334827EA025880277100512
B1455154520073N00334801EA025880277200512
B1455164520079N00334775EA025900277200512
B1455174520089N00334751EA025910277200512
B1455184520102N00334731EA025900277300512
B1455194520118N00334714EA025890277200512
B1455204520136N00334703EA025890277100512
B1455214520156N00334696EA025880277200512
B1455224520175N00334695EA025900277300512
B1455234520194N00334697EA025920277500512
B1455244520213N00334704EA025940277700512
B1455254520230N00334715EA025950277900512
K145525331006
B1455264520246N00334730EA025970277900512
B1455274520261N00334748EA025970277900512
B1455284520273N00334769EA025960277900512
B1455294520282N00334793EA025980278000512
B1455304520289N00334820EA026020278400512
B1455314520293N00334847EA026060278800512
B1455324520294N00334875EA026100279200512
B1455334520292N00334902EA026120279500512
B1455344520287N00334930EA026150279600512
B1455354520279N00334955EA026150279700512
B1455364520268N00334979EA026170279900512
B1455374520255N00335000EA026180280100512
B1455384520240N00335019EA026200280300512
B1455394520224N00335035EA026220280500512
B1455404520206N00335048EA026230280700512
B1455414520188N00335059EA026240280700512
B1455424520168N00335066EA026240280600512
B1455434520149N00335068EA026230280500512
B1455444520129N00335065EA026230280500512
B1455454520110N00335057EA026220280500512
B1455464520092N00335046EA026230280700512
B1455474520076N00335031EA026230280700512
B1455484520062N00335013EA026240280700512
B1455494520051N00334992EA026230280700512
B1455504520041N00334970EA026220280600512
B1455514520034N00334946EA026210280500512
B1455524520030N00334920EA026200280400512
B1455534520027N00334894EA026200280200512
B1455544520027N00334867EA026180280100512
LXNA::AVGSATSNR:40
B1455554520028N00334840EA026180280200512
B1455564520031N00334813EA026190280300512
B1455574520035N00334787EA026210280500512
B1455584520040N00334760EA026220280700512
B1455594520047N00334734EA026240280800512
B1456004520055N00334709EA026250280900512
B1456014520063N00334685EA026240280900512
B1456024520073N00334661EA026240280800512
B1456034520083N00334638EA026240280800512
K145603319004
B1456044520094N00334615EA026230280800512
B1456054520105N00334593EA026240280900512
B1456064520116N00334571EA026250281000512
B1456074520128N00334550EA026250281000512
B1456084520140N00334530EA026260281100512
B1456094520153N00334511EA026270281200512
B1456104520165N00334492EA026280281400512
B1456114520178N00334473EA026290281400512
B1456124520191N00334455EA026270281200512
B1456134520204N00334437EA026240280900512
B1456144520217N00334420EA026220280600512
B1456154520231N00334403EA026210280500512
B1456164520245N00334387EA026190280300512
B1456174520260N00334372EA026170280000512
B1456184520276N00334359EA026150279800512
B1456194520292N00334347EA026130279700512
B1456204520308N00334335EA026120279500512
B1456214520325N00334324EA026090279400512
B1456224520342N00334314EA026080279200512
B1456234520359N00334304EA026060278900512
B1456244520377N00334295EA026040278700512
B1456254520394N00334286EA026020278500512
B1456264520412N00334278EA025990278200512
B1456274520431N00334270EA025960277900512
B1456284520449N00334264EA025950277700512
B1456294520468N00334257EA025910277400512
B1456304520486N00334250EA025870277100512
B1456314520505N00334243EA025860276900512
B1456324520524N00334237EA025860276900512
B1456334520543N00334231EA025860277100512
B1456344520561N00334225EA025880277200512
B1456354520580N00334220EA025880277300512
B1456364520598N00334215EA025890277400512
B1456374520617N00334210EA025890277400512
B1456384520636N00334204EA025900277500512
B1456394520655N00334199EA025910277600512
B1456404520674N00334193EA025920277800512
B1456414520693N00334188EA025930277800512
B1456424520712N00334183EA025910277600512
B1456434520731N00334178EA025890277300512
B1456444520751N00334173EA025880277100512
B1456454520770N00334167EA025850276900512
B1456464520790N00334162EA025840276900512
B1456474520810N00334156EA025850276900512
B1456484520830N00334150EA025860277000512
B1456494520850N00334145EA025880277100512
F14564916042009050611072130
B1456504520870N00334140EA025880277100512
B1456514520890N00334136EA025880277100512
B1456524520910N00334130EA025860277000512
B1456534520929N00334124EA025840276700512
B1456544520949N00334119EA025820276400512
B1456554520969N00334113EA025780276000512
LXNA::AVGSATSNR:39
B1456564520989N00334107EA025740275500512
B1456574521010N00334101EA025700275100512
B1456584521031N00334095EA025650274600512
B1456594521052N00334088EA025600274200512
B1457004521073N00334081EA025560273900512
B1457014521094N00334072EA025530273600512
B1457024521115N00334064EA025520273500512
B1457034521135N00334054EA025510273500512
B1457044521155N00334044EA025530273600512
B1457054521174N00334034EA025540273700512
B1457064521194N00334023EA025540273600512
B1457074521213N00334013EA025510273400512
B1457084521233N00334003EA025490273200512
B1457094521253N00333994EA025480273000512
B1457104521273N00333986EA025470273000512
B1457114521293N00333978EA025460272800512
B1457124521313N00333970EA025440272600512
B1457134521334N00333962EA025410272300512
B1457144521354N00333955EA025370271900512
B1457154521375N00333948EA025330271400512
B1457164521396N00333942EA025280270900512
B1457174521418N00333936EA025230270400512
B1457184521440N00333930EA025190270000512
B1457194521463N00333925EA025160269700512
B1457204521485N00333920EA025140269500512
B1457214521508N00333916EA025120269300512
B1457224521532N00333912EA025100269100512
B1457234521555N00333909EA025090269000512
B1457244521578N00333906EA025080268900512
B1457254521602N00333904EA025080268800512
B1457264521625N00333902EA025070268700512
B1457274521648N00333900EA025050268600512
B1457284521671N00333898EA025040268400512
B1457294521695N00333896EA025020268300512
B1457304521718N00333894EA025000268100512
B1457314521741N00333892EA024980267900512
B1457324521765N00333889EA024960267700512
B1457334521788N00333887EA024950267600512
B1457344521811N00333884EA024940267600512
B1457354521834N00333881EA024940267600512
B1457364521857N00333878EA024950267700512
B1457374521880N00333874EA024960267800512
B1457384521902N00333871EA024970267900512
B1457394521924N00333867EA024980268000512
B1457404521946N00333863EA024990268000512
B1457414521968N00333858EA024980268100512
B1457424521990N00333853EA024990268000512
B1457434522012N00333847EA024970267900512
B1457444522034N00333842EA024960267700512
B1457454522056N00333837EA024940267500512
B1457464522079N00333831EA024910267300512
B1457474522102N00333826EA024890267000512
B1457484522125N00333821EA024860266700512
B1457494522148N00333816EA024840266500512
B1457504522172N00333812EA024840266500512
B1457514522195N00333807EA024820266300512
B1457524522219N00333802EA024810266200512
B1457534522242N00333799EA024800266200512
B1457544522265N00333796EA024820266300512
B1457554522288N00333794EA024820266400512
B1457564522311N00333793EA024820266400512
LXNA::AVGSATSNR:39
B1457574522333N00333791EA024810266300512
B1457584522355N00333790EA024810266300512
B1457594522378N00333789EA024810266400512
B1458004522400N00333788EA024820266400512
LXNA::BAT:charging,100%,4.251V,0mA
B1458014522422N00333786EA024820266400512
B1458024522443N00333785EA024820266400512
B1458034522465N00333784EA024820266400512
B1458044522487N00333783EA024830266500512
B1458054522508N00333782EA024830266400512
B1458064522530N00333780EA024830266400512
B1458074522551N00333779EA024830266400512
B1458084522572N00333778EA024830266400512
B1458094522593N00333776EA024820266300512
B1458104522614N00333774EA024800266000512
B1458114522635N00333771EA024770265800512
B1458124522656N00333769EA024770265700512
B1458134522678N00333766EA024760265600512
B1458144522699N00333763EA024760265600512
B1458154522720N00333760EA024760265700512
B1458164522741N00333756EA024770265800512
B1458174522762N00333753EA024780265900512
B1458184522782N00333750EA024790265900512
B1458194522803N00333746EA024790266000512
B1458204522823N00333742EA024790266000512
B1458214522843N00333738EA024790266000512
B1458224522864N00333734EA024790266000512
B1458234522884N00333730EA024790265900512
B1458244522904N00333726EA024780265800512
B1458254522925N00333722EA024760265700512
B1458264522945N00333718EA024740265400512
B1458274522966N00333714EA024710265000512
B1458284522986N00333711EA024670264700512
B1458294523007N00333707EA024640264400512
B1458304523028N00333704EA024620264200512
B1458314523049N00333700EA024600263900512
B1458324523070N00333696EA024580263800512
B1458334523091N00333692EA024580263700512
B1458344523112N00333688EA024560263500512
B1458354523132N00333684EA024530263200512
B1458364523153N00333680EA024510263000512
B1458374523173N00333676EA024470262600512
B1458384523194N00333673EA024430262300512
B1458394523215N00333669EA024400261800512
B1458404523236N00333666EA024340261200512
B1458414523258N00333663EA024270260400512
B1458424523280N00333659EA024200259700512
B1458434523302N00333654EA024120259000512
B1458444523325N00333649EA024080258500512
B1458454523348N00333644EA024060258400512
B1458464523371N00333638EA024070258500512
B1458474523393N00333632EA024080258500512
B1458484523416N00333625EA024080258700512
B1458494523438N00333617EA024100258800512
B1458504523459N00333609EA024110259000512
B1458514523480N00333600EA024140259300512
B1458524523501N00333591EA024180259600512
B1458534523521N00333582EA024190259800512
B1458544523540N00333573EA024200259800512
B1458554523560N00333564EA024180259600512
B1458564523579N00333555EA024160259400512
B1458574523598N00333546EA024130259100512
LXNA::AVGSATSNR:40
B1458584523616N00333536EA024120259000512
B1458594523635N00333527EA024110258900512
B1459004523654N00333518EA024100258800512
B1459014523673N00333508EA024080258600512
B1459024523692N00333499EA024060258300512
B1459034523711N00333490EA024040258100512
B1459044523729N00333481EA024020257900512
K145904319004
B1459054523748N00333473EA024000257800512
B1459064523767N00333464EA023990257600512
B1459074523785N00333455EA023980257500512
B1459084523803N00333447EA023960257300512
B1459094523821N00333439EA023950257200512
B1459104523839N00333431EA023930256900512
B1459114523857N00333423EA023910256700512
B1459124523875N00333414EA023880256400512
B1459134523893N00333406EA023840256100512
B1459144523911N00333397EA023800255700512
B1459154523929N00333389EA023770255300512
B1459164523947N00333381EA023730254800512
B1459174523966N00333373EA023680254500512
B1459184523984N00333365EA023650254200512
B1459194524002N00333356EA023630253900512
B1459204524020N00333347EA023610253700512
B1459214524037N00333339EA023590253500512
B1459224524055N00333331EA023570253400512
B1459234524073N00333323EA023560253200512
B1459244524090N00333315EA023540252900512
B1459254524107N00333307EA023500252600512
B1459264524125N00333299EA023470252200512
B1459274524142N00333292EA023430251800512
B1459284524160N00333284EA023380251400512
B1459294524177N00333275EA023340251000512
B1459304524195N00333266EA023310250600512
B1459314524213N00333256EA023270250300512
B1459324524230N00333246EA023250250000512
B1459334524248N00333235EA023220249800512
B1459344524265N00333223EA023200249500512
B1459354524283N00333212EA023180249300512
B1459364524300N00333201EA023160249100512
B1459374524318N00333189EA023150248900512
B1459384524335N00333177EA023130248800512
B1459394524352N00333164EA023120248700512
B1459404524369N00333151EA023120248600512
B1459414524385N00333137EA023120248600512
B1459424524401N00333122EA023130248700512
B1459434524415N00333107EA023130248700512
B1459444524429N00333091EA023120248600512
B1459454524443N00333074EA023100248300512
B1459464524456N00333056EA023080248100512
B1459474524469N00333039EA023050247800512
B1459484524482N00333021EA023030247600512
B1459494524495N00333002EA023010247400512
B1459504524508N00332984EA022990247100512
B1459514524521N00332965EA022950246800512
B1459524524534N00332946EA022920246400512
B1459534524547N00332926EA022880246100512
B1459544524560N00332907EA022870246000512
B1459554524573N00332888EA022870246100512
B1459564524586N00332869EA022890246300512
B1459574524599N00332851EA022920246600512
B1459584524611N00332832EA022970247000512
LXNA::AVGSATSNR:37
B1459594524623N00332814EA023010247500512
B1500004524633N00332796EA023050247900512
B1500014524643N00332777EA023080248300512
B1500024524651N00332757EA023120248600512
B1500034524659N00332737EA023160249000512
B1500044524666N00332717EA023180249200512
B1500054524671N00332695EA023190249100512
B1500064524676N00332673EA023170249000512
B1500074524680N00332650EA023150248800512
B1500084524682N00332626EA023140248700512
B1500094524684N00332601EA023150248700512
B1500104524685N00332576EA023160248900512
B1500114524684N00332552EA023170249100512
B1500124524682N00332527EA023190249300512
B1500134524681N00332503EA023200249400512
B1500144524680N00332479EA023190249300512
B1500154524682N00332455EA023180249100512
B1500164524687N00332432EA023180249000512
B1500174524695N00332412EA023150248800512
B1500184524706N00332394EA023130248500512
B1500194524720N00332380EA023110248300512
B1500204524735N00332369EA023090248300512
B1500214524752N00332364EA023080248300512
B1500224524768N00332363EA023090248300512
B1500234524784N00332367EA023080248300512
B1500244524799N00332377EA023070248100512
B1500254524812N00332391EA023050247800512
B1500264524823N00332409EA023010247500512
B1500274524831N00332431EA022980247200512
B1500284524836N00332455EA022960247000512
B1500294524837N00332480EA022970247000512
B1500304524834N00332505EA022980247000512
B1500314524827N00332528EA022970247000512
B1500324524817N00332549EA022950246900512
B1500334524804N00332569EA022930246700512
B1500344524789N00332585EA022910246500512
B1500354524772N00332598EA022900246300512
B1500364524754N00332607EA022880246100512
B1500374524736N00332613EA022880246100512
B1500384524717N00332618EA022920246400512
B1500394524698N00332621EA022940246700512
B1500404524679N00332623EA022960246900512
B1500414524661N00332623EA022960246900512
B1500424524643N00332623EA022980247000512
B1500434524625N00332622EA022990247100512
B1500444524607N00332621EA022980247000512
B1500454524589N00332619EA022970246800512
B1500464524571N00332616EA022960246700512
B1500474524552N00332613EA022960246600512
B1500484524533N00332609EA022950246600512
B1500494524514N00332604EA022970246800512
B1500504524494N00332600EA023000247100512
B1500514524475N00332594EA023020247500512
B1500524524456N00332588EA023050247700512
B1500534524437N00332577EA023060247800512
B1500544524421N00332562EA023070247700512
B1500554524407N00332540EA023070247700512
B1500564524399N00332515EA023070247700512
B1500574524397N00332487EA023070247700512
B1500584524401N00332460EA023060247700512
B1500594524411N00332437EA023060247700512
LXNA::AVGSATSNR:38
B1501004524425N00332420EA023060247800512
B1501014524443N00332410EA023070247900512
LXNA::BAT:charging,100%,4.251V,0mA
B1501024524462N00332409EA023080248000512
B1501034524480N00332416EA023090248200512
B1501044524496N00332432EA023120248400512
B1501054524509N00332454EA023130248500512
B1501064524516N00332481EA023140248700512
B1501074524517N00332510EA023190249000512
B1501084524514N00332540EA023230249600512
B1501094524506N00332567EA023300250500512
B1501104524494N00332590EA023410251400512
B1501114524478N00332609EA023490252300512
B1501124524459N00332619EA023550252700512
B1501134524439N00332624EA023580253000512
B1501144524419N00332622EA023600253300512
B1501154524400N00332613EA023630253600512
B1501164524384N00332598EA023660253800512
B1501174524369N00332579EA023660253900512
B1501184524358N00332556EA023670254100512
K150118316009
B1501194524350N00332531EA023680254100512
B1501204524346N00332504EA023680254100512
B1501214524347N00332477EA023680254200512
B1501224524352N00332451EA023690254200512
B1501234524361N00332427EA023700254500512
B1501244524372N00332407EA023740254800512
B1501254524386N00332391EA023770255200512
B1501264524402N00332379EA023800255400512
B1501274524419N00332371EA023810255600512
B1501284524436N00332368EA023840255800512
B1501294524454N00332370EA023860256100512
B1501304524470N00332378EA023890256500512
B1501314524485N00332391EA023930256900512
B1501324524499N00332406EA023950257100512
B1501334524511N00332425EA023990257200512
B1501344524519N00332447EA024000257500512
B1501354524524N00332471EA024040257900512
B1501364524526N00332495EA024080258400512
B1501374524524N00332520EA024120258900512
B1501384524519N00332543EA024170259200512
B1501394524511N00332564EA024200259400512
B1501404524499N00332582EA024220259500512
B1501414524486N00332598EA024230259700512
B1501424524470N00332609EA024230259800512
B1501434524453N00332616EA024240259800512
B1501444524434N00332618EA024230259800512
K150144325008
B1501454524415N00332615EA024230259800512
B1501464524397N00332608EA024240259800512
B1501474524379N00332596EA024240259800512
B1501484524363N00332579EA024240259900512
B1501494524350N00332558EA024270260100512
B1501504524340N00332534EA024280260300512
B1501514524334N00332508EA024290260400512
B1501524524332N00332482EA024300260400512
K150152334006
B1501534524334N00332455EA024310260400512
B1501544524340N00332430EA024300260700512
B1501554524350N00332407EA024350261200512
B1501564524362N00332389EA024420261800512
B1501574524376N00332375EA024480262400512
B1501584524392N00332366EA024510262800512
B1501594524408N00332361EA024550263200512
B1502004524425N00332362EA024580263300512
K150200349005
LXNA::AVGSATSNR:38
B1502014524440N00332369EA024580263300512
B1502024524455N00332380EA024580263300512
B1502034524467N00332396EA024590263400512
B1502044524477N00332415EA024590263400512
B1502054524484N00332438EA024590263300512
B1502064524487N00332463EA024570263100512
B1502074524485N00332489EA024560263100512
B1502084524479N00332514EA024570263100512
B1502094524469N00332537EA024570263100512
F150209042009050611072130
B1502104524456N00332557EA024560263100512
B1502114524440N00332573EA024560263100512
B1502124524421N00332585EA024560263100512
B1502134524401N00332590EA024580263300512
B1502144524381N00332589EA024600263500512
B1502154524361N00332582EA024610263500512
B1502164524341N00332569EA024610263700512
B1502174524324N00332552EA024630263900512
B1502184524309N00332532EA024650264100512
B1502194524296N00332510EA024680264400512
B1502204524285N00332485EA024700264700512
K150220359007
B1502214524278N00332458EA024720264800512
B1502224524275N00332430EA024740265000512
B1502234524275N00332402EA024750265200512
B1502244524278N00332375EA024780265600512
B1502254524285N00332349EA024830266100512
B1502264524294N00332326EA024880266600512
B1502274524305N00332305EA024940267100512
B1502284524319N00332288EA024980267600512
B1502294524335N00332276EA025030268100512
B1502304524352N00332269EA025080268700512
B1502314524370N00332269EA025130269100512
B1502324524388N00332273EA025170269400512
B1502334524406N00332284EA025180269700512
B1502344524421N00332299EA025200269800512
B1502354524435N00332318EA025210269800512
B1502364524445N00332341EA025210269900512
B1502374524453N00332367EA025220270100512
K150237009009
B1502384524458N00332394EA025240270300512
B1502394524459N00332422EA025260270500512
B1502404524457N00332450EA025270270600512
B1502414524451N00332477EA025270270600512
B1502424524442N00332502EA025270270700512
B1502434524431N00332526EA025280270800512
B1502444524418N00332548EA025280270800512
B1502454524402N00332567EA025290270800512
B1502464524385N00332582EA025290270900512
B1502474524366N00332593EA025310271000512
B1502484524346N00332599EA025320271100512
B1502494524325N00332601EA025330271300512
B1502504524304N00332600EA025360271500512
B1502514524284N00332594EA025370271800512
B1502524524265N00332584EA025400271900512
B1502534524246N00332570EA025400272000512
B1502544524229N00332554EA025400272000512
B1502554524214N00332534EA025400272000512
B1502564524201N00332511EA025410272200512
B1502574524191N00332485EA025420272300512
B1502584524185N00332458EA025440272500512
B1502594524183N00332430EA025470272600512
B1503004524185N00332403EA025480272800512
B1503014524191N00332377EA025480273000512
LXNA::AVGSATSNR:40
B1503024524199N00332354EA025510273300512
B1503034524210N00332333EA025540273600512
B1503044524225N00332318EA025570273900512
B1503054524241N00332307EA025580274100512
B1503064524259N00332300EA025600274200512
B1503074524278N00332299EA025600274200512
B1503084524297N00332301EA025600274200512
B1503094524316N00332307EA025590274100512
B1503104524336N00332317EA025580273800512
B1503114524355N00332330EA025570273600512
B1503124524374N00332346EA025560273800512
B1503134524392N00332365EA025590274100512
B1503144524408N00332386EA025610274400512
B1503154524423N00332408EA025650274600512
B1503164524437N00332431EA025690275000512
B1503174524451N00332454EA025720275300512
B1503184524464N00332478EA025750275500512
B1503194524477N00332500EA025750275600512
B1503204524490N00332522EA025750275700512
B1503214524504N00332544EA025750275700512
B1503224524518N00332564EA025750275700512
B1503234524532N00332584EA025740275600512
B1503244524546N00332604EA025740275500512
B1503254524560N00332623EA025730275600512
B1503264524575N00332642EA025740275600512
B1503274524589N00332660EA025740275600512
B1503284524603N00332678EA025760275700512
B1503294524616N00332696EA025780275900512
B1503304524631N00332712EA025780275900512
B1503314524645N00332728EA025770275900512
B1503324524659N00332744EA025760275800512
B1503334524674N00332761EA025740275500512
B1503344524689N00332777EA025710275100512
B1503354524705N00332794EA025660274600512
B1503364524721N00332811EA025620274200512
B1503374524737N00332829EA025580273800512
B1503384524754N00332846EA025550273600512
B1503394524771N00332864EA025530273300512
B1503404524789N00332881EA025500273000512
B1503414524807N00332898EA025470272700512
B1503424524825N00332915EA025440272400512
B1503434524844N00332932EA025430272300512
B1503444524863N00332949EA025420272200512
B1503454524881N00332967EA025400272100512
B1503464524900N00332984EA025380271900512
B1503474524919N00333001EA025360271700512
B1503484524938N00333019EA025360271700512
B1503494524957N00333035EA025370271800512
B1503504524977N00333052EA025400272000512
B1503514524996N00333067EA025420272200512
B1503524525015N00333083EA025440272400512
B1503534525034N00333098EA025450272600512
B1503544525053N00333114EA025480272800512
B1503554525071N00333130EA025500273000512
B1503564525089N00333145EA025500273100512
B1503574525107N00333161EA025530273300512
B1503584525125N00333176EA025550273600512
B1503594525142N00333191EA025560273700512
B1504004525160N00333206EA025560273500512
B1504014525177N00333221EA025540273400512
B1504024525195N00333235EA025530273300512
LXNA::AVGSATSNR:39
LXNA::BAT:charging,100%,4.250V,0mA
B1504034525213N00333250EA025530273300512
B1504044525231N00333263EA025530273400512
B1504054525250N00333277EA025540273400512
B1504064525269N00333290EA025550273600512
B1504074525288N00333303EA025560273700512
B1504084525306N00333316EA025570273800512
B1504094525325N00333330EA025580273900512
B1504104525344N00333343EA025590274000512
B1504114525362N00333357EA025600274100512
B1504124525381N00333371EA025590274000512
B1504134525399N00333384EA025580273900512
B1504144525417N00333398EA025580273900512
B1504154525436N00333412EA025570273800512
B1504164525454N00333427EA025570273700512
B1504174525471N00333442EA025560273600512
B1504184525489N00333457EA025550273600512
B1504194525507N00333472EA025550273600512
B1504204525524N00333487EA025550273600512
B1504214525541N00333501EA025540273500512
B1504224525558N00333517EA025540273400512
B1504234525575N00333532EA025540273300512
B1504244525592N00333548EA025520273200512
B1504254525608N00333564EA025520273100512
B1504264525624N00333581EA025540273300512
B1504274525640N00333596EA025560273500512
B1504284525655N00333612EA025560273600512
B1504294525671N00333627EA025570273700512
B1504304525687N00333641EA025590273900512
B1504314525702N00333656EA025590273900512
B1504324525717N00333670EA025590273900512
B1504334525732N00333684EA025590273900512
B1504344525748N00333698EA025600274100512
B1504354525763N00333711EA025610274200512
B1504364525779N00333725EA025610274300512
B1504374525795N00333738EA025620274300512
B1504384525811N00333751EA025640274500512
B1504394525827N00333764EA025650274600512
B1504404525843N00333777EA025650274600512
B1504414525859N00333789EA025650274500512
B1504424525876N00333802EA025630274300512
B1504434525894N00333814EA025620274200512
B1504444525912N00333826EA025620274300512
B1504454525931N00333838EA025630274400512
B1504464525950N00333849EA025640274400512
B1504474525970N00333861EA025620274300512
B1504484525990N00333873EA025610274100512
B1504494526010N00333885EA025610274100512
B1504504526031N00333896EA025610274100512
B1504514526052N00333908EA025610274100512
B1504524526074N00333919EA025610274200512
B1504534526096N00333929EA025620274300512
B1504544526117N00333939EA025640274400512
B1504554526139N00333948EA025660274800512
B1504564526161N00333955EA025700275100512
B1504574526183N00333962EA025740275300512
B1504584526205N00333969EA025740275400512
B1504594526226N00333977EA025750275400512
B1505004526248N00333984EA025720275200512
B1505014526269N00333992EA025710274900512
B1505024526291N00334000EA025670274500512
B1505034526312N00334006EA025610273900512
LXNA::AVGSATSNR:41
B1505044526335N00334009EA025570273200512
B1505054526357N00334008EA025520272900512
B1505064526379N00334002EA025500272800512
B1505074526401N00333993EA025460272500512
B1505084526421N00333980EA025430272100512
B1505094526440N00333962EA025380271600512
B1505104526458N00333942EA025330271100512
F15051016042009050611072130
B1505114526474N00333919EA025300270800512
B1505124526488N00333893EA025280270700512
B1505134526503N00333867EA025290270700512
B1505144526516N00333840EA025280270700512
B1505154526529N00333813EA025260270600512
B1505164526541N00333785EA025240270300512
B1505174526554N00333757EA025220270000512
B1505184526567N00333729EA025200269800512
B1505194526581N00333702EA025200269700512
B1505204526596N00333675EA025170269600512
B1505214526611N00333649EA025150269400512
B1505224526627N00333624EA025140269200512
B1505234526642N00333599EA025120269000512
B1505244526659N00333574EA025110268700512
B1505254526676N00333551EA025070268600512
B1505264526693N00333528EA025070268400512
B1505274526711N00333507EA025050268300512
B1505284526729N00333485EA025040268200512
B1505294526746N00333464EA025030267900512
B1505304526764N00333443EA024990267600512
B1505314526783N00333421EA024960267200512
B1505324526802N00333401EA024920266700512
B1505334526821N00333380EA024880266300512
B1505344526842N00333360EA024850266000512
B1505354526863N00333341EA024810265600512
B1505364526884N00333322EA024790265300512
B1505374526906N00333305EA024730264900512
B1505384526929N00333288EA024700264400512
K150538009008
B1505394526952N00333271EA024650264000512
B1505404526975N00333254EA024620263700512
B1505414526997N00333237EA024610263700512
B1505424527019N00333219EA024620263800512
B1505434527040N00333200EA024630263900512
B1505444527061N00333180EA024650264100512
B1505454527080N00333159EA024660264400512
B1505464527099N00333137EA024690264500512
B1505474527117N00333115EA024710264700512
B1505484527134N00333092EA024720264900512
B1505494527152N00333070EA024740264900512
B1505504527171N00333049EA024730264900512
B1505514527189N00333028EA024730264900512
B1505524527208N00333009EA024760265200512
B1505534527227N00332991EA024800265600512
B1505544527247N00332974EA024830266000512
B1505554527266N00332956EA024850266100512
B1505564527285N00332939EA024840265900512
B1505574527304N00332920EA024830265700512
B1505584527323N00332902EA024790265400512
B1505594527343N00332883EA024760265100512
B1506004527362N00332864EA024740264800512
B1506014527382N00332845EA024710264600512
B1506024527403N00332828EA024690264300512
B1506034527424N00332812EA024660264100512
B1506044527446N00332798EA024650264000512
LXNA::AVGSATSNR:40
B1506054527468N00332786EA024630263800512
B1506064527491N00332777EA024620263700512
B1506074527514N00332769EA024610263700512
B1506084527538N00332764EA024590263600512
B1506094527561N00332759EA024580263300512
B1506104527584N00332758EA024560263200512
B1506114527608N00332758EA024560263200512
B1506124527631N00332760EA024550263100512
B1506134527654N00332763EA024540263000512
B1506144527677N00332767EA024530262900512
B1506154527700N00332773EA024530262900512
B1506164527722N00332779EA024510262700512
B1506174527744N00332786EA024490262400512
B1506184527767N00332795EA024480262100512
B1506194527789N00332806EA024460262000512
B1506204527810N00332820EA024460262200512
B1506214527830N00332836EA024480262400512
B1506224527848N00332854EA024490262400512
B1506234527866N00332873EA024480262300512
B1506244527882N00332895EA024480262200512
B1506254527897N00332918EA024490262300512
B1506264527911N00332942EA024490262300512
B1506274527923N00332968EA024490262400512
B1506284527933N00332994EA024490262400512
B1506294527943N00333021EA024500262400512
B1506304527951N00333048EA024500262500512
B1506314527957N00333076EA024500262500512
B1506324527963N00333105EA024510262600512
B1506334527968N00333133EA024510262600512
B1506344527972N00333162EA024510262600512
B1506354527976N00333190EA024510262500512
B1506364527978N00333219EA024500262500512
B1506374527980N00333248EA024500262400512
B1506384527980N00333277EA024480262200512
B1506394527980N00333306EA024460262000512
B1506404527978N00333335EA024440261700512
B1506414527975N00333365EA024400261400512
B1506424527972N00333395EA024370261200512
B1506434527968N00333425EA024350261100512
B1506444527963N00333455EA024350261000512
B1506454527956N00333484EA024350261000512
B1506464527949N00333514EA024360260900512
B1506474527941N00333543EA024340260800512
B1506484527933N00333572EA024330260800512
B1506494527924N00333600EA024330260800512
B1506504527914N00333627EA024330260800512
B1506514527902N00333653EA024320260700512
B1506524527890N00333678EA024300260500512
B1506534527876N00333703EA024270260200512
B1506544527862N00333726EA024250259900512
B1506554527846N00333749EA024230259700512
B1506564527830N00333770EA024210259600512
B1506574527813N00333791EA024200259400512
B1506584527795N00333810EA024180259300512
B1506594527777N00333829EA024170259200512
B1507004527759N00333846EA024150259000512
B1507014527740N00333863EA024140258800512
B1507024527720N00333879EA024120258700512
B1507034527701N00333895EA024110258500512
LXNA::BAT:charging,100%,4.250V,6000mA
B1507044527681N00333910EA024100258400512
B1507054527661N00333925EA024090258300512
B1507064527641N00333939EA024090258200512
LXNA::AVGSATSNR:40
B1507074527621N00333953EA024070258100512
B1507084527600N00333966EA024070258000512
B1507094527579N00333979EA024060257900512
B1507104527559N00333992EA024050257700512
B1507114527538N00334005EA024010257400512
B1507124527517N00334017EA023990257200512
B1507134527496N00334030EA023980257000512
B1507144527475N00334043EA023970256900512
B1507154527454N00334056EA023970256900512
B1507164527434N00334069EA023970256900512
B1507174527413N00334082EA023960256900512
B1507184527392N00334096EA023950256800512
B1507194527371N00334109EA023940256700512
B1507204527350N00334123EA023930256600512
B1507214527329N00334137EA023930256600512
B1507224527308N00334151EA023950256800512
B1507234527287N00334165EA023970257200512
B1507244527267N00334180EA024010257600512
B1507254527248N00334195EA024030257800512
B1507264527228N00334209EA024060258100512
B1507274527210N00334224EA024090258400512
B1507284527191N00334238EA024110258700512
B1507294527173N00334252EA024130258900512
B1507304527156N00334266EA024140258900512
B1507314527138N00334280EA024150259000512
B1507324527121N00334293EA024160259100512
B1507334527103N00334306EA024170259100512
B1507344527086N00334319EA024170259100512
B1507354527069N00334331EA024150258900512
B1507364527050N00334342EA024140258800512
B1507374527032N00334351EA024150258800512
B1507384527013N00334357EA024160258900512
B1507394526994N00334362EA024170259000512
B1507404526974N00334367EA024180259100512
B1507414526955N00334371EA024190259300512
B1507424526936N00334373EA024220259600512
B1507434526917N00334372EA024250259900512
B1507444526898N00334370EA024270260000512
B1507454526880N00334366EA024250259900512
B1507464526862N00334359EA024240259600512
B1507474526845N00334347EA024220259400512
B1507484526829N00334332EA024200259200512
B1507494526814N00334315EA024180259100512
B1507504526801N00334296EA024180259200512
B1507514526789N00334276EA024190259300512
B1507524526780N00334254EA024210259400512
B1507534526772N00334230EA024210259400512
B1507544526767N00334207EA024220259500512
B1507554526763N00334182EA024220259600512
B1507564526761N00334157EA024230259600512
B1507574526759N00334133EA024230259700512
B1507584526759N00334108EA024230259700512
B1507594526758N00334083EA024240259800512
B1508004526759N00334059EA024260260000512
B1508014526762N00334035EA024270260100512
B1508024526768N00334013EA024270260000512
B1508034526776N00333992EA024270260100512
B1508044526787N00333973EA024290260300512
B1508054526799N00333957EA024320260700512
B1508064526812N00333943EA024340261000512
B1508074526826N00333930EA024370261200512
LXNA::AVGSATSNR:37
B1508084526840N00333920EA024390261400512
B1508094526855N00333914EA024400261500512
B1508104526871N00333911EA024410261500512
B1508114526886N00333913EA024400261400512
B1508124526901N00333920EA024380261100512
B1508134526915N00333932EA024350260800512
F150813042009050611072130
B1508144526928N00333948EA024320260400512
B1508154526939N00333968EA024290260200512
B1508164526947N00333991EA024270260100512
B1508174526953N00334016EA024250259900512
B1508184526957N00334042EA024250260000512
B1508194526957N00334068EA024260260000512
B1508204526956N00334095EA024250259900512
B1508214526954N00334122EA024240259800512
B1508224526951N00334149EA024210259600512
B1508234526947N00334176EA024200259500512
B1508244526943N00334203EA024170259200512
B1508254526938N00334231EA024120258700512
B1508264526934N00334259EA024090258300512
B1508274526929N00334288EA024080258300512
B1508284526924N00334317EA024090258500512
B1508294526919N00334345EA024110258700512
B1508304526912N00334372EA024130258900512
B1508314526902N00334397EA024160259200512
B1508324526890N00334420EA024180259300512
B1508334526876N00334441EA024180259300512
B1508344526859N00334458EA024170259200512
B1508354526841N00334473EA024170259300512
B1508364526821N00334484EA024190259500512
B1508374526801N00334492EA024210259600512
B1508384526781N00334494EA024220259600512
B1508394526761N00334490EA024220259600512
K150839009008
B1508404526742N00334480EA024220259500512
B1508414526725N00334466EA024200259300512
B1508424526710N00334448EA024190259300512
B1508434526699N00334426EA024180259200512
B1508444526690N00334402EA024170259100512
B1508454526686N00334376EA024150258800512
B1508464526687N00334351EA024110258400512
B1508474526692N00334326EA024090258100512
B1508484526700N00334303EA024070257800512
B1508494526712N00334283EA024040257600512
B1508504526725N00334265EA024010257400512
B1508514526740N00334250EA023990257100512
B1508524526756N00334237EA023970257000512
B1508534526773N00334228EA023970257000512
B1508544526791N00334224EA023960257100512
B1508554526809N00334225EA023990257200512
B1508564526826N00334228EA023990257400512
B1508574526842N00334234EA024020257600512
B1508584526858N00334242EA024020257700512
B1508594526873N00334250EA024020257700512
B1509004526888N00334260EA024010257600512
B1509014526902N00334270EA024010257500512
K150901331012
B1509024526916N00334282EA023990257400512
B1509034526929N00334295EA023990257400512
B1509044526941N00334309EA023990257400512
B1509054526953N00334326EA023990257300512
B1509064526963N00334344EA023980257300512
B1509074526971N00334365EA023970257100512
B1509084526978N00334386EA023950256900512
LXNA::AVGSATSNR:38
B1509094526984N00334409EA023930256800512
B1509104526988N00334433EA023910256600512
B1509114526992N00334457EA023900256400512
B1509124526994N00334482EA023880256200512
B1509134526996N00334508EA023870256100512
B1509144526997N00334533EA023870256100512
B1509154526996N00334559EA023870256100512
B1509164526995N00334586EA023860256000512
B1509174526994N00334612EA023850255900512
B1509184526992N00334638EA023820255700512
B1509194526990N00334664EA023800255400512
B1509204526988N00334691EA023770255100512
B1509214526984N00334718EA023750254900512
B1509224526980N00334745EA023720254700512
B1509234526975N00334772EA023700254500512
B1509244526970N00334799EA023690254300512
B1509254526964N00334827EA023670254200512
B1509264526959N00334854EA023660254000512
B1509274526954N00334882EA023640253900512
B1509284526949N00334910EA023620253700512
B1509294526944N00334937EA023590253400512
B1509304526938N00334965EA023560253000512
B1509314526932N00334993EA023530252700512
B1509324526927N00335021EA023500252500512
B1509334526921N00335049EA023490252300512
B1509344526915N00335077EA023480252300512
B1509354526908N00335104EA023490252300512
B1509364526901N00335130EA023500252400512
B1509374526893N00335156EA023500252400512
B1509384526886N00335182EA023510252500512
B1509394526878N00335207EA023510252600512
B1509404526871N00335232EA023510252600512
B1509414526864N00335256EA023510252500512
B1509424526856N00335281EA023500252400512
B1509434526848N00335305EA023480252300512
B1509444526840N00335328EA023470252100512
B1509454526831N00335352EA023460252000512
B1509464526821N00335374EA023460252000512
B1509474526810N00335395EA023450251900512
B1509484526797N00335413EA023440251800512
B1509494526782N00335429EA023440251900512
B1509504526766N00335442EA023450251900512
B1509514526750N00335453EA023440251700512
B1509524526733N00335460EA023430251500512
B1509534526715N00335464EA023410251400512
B1509544526697N00335465EA023410251400512
B1509554526679N00335464EA023400251300512
B1509564526661N00335460EA023390251100512
B1509574526643N00335453EA023370250900512
B1509584526626N00335444EA023350250700512
B1509594526610N00335432EA023330250500512
B1510004526594N00335419EA023310250300512
B1510014526579N00335405EA023290250000512
B1510024526564N00335389EA023260249700512
B1510034526551N00335372EA023230249400512
B1510044526537N00335353EA023200249100512
LXNA::BAT:charging,100%,4.250V,6000mA
B1510054526525N00335333EA023180248900512
B1510064526513N00335312EA023170248600512
B1510074526501N00335291EA023140248400512
B1510084526489N00335269EA023110248100512
B1510094526477N00335247EA023080247900512
LXNA::AVGSATSNR:40
B1510104526466N00335224EA023060247700512
B1510114526455N00335200EA023040247500512
B1510124526444N00335176EA023020247300512
B1510134526433N00335152EA022990247100512
B1510144526423N00335128EA022960246800512
B1510154526412N00335104EA022930246500512
B1510164526401N00335080EA022910246200512
B1510174526390N00335055EA022870245800512
B1510184526378N00335030EA022830245500512
B1510194526366N00335006EA022810245300512
B1510204526353N00334981EA022780245000512
B1510214526340N00334957EA022760244800512
B1510224526327N00334933EA022740244600512
B1510234526314N00334908EA022730244500512
B1510244526302N00334883EA022730244400512
B1510254526289N00334858EA022720244300512
B1510264526276N00334833EA022720244300512
B1510274526264N00334808EA022710244300512
B1510284526252N00334783EA022710244200512
B1510294526239N00334759EA022700244100512
B1510304526227N00334734EA022680243900512
B1510314526215N00334709EA022660243700512
B1510324526205N00334682EA022630243500512
B1510334526196N00334654EA022630243300512
B1510344526189N00334625EA022600243100512
B1510354526183N00334596EA022580242900512
B1510364526178N00334566EA022560242700512
B1510374526174N00334535EA022530242500512
B1510384526171N00334504EA022500242100512
B1510394526168N00334472EA022480241800512
B1510404526166N00334439EA022470241600512
B1510414526161N00334406EA022450241600512
B1510424526154N00334374EA022450241600512
B1510434526145N00334343EA022450241700512
B1510444526132N00334313EA022460241700512
B1510454526117N00334285EA022470241800512
B1510464526099N00334261EA022470241900512
B1510474526080N00334239EA022450241800512
B1510484526060N00334218EA022440241700512
B1510494526040N00334197EA022440241800512
B1510504526020N00334176EA022460241800512
B1510514526001N00334156EA022470242000512
B1510524525981N00334135EA022480242100512
B1510534525963N00334115EA022480242200512
B1510544525944N00334094EA022490242200512
B1510554525927N00334072EA022490242100512
B1510564525910N00334050EA022480242100512
B1510574525893N00334028EA022510242300512
B1510584525876N00334006EA022550242900512
B1510594525861N00333984EA022610243500512
B1511004525845N00333962EA022660244000512
B1511014525831N00333941EA022700244500512
B1511024525818N00333918EA022770245100512
B1511034525808N00333895EA022830245800512
B1511044525799N00333872EA022910246500512
B1511054525792N00333849EA022960247100512
B1511064525787N00333826EA023020247700512
B1511074525782N00333803EA023090248300512
B1511084525779N00333780EA023150248900512
B1511094525777N00333758EA023200249400512
B1511104525777N00333736EA023240249800512
LXNA::AVGSATSNR:40
B1511114525780N00333715EA023270250000512
B1511124525786N00333696EA023280250100512
B1511134525795N00333678EA023300250400512
B1511144525806N00333664EA023350250800512
B1511154525819N00333653EA023390251200512
B1511164525834N00333647EA023440251700512
B1511174525849N00333646EA023470252100512
B1511184525864N00333648EA023490252300512
B1511194525878N00333655EA023510252500512
B1511204525892N00333665EA023540252700512
B1511214525903N00333678EA023570253100512
B1511224525912N00333695EA023600253400512
B1511234525918N00333714EA023640253600512
B1511244525921N00333734EA023670253800512
B1511254525922N00333755EA023680254000512
B1511264525920N00333777EA023690254100512
B1511274525915N00333797EA023690254000512
B1511284525907N00333815EA023680254000512
B1511294525897N00333832EA023670253800512
B1511304525884N00333846EA023660253600512
B1511314525869N00333858EA023660253400512
B1511324525853N00333868EA023660253700512
B1511334525837N00333874EA023700254000512
B1511344525820N00333878EA023740254300512
B1511354525803N00333877EA023750254600512
B1511364525786N00333872EA023780254900512
B1511374525771N00333863EA023820255200512
B1511384525757N00333850EA023850255400512
B1511394525746N00333833EA023860255700512
B1511404525738N00333813EA023880255900512
B1511414525732N00333791EA023900256200512
B1511424525730N00333769EA023930256500512
B1511434525731N00333746EA023950256700512
B1511444525736N00333725EA023980257000512
B1511454525744N00333706EA024020257400512
B1511464525755N00333691EA024070258000512
B1511474525767N00333678EA024120258600512
B1511484525780N00333670EA024170259000512
B1511494525794N00333666EA024220259500512
B1511504525808N00333668EA024250259800512
B1511514525822N00333674EA024280260100512
B1511524525834N00333686EA024290260100512
K151152004004
B1511534525844N00333702EA024300260100512
B1511544525852N00333722EA024280260000512
B1511554525857N00333745EA024280259900512
B1511564525859N00333770EA024270260000512
B1511574525858N00333796EA024280260100512
B1511584525855N00333821EA024280260200512
B1511594525849N00333845EA024290260300512
B1512004525840N00333867EA024310260400512
B1512014525828N00333887EA024320260700512
B1512024525815N00333903EA024380261100512
B1512034525800N00333915EA024440261700512
B1512044525784N00333924EA024490262200512
B1512054525768N00333929EA024520262500512
B1512064525752N00333930EA024550262800512
B1512074525736N00333926EA024580263100512
B1512084525721N00333918EA024610263400512
K151208349004
B1512094525708N00333908EA024630263700512
B1512104525696N00333894EA024670264000512
B1512114525686N00333877EA024690264200512
LXNA::AVGSATSNR:40
B1512124525679N00333858EA024700264400512
B1512134525674N00333838EA024720264600512
F1512132009050611072130
B1512144525673N00333816EA024710264600512
B1512154525674N00333795EA024700264500512
B1512164525679N00333774EA024690264400512
B1512174525687N00333755EA024680264300512
B1512184525698N00333738EA024700264500512
B1512194525712N00333725EA024720264700512
B1512204525727N00333716EA024740265000512
B1512214525743N00333711EA024760265300512
B1512224525759N00333712EA024780265500512
B1512234525775N00333717EA024790265600512
B1512244525790N00333727EA024800265600512
B1512254525804N00333741EA024790265600512
B1512264525817N00333758EA024800265600512
B1512274525827N00333779EA024810265600512
B1512284525835N00333802EA024800265600512
B1512294525839N00333828EA024800265600512
B1512304525840N00333854EA024800265600512
B1512314525836N00333880EA024800265600512
B1512324525829N00333905EA024800265500512
B1512334525818N00333929EA024800265500512
K151233299006
B1512344525806N00333949EA024800265600512
B1512354525791N00333967EA024840265900512
B1512364525775N00333982EA024850266200512
B1512374525757N00333993EA024870266400512
B1512384525739N00334000EA024900266600512
B1512394525720N00334002EA024920266800512
B1512404525702N00334000EA024940267000512
B1512414525684N00333994EA024940267000512
B1512424525667N00333984EA024950267000512
B1512434525652N00333970EA024940267100512
B1512444525638N00333954EA024940267000512
B1512454525627N00333934EA024960267000512
B1512464525619N00333911EA024950267000512
B1512474525613N00333887EA024950267100512
B1512484525611N00333862EA024960267200512
B1512494525612N00333837EA024980267400512
B1512504525615N00333813EA025000267700512
B1512514525621N00333789EA025030267900512
K151251302009
B1512524525627N00333766EA025040268100512
B1512534525635N00333744EA025050268200512
B1512544525644N00333722EA025070268300512
B1512554525655N00333702EA025090268500512
B1512564525667N00333684EA025100268700512
B1512574525680N00333669EA025120268900512
B1512584525695N00333657EA025150269200512
B1512594525710N00333649EA025170269400512
B1513004525727N00333646EA025200269700512
B1513014525743N00333647EA025230269900512
B1513024525759N00333653EA025230269900512
B1513034525774N00333663EA025230269800512
K151303312008
B1513044525788N00333678EA025240269900512
B1513054525801N00333696EA025230270000512
LXNA::BAT:charging,100%,4.252V,6000mA
B1513064525812N00333716EA025230270000512
B1513074525821N00333737EA025230270100512
B1513084525830N00333759EA025240270200512
B1513094525838N00333782EA025240270200512
B1513104525843N00333806EA025250270200512
B1513114525846N00333831EA025250270300512
B1513124525847N00333858EA025250270200512
LXNA::AVGSATSNR:38
B1513134525844N00333884EA025250270200512
B1513144525840N00333911EA025240270200512
B1513154525833N00333937EA025230270100512
B1513164525824N00333961EA025220270000512
B1513174525813N00333985EA025210269900512
K151317320009
B1513184525801N00334006EA025200269800512
B1513194525786N00334026EA025200269800512
B1513204525771N00334044EA025190269600512
B1513214525754N00334060EA025180269600512
B1513224525736N00334074EA025180269600512
B1513234525718N00334087EA025190269800512
B1513244525700N00334100EA025200269800512
B1513254525682N00334113EA025200269900512
B1513264525664N00334126EA025200269800512
B1513274525646N00334139EA025200269800512
B1513284525628N00334152EA025190269700512
B1513294525610N00334165EA025180269600512
B1513304525592N00334179EA025170269500512
B1513314525574N00334193EA025160269400512
B1513324525556N00334207EA025150269300512
B1513334525539N00334221EA025140269200512
B1513344525522N00334235EA025130269100512
B1513354525504N00334250EA025130269100512
B1513364525487N00334264EA025130269100512
B1513374525470N00334278EA025120269000512
B1513384525453N00334291EA025120269000512
B1513394525437N00334305EA025110269000512
B1513404525420N00334319EA025110269000512
B1513414525404N00334332EA025120269100512
B1513424525387N00334344EA025120269100512
B1513434525370N00334355EA025120269000512
B1513444525352N00334365EA025110268800512
B1513454525334N00334374EA025100268700512
B1513464525317N00334383EA025090268700512
B1513474525299N00334392EA025070268600512
B1513484525281N00334400EA025060268400512
B1513494525263N00334408EA025050268300512
B1513504525245N00334416EA025070268400512
B1513514525227N00334424EA025060268500512
B1513524525210N00334433EA025080268600512
B1513534525193N00334442EA025080268600512
B1513544525176N00334452EA025060268500512
B1513554525159N00334462EA025050268300512
B1513564525142N00334472EA025040268200512
B1513574525125N00334483EA025020268000512
B1513584525107N00334494EA025010267900512
B1513594525089N00334506EA024990267800512
B1514004525071N00334517EA024970267500512
B1514014525053N00334529EA024950267200512
B1514024525034N00334542EA024920267000512
B1514034525016N00334556EA024900266800512
B1514044524997N00334570EA024870266500512
B1514054524977N00334583EA024840266200512
B1514064524958N00334597EA024810265900512
B1514074524938N00334611EA024790265700512
B1514084524918N00334625EA024770265500512
B1514094524898N00334639EA024750265400512
B1514104524879N00334654EA024750265300512
B1514114524859N00334669EA024730265100512
B1514124524840N00334684EA024710264700512
B1514134524820N00334700EA024650264200512
LXNA::AVGSATSNR:39
B1514144524800N00334716EA024590263500512
B1514154524779N00334732EA024530262800512
B1514164524757N00334749EA024480262300512
B1514174524736N00334766EA024410261800512
B1514184524714N00334785EA024370261300512
B1514194524692N00334805EA024340261000512
B1514204524670N00334824EA024320260700512
B1514214524648N00334844EA024280260300512
B1514224524625N00334864EA024240260000512
B1514234524602N00334883EA024220259800512
B1514244524580N00334902EA024210259800512
B1514254524557N00334921EA024210259700512
B1514264524535N00334939EA024210259800512
B1514274524512N00334956EA024230259900512
B1514284524490N00334972EA024250260200512
B1514294524468N00334988EA024270260400512
B1514304524447N00335004EA024290260600512
B1514314524426N00335020EA024310260700512
B1514324524405N00335035EA024310260800512
B1514334524384N00335049EA024320260700512
B1514344524363N00335064EA024330260800512
B1514354524342N00335079EA024320260800512
B1514364524322N00335094EA024320260800512
B1514374524301N00335109EA024320260800512
B1514384524281N00335123EA024320260800512
B1514394524261N00335137EA024320260800512
B1514404524241N00335151EA024330260800512
B1514414524221N00335165EA024320260700512
B1514424524201N00335179EA024300260600512
B1514434524181N00335193EA024280260400512
B1514444524161N00335207EA024260260100512
B1514454524142N00335220EA024240259900512
B1514464524122N00335234EA024210259600512
B1514474524102N00335248EA024190259400512
B1514484524082N00335262EA024170259200512
B1514494524062N00335276EA024160259100512
B1514504524042N00335290EA024150258900512
B1514514524022N00335304EA024130258900512
B1514524524002N00335317EA024130258900512
B1514534523983N00335331EA024130258800512
B1514544523963N00335344EA024120258800512
B1514554523944N00335358EA024110258600512
B1514564523924N00335372EA024100258500512
B1514574523904N00335384EA024110258600512
B1514584523884N00335397EA024100258600512
B1514594523865N00335408EA024100258500512
B1515004523845N00335419EA024090258400512
B1515014523825N00335431EA024090258500512
B1515024523805N00335442EA024100258600512
B1515034523785N00335453EA024100258600512
B1515044523766N00335464EA024100258600512
B1515054523746N00335476EA024100258600512
B1515064523726N00335487EA024100258600512
B1515074523707N00335498EA024110258700512
B1515084523687N00335508EA024110258600512
B1515094523667N00335519EA024100258600512
B1515104523647N00335529EA024100258500512
B1515114523627N00335540EA024100258500512
B1515124523607N00335550EA024080258400512
B1515134523588N00335561EA024070258200512
B1515144523568N00335573EA024070258200512
F15151404200905140611072130
B1515154523548N00335584EA024080258200512
LXNA::AVGSATSNR:39
B1515164523529N00335595EA024090258400512
B1515174523510N00335607EA024090258500512
B1515184523491N00335619EA024100258500512
B1515194523473N00335630EA024100258600512
B1515204523454N00335642EA024100258500512
B1515214523436N00335654EA024080258400512
B1515224523418N00335667EA024060258100512
B1515234523399N00335679EA024040258000512
B1515244523381N00335692EA024030257800512
B1515254523362N00335705EA024020257800512
B1515264523344N00335718EA024020257700512
B1515274523326N00335732EA024010257700512
B1515284523308N00335746EA023990257500512
B1515294523290N00335760EA023980257300512
B1515304523272N00335774EA023950257100512
B1515314523253N00335789EA023930256900512
B1515324523235N00335803EA023920256800512
B1515334523216N00335818EA023910256600512
B1515344523198N00335833EA023890256500512
B1515354523179N00335847EA023880256300512
B1515364523160N00335861EA023870256200512
B1515374523141N00335875EA023860256100512
B1515384523122N00335888EA023850256000512
B1515394523103N00335902EA023840255900512
B1515404523084N00335914EA023830255800512
B1515414523065N00335927EA023820255700512
B1515424523045N00335940EA023810255500512
B1515434523026N00335952EA023800255400512
B1515444523007N00335965EA023790255400512
B1515454522988N00335978EA023790255300512
B1515464522969N00335990EA023780255200512
B1515474522949N00336003EA023770255000512
B1515484522930N00336015EA023740254800512
B1515494522911N00336028EA023720254600512
B1515504522891N00336040EA023700254400512
B1515514522872N00336053EA023670254100512
B1515524522852N00336066EA023640253900512
B1515534522833N00336079EA023620253700512
B1515544522813N00336093EA023610253600512
B1515554522794N00336107EA023610253600512
B1515564522775N00336121EA023610253600512
B1515574522756N00336136EA023610253700512
B1515584522737N00336150EA023620253800512
B1515594522719N00336164EA023630253800512
B1516004522700N00336178EA023630253800512
B1516014522682N00336192EA023630253800512
B1516024522664N00336206EA023630253800512
B1516034522646N00336221EA023630253800512
B1516044522628N00336235EA023630253800512
B1516054522610N00336249EA023630253800512
B1516064522592N00336263EA023630253800512
LXNA::BAT:charging,100%,4.252V,12mA
B1516074522574N00336277EA023630253800512
B1516084522556N00336292EA023630253800512
B1516094522538N00336307EA023620253700512
B1516104522520N00336321EA023610253600512
B1516114522502N00336335EA023600253400512
B1516124522484N00336349EA023570253200512
B1516134522465N00336362EA023560253000512
B1516144522446N00336374EA023550252900512
B1516154522426N00336385EA023540252900512
B1516164522406N00336394EA023540252800512
LXNA::AVGSATSNR:40
B1516174522386N00336403EA023520252700512
B1516184522366N00336412EA023510252600512
K151618320009
B1516194522346N00336420EA023510252500512
B1516204522325N00336427EA023510252500512
B1516214522305N00336434EA023520252600512
B1516224522285N00336440EA023530252900512
B1516234522264N00336444EA023550253100512
B1516244522244N00336447EA023550253100512
B1516254522223N00336449EA023560253200512
B1516264522204N00336448EA023580253400512
B1516274522184N00336445EA023600253500512
B1516284522166N00336441EA023610253700512
B1516294522147N00336435EA023620253800512
B1516304522129N00336430EA023610253600512
B1516314522111N00336424EA023580253300512
B1516324522093N00336418EA023550252900512
B1516334522074N00336411EA023520252600512
B1516344522055N00336404EA023500252500512
B1516354522036N00336398EA023500252400512
B1516364522017N00336391EA023500252400512
B1516374521998N00336385EA023490252400512
B1516384521980N00336378EA023500252400512
B1516394521961N00336370EA023520252500512
B1516404521942N00336363EA023520252700512
B1516414521923N00336356EA023550252900512
B1516424521904N00336349EA023580253300512
B1516434521886N00336344EA023630253800512
B1516444521868N00336340EA023680254400512
B1516454521850N00336338EA023750255000512
B1516464521833N00336338EA023800255500512
B1516474521817N00336340EA023840256000512
B1516484521801N00336346EA023870256300512
B1516494521787N00336354EA023890256400512
B1516504521773N00336365EA023880256200512
B1516514521761N00336381EA023850255900512
B1516524521751N00336399EA023820255500512
B1516534521743N00336419EA023790255100512
B1516544521738N00336443EA023760254800512
B1516554521737N00336467EA023730254700512
B1516564521740N00336491EA023730254700512
B1516574521746N00336513EA023740254800512
B1516584521754N00336532EA023750254900512
B1516594521764N00336549EA023770255000512
B1517004521777N00336562EA023770255100512
B1517014521791N00336570EA023770255100512
B1517024521806N00336572EA023760255000512
B1517034521822N00336570EA023750254900512
B1517044521838N00336563EA023750254800512
B1517054521852N00336551EA023750254700512
B1517064521865N00336536EA023740254600512
B1517074521876N00336516EA023730254500512
B1517084521884N00336494EA023700254300512
B1517094521889N00336469EA023670254100512
B1517104521892N00336442EA023660254000512
B1517114521892N00336414EA023680253900512
B1517124521890N00336386EA023660253700512
B1517134521886N00336356EA023610253500512
B1517144521880N00336327EA023600253300512
B1517154521872N00336297EA023600253200512
B1517164521864N00336268EA023580253200512
B1517174521854N00336240EA023590253400512
LXNA::AVGSATSNR:41
B1517184521842N00336212EA023610253700512
B1517194521831N00336187EA023640254000512
B1517204521818N00336162EA023670254300512
B1517214521806N00336137EA023690254400512
B1517224521792N00336114EA023710254500512
B1517234521777N00336093EA023740254800512
B1517244521761N00336076EA023780255200512
B1517254521743N00336063EA023780255500512
B1517264521725N00336052EA023810255700512
B1517274521707N00336045EA023820255800512
B1517284521688N00336041EA023820255800512
B1517294521669N00336042EA023840255900512
B1517304521652N00336049EA023860256100512
B1517314521635N00336060EA023880256500512
B1517324521621N00336074EA023900256800512
B1517334521608N00336089EA023920257000512
B1517344521595N00336106EA023930257100512
B1517354521582N00336123EA023950257200512
B1517364521570N00336140EA023960257200512
B1517374521558N00336158EA023980257300512
B1517384521549N00336178EA023990257600512
B1517394521543N00336200EA024020257800512
B1517404521540N00336222EA024040258100512
B1517414521541N00336244EA024070258200512
B1517424521546N00336264EA024080258300512
B1517434521555N00336281EA024090258400512
B1517444521566N00336293EA024090258600512
B1517454521580N00336301EA024110258800512
B1517464521595N00336302EA024150259000512
B1517474521611N00336298EA024160259300512
B1517484521625N00336288EA024180259500512
B1517494521639N00336273EA024180259600512
B1517504521650N00336254EA024200259800512
B1517514521657N00336230EA024210259900512
B1517524521661N00336203EA024220260000512
B1517534521660N00336175EA024220260000512
B1517544521656N00336148EA024220260000512
B1517554521646N00336122EA024240260200512
K151755060021
B1517564521634N00336098EA024270260600512
B1517574521620N00336078EA024310261000512
B1517584521603N00336062EA024360261400512
B1517594521585N00336052EA024400261700512
B1518004521566N00336047EA024420262100512
B1518014521547N00336048EA024450262300512
B1518024521528N00336054EA024470262500512
B1518034521512N00336066EA024490262500512
B1518044521498N00336083EA024490262600512
B1518054521488N00336104EA024500262600512
B1518064521483N00336128EA024500262600512
B1518074521483N00336152EA024500262600512
B1518084521488N00336176EA024500262600512
B1518094521498N00336195EA024510262700512
B1518104521511N00336210EA024540263100512
B1518114521526N00336218EA024600263600512
B1518124521541N00336221EA024640264100512
B1518134521557N00336217EA024670264400512
B1518144521571N00336209EA024700264700512
B1518154521584N00336195EA024710264800512
F151815200905140611072130
B1518164521595N00336177EA024720264900512
B1518174521602N00336154EA024720265000512
B1518184521607N00336130EA024730265100512
LXNA::AVGSATSNR:40
B1518194521607N00336103EA024740265100512
K151819057018
B1518204521603N00336077EA024740265200512
B1518214521596N00336052EA024760265400512
B1518224521586N00336029EA024780265600512
B1518234521572N00336011EA024800265900512
B1518244521556N00335997EA024820266100512
B1518254521539N00335988EA024840266200512
B1518264521520N00335985EA024850266400512
B1518274521502N00335987EA024870266600512
B1518284521485N00335995EA024880266800512
B1518294521469N00336006EA024910266900512
B1518304521455N00336022EA024910267000512
B1518314521443N00336041EA024920267100512
B1518324521435N00336063EA024920267100512
B1518334521431N00336087EA024930267100512
B1518344521431N00336111EA024930267100512
B1518354521436N00336134EA024930267100512
B1518364521444N00336153EA024940267200512
B1518374521456N00336168EA024960267500512
B1518384521471N00336176EA025000267900512
K151838052016
B1518394521487N00336180EA025050268300512
B1518404521502N00336179EA025070268500512
B1518414521517N00336174EA025080268600512
B1518424521531N00336162EA025090268700512
B1518434521542N00336145EA025090268800512
B1518444521550N00336123EA025100268900512
B1518454521554N00336099EA025110269000512
B1518464521554N00336073EA025110269000512
B1518474521550N00336048EA025120269100512
B1518484521542N00336025EA025120269200512
B1518494521529N00336005EA025140269300512
B1518504521514N00335989EA025160269500512
B1518514521496N00335979EA025170269700512
B1518524521478N00335974EA025190269800512
B1518534521460N00335976EA025200269900512
B1518544521443N00335985EA025200270000512
B1518554521427N00335998EA025200269900512
B1518564521415N00336017EA025200269900512
B1518574521405N00336038EA025210269900512
B1518584521400N00336062EA025210270000512
B1518594521398N00336086EA025220270100512
B1519004521401N00336110EA025230270200512
B1519014521406N00336132EA025240270300512
B1519024521415N00336151EA025270270600512
K151902045013
B1519034521426N00336167EA025320271000512
B1519044521438N00336180EA025330271300512
B1519054521452N00336189EA025360271500512
B1519064521467N00336194EA025380271700512
B1519074521482N00336194EA025400271900512
LXNA::BAT:charging,100%,4.252V,12mA
B1519084521497N00336189EA025430272200512
B1519094521512N00336179EA025450272400512
B1519104521524N00336164EA025470272600512
B1519114521536N00336146EA025480272700512
B1519124521544N00336125EA025480272700512
B1519134521549N00336100EA025480272800512
B1519144521551N00336074EA025490273000512
B1519154521549N00336047EA025510273200512
B1519164521543N00336022EA025530273400512
B1519174521534N00335999EA025550273500512
B1519184521522N00335980EA025550273600512
K151918036013
B1519194521507N00335964EA025570273700512
LXNA::AVGSATSNR:40
B1519204521490N00335953EA025570273800512
B1519214521472N00335948EA025590273900512
B1519224521454N00335947EA025590274000512
B1519234521436N00335951EA025600274100512
B1519244521419N00335960EA025610274200512
B1519254521404N00335974EA025610274200512
B1519264521391N00335992EA025620274300512
B1519274521382N00336012EA025630274400512
B1519284521375N00336035EA025650274700512
B1519294521371N00336057EA025670274800512
B1519304521369N00336080EA025690275000512
B1519314521369N00336103EA025710275200512
B1519324521371N00336124EA025720275300512
B1519334521377N00336144EA025730275500512
B1519344521386N00336162EA025750275600512
B1519354521397N00336177EA025760275800512
B1519364521409N00336188EA025770275900512
B1519374521423N00336197EA025790276000512
B1519384521437N00336202EA025810276300512
B1519394521453N00336203EA025830276500512
B1519404521468N00336200EA025850276700512
B1519414521484N00336193EA025870276900512
B1519424521498N00336183EA025880277000512
B1519434521511N00336167EA025890277200512
B1519444521522N00336148EA025900277300512
B1519454521532N00336127EA025920277400512
B1519464521538N00336103EA025930277600512
B1519474521542N00336078EA025950277800512
B1519484521542N00336052EA025970278000512
B1519494521540N00336027EA025990278200512
B1519504521536N00336002EA026020278500512
B1519514521529N00335978EA026050278800512
B1519524521519N00335957EA026070279000512
B1519534521508N00335937EA026070279000512
B1519544521495N00335920EA026060278800512
B1519554521481N00335904EA026040278600512
B1519564521465N00335889EA026020278200512
B1519574521448N00335876EA025970277700512
B1519584521430N00335864EA025930277300512
B1519594521410N00335852EA025910277100512
B1520004521390N00335841EA025890276900512
B1520014521370N00335830EA025860276600512
B1520024521348N00335819EA025830276300512
B1520034521327N00335808EA025810276100512
B1520044521304N00335799EA025790275900512
B1520054521282N00335790EA025770275800512
B1520064521259N00335783EA025770275700512
B1520074521236N00335776EA025780275800512
B1520084521213N00335770EA025790276000512
B1520094521189N00335763EA025800276200512
B1520104521166N00335757EA025820276300512
B1520114521143N00335752EA025830276500512
B1520124521120N00335747EA025850276600512
B1520134521098N00335742EA025860276700512
B1520144521075N00335739EA025880276900512
B1520154521052N00335735EA025890277000512
B1520164521029N00335731EA025900277000512
B1520174521007N00335727EA025890276900512
B1520184520984N00335724EA025870276800512
B1520194520961N00335721EA025860276600512
B1520204520938N00335718EA025850276500512
LXNA::AVGSATSNR:38
B1520214520914N00335715EA025840276500512
B1520224520891N00335713EA025850276600512
B1520234520869N00335711EA025870276900512
B1520244520846N00335709EA025890277000512
B1520254520824N00335706EA025900277100512
B1520264520802N00335703EA025910277100512
B1520274520780N00335700EA025910277300512
B1520284520759N00335697EA025940277600512
B1520294520738N00335693EA025970277900512
B1520304520717N00335691EA026000278200512
B1520314520698N00335688EA026030278600512
B1520324520678N00335686EA026060278900512
B1520334520660N00335686EA026090279300512
B1520344520642N00335685EA026140279700512
B1520354520624N00335686EA026160279900512
B1520364520607N00335686EA026170280000512
B1520374520590N00335686EA026160279900512
B1520384520573N00335687EA026140279600512
B1520394520555N00335687EA026110279200512
B1520404520537N00335686EA026070278800512
B1520414520518N00335686EA026030278400512
B1520424520499N00335685EA025990278100512
B1520434520480N00335685EA025960277800512
B1520444520460N00335685EA025940277600512
B1520454520440N00335686EA025920277400512
B1520464520421N00335686EA025900277100512
B1520474520401N00335687EA025870276800512
B1520484520380N00335689EA025840276600512
B1520494520360N00335692EA025830276400512
B1520504520339N00335694EA025830276300512
B1520514520319N00335698EA025810276200512
B1520524520298N00335701EA025790276100512
B1520534520277N00335705EA025790276000512
B1520544520257N00335709EA025780275900512
B1520554520236N00335714EA025780275900512
B1520564520215N00335719EA025770275900512
B1520574520194N00335725EA025770275800512
B1520584520173N00335730EA025760275700512
B1520594520152N00335736EA025750275500512
B1521004520131N00335743EA025730275200512
B1521014520110N00335749EA025690274900512
B1521024520088N00335756EA025670274700512
B1521034520066N00335763EA025670274700512
B1521044520044N00335771EA025660274600512
B1521054520023N00335778EA025650274600512
B1521064520001N00335787EA025650274500512
B1521074519980N00335795EA025640274400512
B1521084519958N00335804EA025640274400512
B1521094519937N00335813EA025640274400512
B1521104519916N00335821EA025630274400512
B1521114519894N00335830EA025630274200512
B1521124519873N00335839EA025620274100512
B1521134519852N00335849EA025610274000512
B1521144519832N00335860EA025590273900512
B1521154519811N00335871EA025570273700512
B1521164519791N00335882EA025570273600512
B1521174519771N00335893EA025580273700512
B1521184519751N00335904EA025590273800512
B1521194519731N00335915EA025580273700512
B1521204519711N00335926EA025560273500512
B1521214519691N00335938EA025540273300512
LXNA::AVGSATSNR:39
B1521224519672N00335950EA025500272900512
B1521234519651N00335963EA025460272500512
B1521244519631N00335975EA025430272100512
B1521254519610N00335987EA025400271800512
B1521264519590N00335999EA025380271700512
B1521274519570N00336012EA025340271300512
B1521284519549N00336025EA025300270900512
B1521294519529N00336039EA025270270600512
B1521304519509N00336053EA025250270400512
B1521314519489N00336067EA025240270300512
B1521324519468N00336080EA025230270300512
B1521334519449N00336093EA025230270300512
B1521344519429N00336106EA025230270400512
B1521354519410N00336120EA025250270600512
B1521364519392N00336134EA025290271000512
B1521374519374N00336148EA025330271500512
B1521384519358N00336162EA025370271800512
B1521394519342N00336176EA025400272100512
B1521404519326N00336190EA025410272200512
B1521414519311N00336204EA025410272100512
B1521424519295N00336219EA025390271900512
B1521434519279N00336233EA025370271700512
B1521444519263N00336248EA025340271500512
B1521454519246N00336264EA025320271300512
B1521464519229N00336278EA025310271100512
B1521474519212N00336292EA025290270900512
B1521484519194N00336306EA025280270700512
B1521494519177N00336320EA025250270500512
B1521504519159N00336334EA025240270400512
B1521514519141N00336347EA025240270400512
B1521524519123N00336359EA025240270400512
B1521534519104N00336371EA025250270400512
B1521544519086N00336381EA025250270500512
B1521554519067N00336391EA025260270500512
B1521564519048N00336401EA025260270600512
B1521574519030N00336409EA025260270600512
B1521584519011N00336417EA025270270700512
B1521594518992N00336424EA025270270700512
B1522004518973N00336430EA025270270600512
B1522014518954N00336436EA025270270600512
B1522024518935N00336441EA025270270600512
B1522034518916N00336446EA025260270500512
B1522044518897N00336450EA025250270500512
B1522054518877N00336454EA025240270400512
B1522064518858N00336457EA025240270300512
B1522074518838N00336459EA025240270300512
B1522084518819N00336460EA025250270400512
LXNA::BAT:charging,100%,4.252V,12mA
B1522094518800N00336461EA025260270500512
B1522104518781N00336460EA025280270700512
B1522114518763N00336458EA025300270900512
B1522124518745N00336455EA025300271000512
B1522134518728N00336452EA025310271000512
B1522144518710N00336449EA025300271000512
B1522154518693N00336445EA025300270900512
B1522164518676N00336441EA025280270700512
B1522174518658N00336436EA025260270500512
B1522184518641N00336429EA025240270200512
B1522194518623N00336422EA025210270000512
K152219034012
B1522204518605N00336415EA025190269800512
B1522214518588N00336406EA025170269700512
B1522224518570N00336397EA025170269600512
LXNA::AVGSATSNR:39
B1522234518553N00336386EA025170269600512
B1522244518537N00336375EA025170269600512
B1522254518520N00336364EA025160269600512
B1522264518504N00336352EA025160269600512
B1522274518488N00336340EA025170269600512
B1522284518472N00336327EA025170269600512
B1522294518456N00336314EA025170269600512
B1522304518441N00336300EA025170269600512
B1522314518427N00336285EA025160269500512
B1522324518412N00336270EA025150269400512
B1522334518398N00336254EA025140269300512
B1522344518384N00336237EA025130269200512
B1522354518370N00336220EA025110269100512
B1522364518356N00336203EA025100268900512
B1522374518342N00336185EA025080268800512
B1522384518328N00336167EA025070268700512
B1522394518314N00336148EA025060268600512
B1522404518301N00336129EA025050268400512
B1522414518287N00336109EA025040268300512
B1522424518274N00336089EA025040268300512
B1522434518260N00336070EA025040268400512
B1522444518246N00336050EA025050268400512
B1522454518233N00336030EA025050268400512
B1522464518219N00336010EA025040268300512
B1522474518205N00335991EA025030268200512
B1522484518190N00335971EA025030268200512
B1522494518176N00335951EA025030268200512
B1522504518162N00335931EA025020268200512
B1522514518147N00335912EA025030268200512
B1522524518132N00335892EA025030268300512
B1522534518117N00335872EA025050268400512
B1522544518103N00335853EA025070268600512
B1522554518088N00335834EA025080268700512
B1522564518073N00335816EA025090268800512
B1522574518058N00335798EA025100268900512
B1522584518043N00335780EA025120269100512
B1522594518027N00335763EA025140269300512
B1523004518012N00335747EA025150269400512
B1523014517996N00335730EA025140269200512
B1523024517981N00335713EA025130269100512
B1523034517965N00335696EA025110268900512
B1523044517949N00335680EA025110268900512
B1523054517933N00335663EA025120269100512
B1523064517917N00335648EA025130269200512
B1523074517900N00335634EA025140269300512
B1523084517884N00335620EA025130269300512
B1523094517868N00335606EA025120269100512
B1523104517851N00335593EA025100268800512
B1523114517834N00335579EA025090268600512
B1523124517817N00335564EA025060268400512
B1523134517800N00335550EA025040268300512
B1523144517783N00335536EA025050268200512
B1523154517767N00335521EA025040268100512
B1523164517750N00335505EA025040268100512
B1523174517734N00335489EA025020268000512
B1523184517719N00335471EA025000267800512
B1523194517703N00335454EA024990267800512
B1523204517688N00335436EA025000267800512
B1523214517674N00335418EA024990267700512
B1523224517661N00335399EA024980267600512
B1523234517648N00335379EA024980267400512
LXNA::AVGSATSNR:38
B1523244517636N00335359EA024960267100512
B1523254517622N00335340EA024940266900512
B1523264517607N00335323EA024910266700512
B1523274517591N00335307EA024870266300512
B1523284517574N00335293EA024830265900512
B1523294517556N00335280EA024800265600512
B1523304517537N00335270EA024780265300512
B1523314517516N00335263EA024750265100512
B1523324517496N00335258EA024720264900512
B1523334517475N00335256EA024700264700512
B1523344517454N00335256EA024680264500512
B1523354517432N00335258EA024660264300512
B1523364517411N00335263EA024640264100512
B1523374517390N00335268EA024610263900512
B1523384517369N00335276EA024590263600512
B1523394517348N00335284EA024570263400512
B1523404517327N00335293EA024550263100512
B1523414517306N00335303EA024510262800512
B1523424517286N00335315EA024480262500512
B1523434517265N00335327EA024450262100512
B1523444517245N00335340EA024420261800512
B1523454517225N00335353EA024400261600512
B1523464517205N00335366EA024370261400512
B1523474517185N00335381EA024350261300512
B1523484517166N00335395EA024350261200512
B1523494517147N00335410EA024360261300512
B1523504517128N00335424EA024370261400512
B1523514517109N00335439EA024380261500512
B1523524517091N00335453EA024390261600512
B1523534517073N00335468EA024390261600512
B1523544517056N00335483EA024390261600512
B1523554517038N00335498EA024370261400512
B1523564517021N00335514EA024340261100512
B1523574517003N00335530EA024300260700512
B1523584516985N00335546EA024270260300512
B1523594516966N00335562EA024230260000512
B1524004516948N00335579EA024190259600512
B1524014516929N00335596EA024170259400512
B1524024516911N00335613EA024150259300512
B1524034516892N00335631EA024150259300512
B1524044516874N00335649EA024140259200512
B1524054516855N00335666EA024130259100512
B1524064516837N00335684EA024120258900512
B1524074516818N00335701EA024100258800512
B1524084516800N00335719EA024100258700512
B1524094516782N00335736EA024090258700512
B1524104516764N00335754EA024090258700512
B1524114516747N00335772EA024090258700512
B1524124516729N00335790EA024070258600512
B1524134516711N00335808EA024060258400512
B1524144516693N00335826EA024050258300512
B1524154516676N00335843EA024030258100512
B1524164516658N00335861EA024020258000512
B1524174516640N00335878EA024010257900512
B1524184516621N00335896EA024000257800512
B1524194516604N00335914EA023980257600512
B1524204516586N00335932EA023960257400512
B1524214516568N00335950EA023940257200512
B1524224516550N00335968EA023920257000512
B1524234516532N00335986EA023910256800512
B1524244516514N00336004EA023900256700512
LXNA::AVGSATSNR:40
B1524254516496N00336023EA023900256700512
B1524264516479N00336041EA023880256500512
B1524274516461N00336059EA023860256300512
B1524284516443N00336078EA023820256000512
B1524294516426N00336096EA023810255700512
B1524304516408N00336114EA023790255600512
B1524314516390N00336132EA023780255600512
B1524324516373N00336150EA023780255500512
B1524334516356N00336168EA023770255400512
B1524344516339N00336187EA023760255300512
B1524354516322N00336205EA023750255200512
B1524364516306N00336224EA023740255200512
B1524374516290N00336243EA023740255100512
B1524384516274N00336263EA023720254900512
B1524394516258N00336283EA023700254600512
B1524404516242N00336302EA023670254300512
B1524414516225N00336322EA023640254100512
B1524424516209N00336342EA023620253900512
B1524434516192N00336362EA023610253700512
B1524444516176N00336382EA023580253500512
B1524454516160N00336403EA023570253300512
B1524464516143N00336423EA023540253100512
B1524474516127N00336444EA023520252800512
B1524484516110N00336464EA023510252700512
B1524494516094N00336484EA023490252600512
B1524504516077N00336503EA023490252600512
B1524514516061N00336523EA023480252500512
B1524524516045N00336542EA023470252400512
B1524534516029N00336560EA023450252200512
B1524544516012N00336579EA023440252100512
B1524554515996N00336596EA023430252000512
B1524564515979N00336613EA023430252000512
B1524574515963N00336630EA023420251900512
B1524584515947N00336646EA023410251800512
B1524594515930N00336662EA023390251600512
B1525004515914N00336678EA023380251500512
B1525014515897N00336694EA023360251300512
B1525024515881N00336709EA023340251100512
B1525034515864N00336724EA023320250800512
B1525044515847N00336738EA023300250600512
B1525054515831N00336753EA023270250300512
B1525064515814N00336767EA023250250200512
B1525074515797N00336781EA023250250200512
B1525084515779N00336793EA023250250100512
B1525094515761N00336804EA023230250000512
LXNA::BAT:charging,100%,4.252V,12mA
B1525104515743N00336813EA023220249700512
B1525114515724N00336820EA023190249400512
B1525124515705N00336827EA023170249300512
B1525134515685N00336831EA023170249200512
B1525144515666N00336835EA023170249200512
B1525154515646N00336836EA023170249200512
B1525164515627N00336836EA023160249200512
B1525174515607N00336835EA023170249200512
B1525184515588N00336833EA023180249400512
B1525194515569N00336830EA023210249600512
B1525204515551N00336826EA023230249800512
K152520034012
B1525214515533N00336822EA023250250000512
B1525224515515N00336818EA023250250100512
B1525234515497N00336813EA023250250100512
B1525244515479N00336807EA023260250200512
B1525254515462N00336801EA023270250200512
LXNA::AVGSATSNR:40
B1525264515444N00336795EA023270250300512
B1525274515427N00336788EA023280250300512
B1525284515409N00336781EA023290250400512
B1525294515392N00336773EA023280250300512
B1525304515375N00336766EA023280250300512
B1525314515357N00336758EA023280250300512
B1525324515340N00336751EA023270250200512
B1525334515323N00336743EA023270250200512
B1525344515305N00336734EA023270250300512
B1525354515288N00336725EA023290250300512
B1525364515272N00336714EA023300250400512
B1525374515256N00336702EA023310250600512
B1525384515240N00336689EA023330250800512
B1525394515225N00336676EA023340250900512
B1525404515211N00336662EA023350251000512
B1525414515197N00336647EA023360251100512
B1525424515183N00336633EA023370251200512
B1525434515171N00336617EA023370251200512
B1525444515158N00336602EA023370251200512
B1525454515147N00336585EA023360251100512
B1525464515137N00336566EA023350251000512
B1525474515129N00336546EA023340250900512
B1525484515122N00336524EA023320250800512
B1525494515117N00336501EA023310250600512
B1525504515113N00336477EA023280250400512
B1525514515109N00336453EA023270250300512
B1525524515106N00336428EA023250250200512
B1525534515103N00336403EA023250250100512
B1525544515101N00336377EA023250250100512
B1525554515101N00336351EA023240250100512
B1525564515100N00336324EA023240250100512
B1525574515100N00336297EA023240250100512
B1525584515102N00336270EA023250250200512
B1525594515107N00336244EA023270250300512
B1526004515116N00336219EA023290250400512
B1526014515129N00336198EA023290250400512
B1526024515144N00336181EA023290250300512
B1526034515163N00336172EA023300250400512
B1526044515183N00336171EA023330250800512
B1526054515203N00336178EA023370251200512
B1526064515221N00336194EA023400251400512
B1526074515236N00336214EA023400251400512
B1526084515247N00336240EA023380251100512
B1526094515254N00336270EA023360251000512
B1526104515254N00336301EA023360251000512
B1526114515249N00336332EA023370251200512
B1526124515238N00336359EA023380251400512
B1526134515223N00336381EA023410251700612
B1526144515206N00336399EA023420251800612
B1526154515187N00336410EA023420251800612
B1526164515166N00336416EA023420251900612
B1526174515146N00336416EA023440252100612
B1526184515126N00336412EA023460252300512
B1526194515107N00336403EA023470252400512
B1526204515090N00336391EA023490252600512
B1526214515073N00336377EA023510252800512
B1526224515058N00336360EA023530253100512
B1526234515045N00336341EA023560253300512
B1526244515034N00336319EA023580253600512
B1526254515027N00336296EA023610253800512
B1526264515021N00336271EA023630254100512
LXNA::AVGSATSNR:39
B1526274515017N00336246EA023660254500512
B1526284515016N00336222EA023700254700512
B1526294515018N00336197EA023720255000512
B1526304515024N00336174EA023730255100512
B1526314515033N00336153EA023740255100512
B1526324515046N00336135EA023740255100512
B1526334515062N00336122EA023760255100512
B1526344515080N00336116EA023760255300512
B1526354515099N00336116EA023790255500512
B1526364515117N00336125EA023830256100512
B1526374515132N00336140EA023900256700512
B1526384515144N00336160EA023950257200512
K152638282017
B1526394515153N00336184EA023990257600512
B1526404515159N00336209EA024010257800512
B1526414515162N00336236EA024030257900512
B1526424515162N00336263EA024020257800512
B1526434515156N00336290EA024010257600512
B1526444515146N00336315EA023990257500512
B1526454515132N00336337EA023970257400512
B1526464515115N00336353EA023970257400612
B1526474515096N00336362EA023980257400612
B1526484515076N00336365EA023980257600612
B1526494515057N00336361EA024010257800512
B1526504515039N00336351EA024030258000512
B1526514515024N00336335EA024050258300512
B1526524515013N00336315EA024080258600512
B1526534515006N00336292EA024110258900512
B1526544515003N00336267EA024130259100512
B1526554515003N00336242EA024140259200512
B1526564515007N00336218EA024160259400512
K152656288015
B1526574515014N00336195EA024180259700512
B1526584515024N00336174EA024200259900512
B1526594515037N00336157EA024210259900512
B1527004515052N00336143EA024210259800512
B1527014515069N00336134EA024220259900512
B1527024515088N00336131EA024230260100512
B1527034515107N00336135EA024250260400512
B1527044515125N00336143EA024300260800512
B1527054515141N00336156EA024340261200512
B1527064515157N00336172EA024380261400512
B1527074515170N00336191EA024380261500512
B1527084515181N00336214EA024380261600512
B1527094515188N00336240EA024390261600512
B1527104515192N00336268EA024370261400512
B1527114515193N00336297EA024350261100512
B1527124515190N00336327EA024330260900512
K152712287013
B1527134515183N00336355EA024290260800512
B1527144515173N00336382EA024290260700512
B1527154515160N00336406EA024280260600512
B1527164515143N00336425EA024280260500512
B1527174515125N00336439EA024260260500512
B1527184515105N00336446EA024260260600512
B1527194515084N00336448EA024280260700512
B1527204515065N00336442EA024280260700512
B1527214515047N00336430EA024270260600512
B1527224515031N00336412EA024270260600512
B1527234515019N00336390EA024280260700512
B1527244515010N00336366EA024280260800512
B1527254515005N00336339EA024310260900512
B1527264515003N00336312EA024310260900512
B1527274515005N00336284EA024310261000512
B1527284515012N00336259EA024340261300512
K152728292012
LXNA::AVGSATSNR:40
B1527294515022N00336236EA024370261600512
B1527304515035N00336216EA024390261900512
B1527314515049N00336198EA024430262300512
B1527324515065N00336184EA024440262400512
B1527334515082N00336174EA024470262600512
B1527344515100N00336169EA024490262800512
B1527354515119N00336168EA024510263100512
B1527364515138N00336172EA024540263500512
B1527374515156N00336178EA024570263700512
B1527384515173N00336187EA024580263700512
B1527394515190N00336201EA024570263600512
B1527404515205N00336218EA024560263400512
B1527414515217N00336240EA024550263200512
B1527424515227N00336265EA024520263100512
B1527434515235N00336292EA024530263200512
B1527444515241N00336320EA024530263300512
B1527454515246N00336348EA024530263300512
B1527464515248N00336377EA024540263400512
B1527474515248N00336406EA024550263500512
B1527484515245N00336434EA024560263600512
K152748299011
B1527494515240N00336461EA024570263700512
B1527504515232N00336486EA024570263700512
B1527514515224N00336511EA024570263700512
B1527524515214N00336534EA024560263600512
B1527534515204N00336557EA024560263600512
B1527544515194N00336580EA024550263500512
B1527554515183N00336602EA024540263400512
B1527564515172N00336625EA024540263400512
B1527574515160N00336646EA024540263400512
B1527584515148N00336667EA024540263400512
B1527594515136N00336688EA024550263500512
B1528004515123N00336708EA024560263600512
B1528014515110N00336727EA024590263700512
B1528024515097N00336745EA024580263900512
B1528034515083N00336761EA024600264000512
B1528044515067N00336774EA024590263900512
B1528054515051N00336783EA024580263800512
B1528064515033N00336788EA024590263800512
B1528074515015N00336788EA024600264200512
B1528084514998N00336784EA024620264300512
B1528094514982N00336776EA024630264300512
B1528104514967N00336763EA024630264200512
LXNA::BAT:charging,100%,4.252V,12mA
B1528114514955N00336748EA024610264100512
B1528124514944N00336729EA024600264000512
B1528134514937N00336708EA024600263800512
B1528144514934N00336685EA024580263600512
B1528154514933N00336661EA024560263400512
B1528164514937N00336636EA024530263200512
B1528174514943N00336613EA024510263000512
B1528184514953N00336592EA024500262800512
B1528194514966N00336573EA024500262700512
B1528204514982N00336558EA024500262800512
B1528214514998N00336545EA024490262900512
B1528224515016N00336537EA024510263100512
B1528234515034N00336533EA024530263300512
B1528244515052N00336533EA024550263400512
B1528254515070N00336538EA024550263300512
B1528264515088N00336546EA024540263200512
B1528274515104N00336558EA024550263200512
B1528284515119N00336574EA024540263200512
B1528294515132N00336592EA024540263200512
LXNA::AVGSATSNR:39
B1528304515145N00336612EA024530263100512
B1528314515156N00336633EA024530263100512
B1528324515165N00336656EA024530263100512
B1528334515173N00336680EA024530263100512
B1528344515178N00336705EA024530263100512
B1528354515182N00336731EA024520263000512
B1528364515184N00336758EA024500262900512
B1528374515183N00336784EA024510262800512
B1528384515180N00336809EA024510262900512
B1528394515174N00336834EA024530263100512
B1528404515165N00336856EA024550263300512
B1528414515155N00336877EA024560263500512
B1528424515144N00336897EA024570263600512
B1528434515132N00336917EA024590263800512
B1528444515120N00336935EA024610264000512
B1528454515107N00336953EA024630264200512
B1528464515093N00336969EA024640264400512
B1528474515079N00336986EA024650264400512
B1528484515064N00337003EA024650264400512
B1528494515049N00337020EA024640264300512
B1528504515034N00337036EA024620264100512
K152850239004
B1528514515018N00337053EA024600263800512
B1528524515002N00337070EA024580263700512
B1528534514986N00337086EA024580263700512
B1528544514969N00337102EA024580263600512
B1528554514952N00337118EA024570263500512
B1528564514934N00337133EA024550263300512
B1528574514917N00337150EA024520263000512
B1528584514899N00337167EA024490262700512
B1528594514881N00337184EA024460262400512
B1529004514863N00337203EA024440262300512
B1529014514846N00337223EA024440262300512
B1529024514829N00337243EA024440262400512
B1529034514813N00337264EA024450262500512
B1529044514797N00337286EA024450262500512
B1529054514783N00337309EA024460262500512
B1529064514768N00337332EA024460262400512
B1529074514754N00337355EA024450262400512
B1529084514739N00337379EA024450262200512
B1529094514725N00337403EA024440262300512
B1529104514711N00337427EA024440262300512
B1529114514698N00337452EA024450262400512
B1529124514685N00337476EA024470262600512
B1529134514672N00337500EA024500263000512
B1529144514660N00337524EA024540263400512
B1529154514649N00337547EA024580263800512
B1529164514637N00337570EA024610264100512
B1529174514626N00337593EA024630264300512
B1529184514616N00337615EA024640264400512
B1529194514605N00337637EA024650264500512
B1529204514594N00337658EA024660264500512
B1529214514583N00337679EA024650264500512
B1529224514571N00337700EA024650264400512
B1529234514560N00337721EA024640264300512
B1529244514548N00337742EA024630264300512
B1529254514536N00337762EA024630264200512
B1529264514523N00337783EA024620264200512
B1529274514510N00337803EA024620264200512
B1529284514497N00337823EA024620264200512
B1529294514484N00337843EA024620264100512
B1529304514471N00337864EA024610264100512
LXNA::AVGSATSNR:38
B1529314514457N00337884EA024600264000512
B1529324514444N00337905EA024590264000512
B1529334514431N00337926EA024580263800512
B1529344514418N00337947EA024570263700512
B1529354514404N00337969EA024550263500512
B1529364514391N00337991EA024540263500512
B1529374514377N00338012EA024550263500512
B1529384514363N00338034EA024560263600512
B1529394514349N00338055EA024570263600512
B1529404514335N00338077EA024570263800512
B1529414514321N00338099EA024570263800512
B1529424514306N00338119EA024580263800512
B1529434514291N00338139EA024580263800512
B1529444514276N00338158EA024600263900512
B1529454514260N00338175EA024600264000512
B1529464514244N00338193EA024610264200512
B1529474514228N00338209EA024620264300512
B1529484514212N00338226EA024620264300512
B1529494514196N00338241EA024620264200512
B1529504514180N00338257EA024600264000512
B1529514514164N00338272EA024580263900512
B1529524514148N00338287EA024570263700512
B1529534514132N00338303EA024550263500512
B1529544514117N00338319EA024520263100512
B1529554514101N00338334EA024490262900512
B1529564514085N00338350EA024470262700512
B1529574514069N00338366EA024450262500512
B1529584514053N00338383EA024440262400512
B1529594514038N00338399EA024410262100512
B1530004514022N00338416EA024390261800512
B1530014514006N00338434EA024360261400512
B1530024513991N00338452EA024310261000512
B1530034513975N00338471EA024260260600512
B1530044513959N00338491EA024230260200512
B1530054513944N00338511EA024200259800512
B1530064513928N00338532EA024160259600512
B1530074513912N00338554EA024130259300512
B1530084513896N00338577EA024110259100512
B1530094513881N00338600EA024090258900512
B1530104513866N00338623EA024060258600512
B1530114513851N00338646EA024040258300512
B1530124513836N00338670EA024010258200512
B1530134513821N00338694EA024000258000512
B1530144513806N00338718EA023990258000512
B1530154513791N00338743EA023990257900512
B1530164513776N00338768EA023970257700512
B1530174513761N00338792EA023960257600512
B1530184513747N00338818EA023950257400512
B1530194513732N00338843EA023930257300512
B1530204513718N00338868EA023920257100512
B1530214513704N00338894EA023900257000512
B1530224513690N00338920EA023890256900512
B1530234513676N00338945EA023880256700512
B1530244513662N00338971EA023870256600512
B1530254513648N00338998EA023850256400512
B1530264513634N00339024EA023820256100512
B1530274513620N00339051EA023800255800512
B1530284513607N00339079EA023760255500512
B1530294513593N00339106EA023720255100512
B1530304513579N00339133EA023680254700512
B1530314513565N00339160EA023650254300512
B1530324513551N00339188EA023630254100512
B1530334513538N00339215EA023600253900512
B1530344513524N00339242EA023580253700512
B1530354513510N00339269EA023590253700512
B1530364513496N00339297EA023580253700512
LXNA::AVGSATSNR:39
B1530374513483N00339324EA023590253700512
B1530384513469N00339350EA023600253900512
B1530394513456N00339377EA023610254000512
B1530404513443N00339403EA023630254100512
B1530414513430N00339429EA023640254200512
B1530424513418N00339455EA023650254300512
B1530434513405N00339480EA023650254200512
B1530444513393N00339506EA023620254100512
B1530454513381N00339532EA023610253800512
B1530464513370N00339559EA023590253500512
B1530474513358N00339585EA023570253400512
B1530484513345N00339612EA023550253300512
B1530494513333N00339639EA023560253300512
B1530504513321N00339665EA023560253400512
B1530514513310N00339692EA023560253300512
B1530524513298N00339718EA023550253200512
B1530534513286N00339745EA023550253200512
B1530544513275N00339771EA023570253400512
B1530554513263N00339797EA023600253800512
B1530564513251N00339823EA023620254000512
B1530574513240N00339848EA023640254200512
B1530584513228N00339873EA023660254500512
B1530594513216N00339899EA023690254800512
B1531004513205N00339923EA023720255100512
B1531014513193N00339947EA023740255200512
B1531024513181N00339970EA023750255300512
B1531034513168N00339991EA023760255500512
B1531044513154N00340012EA023790255700512
B1531054513141N00340032EA023810256000512
B1531064513127N00340051EA023830256300512
B1531074513113N00340070EA023860256400512
B1531084513099N00340088EA023870256600512
B1531094513085N00340106EA023890256800512
B1531104513071N00340124EA023910257000512
B1531114513056N00340141EA023930257300512
LXNA::BAT:charging,100%,4.253V,12mA
B1531124513042N00340159EA023960257500512
B1531134513028N00340177EA023990257800512
B1531144513014N00340195EA024010258000512
B1531154513000N00340214EA024030258200512
B1531164512986N00340232EA024050258400512
B1531174512972N00340251EA024070258700512
B1531184512958N00340270EA024090258900512
B1531194512943N00340289EA024100259000512
B1531204512929N00340307EA024130259200512
B1531214512912N00340323EA024140259500512
B1531224512894N00340334EA024160259700512
B1531234512875N00340339EA024190259800512
B1531244512855N00340340EA024190259900512
B1531254512835N00340335EA024190259800512
B1531264512816N00340326EA024180259800512
B1531274512799N00340311EA024180259800512
B1531284512784N00340291EA024180259700512
B1531294512773N00340268EA024170259600512
B1531304512764N00340241EA024160259500512
B1531314512760N00340213EA024160259500512
B1531324512758N00340184EA024170259600512
B1531334512761N00340157EA024190259700512
B1531344512767N00340130EA024200259800512
B1531354512776N00340107EA024220260200512
B1531364512788N00340088EA024270260600512
B1531374512802N00340072EA024320261100512
LXNA::AVGSATSNR:39
B1531384512816N00340062EA024370261300512
B1531394512832N00340056EA024380261500512
B1531404512849N00340055EA024380261600512
B1531414512865N00340061EA024390261600512
B1531424512880N00340071EA024390261500512
B1531434512894N00340084EA024380261500512
B1531444512907N00340101EA024390261600512
B1531454512918N00340121EA024400261800512
B1531464512927N00340142EA024440262100512
B1531474512933N00340165EA024480262500512
B1531484512937N00340189EA024500262700512
B1531494512937N00340215EA024530263000512
B1531504512935N00340241EA024540263100512
B1531514512929N00340267EA024540263200512
K153151239004
B1531524512921N00340292EA024550263300512
B1531534512910N00340315EA024550263400512
B1531544512898N00340337EA024560263400512
B1531554512882N00340355EA024570263600512
B1531564512864N00340368EA024600263800512
B1531574512845N00340377EA024610263900512
B1531584512825N00340381EA024610263900512
B1531594512804N00340381EA024610264000512
B1532004512784N00340376EA024620264000512
B1532014512765N00340368EA024610264000512
B1532024512747N00340355EA024610263900512
B1532034512731N00340337EA024590263700512
B1532044512718N00340315EA024590263800512
B1532054512709N00340291EA024610264000512
B1532064512703N00340265EA024630264300512
B1532074512699N00340239EA024670264700512
B1532084512699N00340213EA024700265000512
B1532094512699N00340188EA024710265100512
K153209029012
B1532104512703N00340163EA024720265200512
B1532114512710N00340141EA024730265300512
B1532124512719N00340122EA024730265300512
B1532134512731N00340106EA024730265200512
B1532144512745N00340094EA024710265100512
B1532154512761N00340087EA024690264900512
B1532164512778N00340083EA024690264900512
B1532174512795N00340082EA024690265000512
B1532184512812N00340085EA024700265100512
B1532194512828N00340092EA024710265100512
B1532204512843N00340103EA024720265200512
K153220024012
B1532214512858N00340116EA024730265200512
B1532224512871N00340132EA024740265400512
B1532234512883N00340151EA024760265600512
B1532244512893N00340171EA024780265800512
B1532254512900N00340194EA024810266000512
B1532264512906N00340218EA024850266400512
B1532274512910N00340243EA024880266800512
B1532284512912N00340269EA024920267300512
B1532294512914N00340294EA024940267600512
B1532304512914N00340320EA024960267700512
B1532314512911N00340346EA024960267600512
B1532324512905N00340371EA024960267600512
B1532334512895N00340394EA024950267500512
B1532344512881N00340413EA024940267400512
B1532354512864N00340428EA024930267300512
B1532364512844N00340438EA024930267300512
B1532374512824N00340441EA024940267500512
B1532384512804N00340440EA024950267600512
B1532394512785N00340433EA024950267500512
LXNA::AVGSATSNR:37
B1532404512766N00340421EA024930267100512
K153240015012
B1532414512750N00340404EA024900266800512
B1532424512737N00340383EA024870266600512
B1532434512727N00340358EA024870266700512
B1532444512721N00340332EA024890266900512
B1532454512719N00340306EA024900267000512
B1532464512721N00340280EA024920267100512
B1532474512726N00340255EA024920267200512
B1532484512735N00340233EA024920267300512
B1532494512746N00340214EA024920267300512
B1532504512760N00340198EA024920267300512
B1532514512776N00340187EA024930267300512
B1532524512794N00340181EA024910267200512
B1532534512812N00340178EA024910267200512
B1532544512830N00340180EA024930267400512
B1532554512847N00340186EA024960267600512
B1532564512864N00340196EA024980267900512
B1532574512880N00340210EA025010268300512
B1532584512894N00340225EA025060268800512
B1532594512908N00340241EA025100269200512
B1533004512920N00340260EA025150269600512
B1533014512929N00340281EA025170269900512
B1533024512937N00340304EA025190270000512
B1533034512941N00340329EA025210270100512
B1533044512940N00340355EA025210270100512
B1533054512936N00340382EA025210270300512
B1533064512928N00340407EA025220270400512
B1533074512916N00340429EA025220270500512
B1533084512901N00340448EA025220270400512
B1533094512884N00340462EA025210270200512
B1533104512864N00340471EA025200270200512
B1533114512843N00340474EA025200270300512
K153311010011
B1533124512823N00340471EA025210270400512
B1533134512804N00340463EA025210270400512
B1533144512787N00340449EA025200270300512
B1533154512773N00340430EA025190270000512
B1533164512762N00340407EA025180269900512
B1533174512755N00340382EA025180270000512
B1533184512749N00340356EA025210270300512
B1533194512746N00340331EA025220270500512
B1533204512745N00340306EA025240270700512
B1533214512746N00340281EA025260270900512
B1533224512749N00340258EA025290271100512
B1533234512756N00340236EA025300271300512
B1533244512765N00340217EA025310271300512
B1533254512777N00340202EA025310271200512
B1533264512792N00340190EA025310271100512
B1533274512808N00340182EA025310271200512
B1533284512824N00340179EA025320271400512
B1533294512841N00340179EA025340271500512
B1533304512858N00340183EA025350271600512
B1533314512874N00340193EA025360271800512
B1533324512889N00340206EA025380271900512
B1533334512902N00340223EA025390272100512
B1533344512914N00340242EA025410272200512
B1533354512925N00340263EA025420272300512
B1533364512932N00340286EA025430272400512
B1533374512937N00340312EA025450272600512
K153337004011
B1533384512939N00340338EA025450272700512
B1533394512939N00340366EA025450272700512
B1533404512936N00340394EA025440272600512
LXNA::AVGSATSNR:41
B1533414512930N00340421EA025440272600512
B1533424512921N00340447EA025430272500512
B1533434512909N00340472EA025420272500512
B1533444512895N00340495EA025420272500512
B1533454512879N00340517EA025420272400512
B1533464512862N00340536EA025420272400512
B1533474512843N00340553EA025410272500512
B1533484512823N00340567EA025410272500512
B1533494512802N00340577EA025430272700512
K153349357011
B1533504512781N00340582EA025450272900512
B1533514512760N00340582EA025460273100512
B1533524512740N00340577EA025470273100512
B1533534512721N00340567EA025480273100512
B1533544512704N00340552EA025470272900512
B1533554512690N00340533EA025450272700512
B1533564512677N00340511EA025440272800512
B1533574512667N00340488EA025450272700512
B1533584512659N00340463EA025430272600512
B1533594512654N00340437EA025410272400512
B1534004512651N00340411EA025400272200512
B1534014512653N00340385EA025390272000512
K153401350012
B1534024512658N00340360EA025380272000512
B1534034512666N00340337EA025390272100512
B1534044512677N00340317EA025400272200512
B1534054512691N00340301EA025410272300512
B1534064512706N00340289EA025410272300512
B1534074512723N00340283EA025420272400512
B1534084512740N00340281EA025420272400512
B1534094512758N00340285EA025430272500512
B1534104512775N00340293EA025430272500512
B1534114512791N00340307EA025430272500512
B1534124512805N00340324EA025440272600512
LXNA::BAT:charging,100%,4.253V,6000mA
B1534134512817N00340345EA025450272800512
B1534144512827N00340368EA025480273000512
B1534154512835N00340393EA025500273200512
B1534164512839N00340420EA025510273300512
B1534174512840N00340448EA025520273400512
B1534184512838N00340476EA025530273500512
B1534194512835N00340504EA025530273500512
B1534204512829N00340532EA025530273500512
B1534214512821N00340558EA025540273600512
B1534224512810N00340583EA025550273700512
B1534234512796N00340606EA025540273700512
B1534244512781N00340627EA025530273500512
B1534254512764N00340645EA025500273300512
B1534264512745N00340661EA025480273000512
B1534274512725N00340674EA025450272800512
K153427345013
B1534284512703N00340684EA025440272700512
B1534294512681N00340691EA025430272600512
B1534304512659N00340696EA025430272500512
B1534314512636N00340700EA025420272500512
B1534324512614N00340702EA025410272500512
B1534334512591N00340703EA025420272400512
B1534344512569N00340702EA025390272100512
B1534354512547N00340700EA025370271800512
B1534364512524N00340696EA025340271600512
B1534374512502N00340693EA025330271500512
B1534384512479N00340688EA025330271400512
B1534394512457N00340683EA025310271300512
B1534404512434N00340679EA025310271200512
B1534414512411N00340674EA025290271000512
LXNA::AVGSATSNR:39
B1534424512388N00340670EA025270270700512
B1534434512365N00340666EA025240270400512
B1534444512341N00340663EA025210270200512
B1534454512316N00340658EA025180269800512
B1534464512292N00340653EA025140269500512
B1534474512267N00340646EA025120269200512
B1534484512243N00340639EA025100269000512
B1534494512218N00340632EA025080268900512
B1534504512194N00340624EA025070268700512
B1534514512170N00340616EA025040268400512
B1534524512146N00340608EA025020268200512
B1534534512122N00340599EA024990267900512
B1534544512097N00340590EA024980267800512
B1534554512074N00340582EA024960267700512
B1534564512050N00340573EA024960267700512
B1534574512026N00340564EA024960267600512
B1534584512003N00340556EA024960267600512
B1534594511979N00340547EA024950267500512
B1535004511956N00340537EA024960267600512
B1535014511933N00340529EA024970267700512
B1535024511911N00340520EA024970267700512
B1535034511888N00340511EA024960267600512
B1535044511865N00340503EA024960267500512
B1535054511842N00340495EA024940267400512
B1535064511820N00340487EA024930267200512
B1535074511797N00340480EA024900267000512
B1535084511774N00340475EA024890266800512
B1535094511751N00340470EA024870266600512
B1535104511729N00340466EA024850266400512
B1535114511706N00340462EA024830266200512
B1535124511684N00340460EA024820266000512
B1535134511661N00340458EA024800265800512
B1535144511639N00340456EA024780265600512
B1535154511616N00340455EA024750265300512
B1535164511594N00340453EA024710265000512
B1535174511571N00340452EA024680264600512
B1535184511548N00340450EA024630264100512
B1535194511524N00340449EA024600263700512
B1535204511501N00340448EA024550263300512
B1535214511477N00340447EA024510263000512
B1535224511453N00340447EA024490262700512
B1535234511429N00340446EA024460262400512
B1535244511406N00340446EA024430262100512
B1535254511382N00340446EA024430262000512
B1535264511358N00340445EA024430262000512
B1535274511335N00340445EA024430262100512
B1535284511312N00340445EA024440262200512
B1535294511290N00340446EA024440262300512
B1535304511267N00340446EA024450262400512
B1535314511245N00340447EA024460262500512
B1535324511224N00340447EA024480262700512
B1535334511203N00340448EA024490262800512
B1535344511182N00340449EA024490262800512
B1535354511161N00340450EA024480262700512
B1535364511140N00340451EA024470262500512
B1535374511119N00340453EA024440262200512
B1535384511098N00340454EA024410261900512
B1535394511076N00340457EA024380261600512
B1535404511055N00340459EA024360261300512
B1535414511033N00340462EA024340261200512
B1535424511011N00340465EA024330261100512
LXNA::AVGSATSNR:38
B1535434510990N00340468EA024330261100512
B1535444510968N00340472EA024340261200512
B1535454510947N00340475EA024350261400512
B1535464510926N00340479EA024370261500512
B1535474510905N00340483EA024370261600512
B1535484510885N00340487EA024370261600512
B1535494510865N00340492EA024370261500512
B1535504510844N00340496EA024360261400512
B1535514510824N00340500EA024340261300512
B1535524510804N00340504EA024340261300512
B1535534510784N00340508EA024340261300512
B1535544510764N00340510EA024330261100512
B1535554510744N00340510EA024320261000512
B1535564510724N00340510EA024310260900512
B1535574510704N00340509EA024290260700512
B1535584510684N00340507EA024270260500512
B1535594510664N00340504EA024250260300512
B1536004510644N00340500EA024230260200512
B1536014510625N00340496EA024220260000512
B1536024510605N00340492EA024200259800512
B1536034510585N00340487EA024190259700512
B1536044510566N00340481EA024190259700512
B1536054510547N00340475EA024190259700512
B1536064510528N00340469EA024180259600512
B1536074510509N00340462EA024180259500512
B1536084510490N00340455EA024170259400512
B1536094510472N00340447EA024170259400512
B1536104510453N00340439EA024160259300512
B1536114510434N00340431EA024150259300512
B1536124510415N00340423EA024150259200512
B1536134510397N00340414EA024140259200512
B1536144510378N00340404EA024150259300512
B1536154510360N00340394EA024160259400512
B1536164510342N00340382EA024180259700512
B1536174510325N00340370EA024200259800512
B1536184510308N00340356EA024220260000512
B1536194510293N00340340EA024230260100512
B1536204510278N00340324EA024240260200512
B1536214510264N00340307EA024250260200512
B1536224510250N00340290EA024260260400512
B1536234510237N00340273EA024280260600512
B1536244510224N00340256EA024300260700512
B1536254510211N00340238EA024310260800512
B1536264510198N00340221EA024310260800512
B1536274510185N00340204EA024310260800512
B1536284510171N00340188EA024310260800512
B1536294510157N00340172EA024310260800512
B1536304510143N00340156EA024310260800512
B1536314510130N00340138EA024320260900512
B1536324510116N00340120EA024330261000512
B1536334510104N00340102EA024340261200512
B1536344510092N00340082EA024360261300512
B1536354510082N00340061EA024370261400512
B1536364510073N00340039EA024400261700512
B1536374510066N00340015EA024420261900512
B1536384510060N00339991EA024430261900512
B1536394510054N00339966EA024440262000512
B1536404510049N00339941EA024460262200512
B1536414510042N00339917EA024470262400512
B1536424510033N00339894EA024480262700512
B1536434510023N00339873EA024520263100512
LXNA::AVGSATSNR:39
B1536444510011N00339854EA024570263500512
B1536454509997N00339839EA024600263900512
B1536464509981N00339827EA024620264100512
B1536474509964N00339820EA024630264200512
B1536484509946N00339819EA024620264200512
B1536494509929N00339823EA024620264100512
B1536504509911N00339832EA024620264100612
B1536514509896N00339847EA024610264000512
B1536524509883N00339867EA024630264200512
B1536534509874N00339890EA024660264700512
B1536544509868N00339915EA024720265200512
B1536554509868N00339941EA024770265800512
B1536564509871N00339965EA024830266300512
B1536574509878N00339988EA024860266600512
B1536584509887N00340008EA024880266700512
B1536594509900N00340025EA024890266700512
B1537004509915N00340037EA024890266600512
B1537014509932N00340043EA024880266600512
B1537024509950N00340043EA024870266500512
B1537034509968N00340037EA024870266500512
B1537044509984N00340025EA024880266600512
B1537054509997N00340008EA024900267000512
B1537064510008N00339987EA024930267300512
B1537074510015N00339964EA024960267500512
B1537084510019N00339939EA024970267700512
B1537094510019N00339914EA024970267700512
B1537104510017N00339888EA024970267600512
B1537114510011N00339863EA024980267700512
B1537124510004N00339838EA024980267700512
B1537134509994N00339815EA025000267900512
LXNA::BAT:charging,100%,4.254V,0mA
B1537144509982N00339793EA025040268300512
B1537154509969N00339775EA025070268800512
B1537164509955N00339759EA025120269300512
B1537174509940N00339745EA025170269700512
B1537184509925N00339733EA025190270100512
B1537194509909N00339722EA025230270400512
B1537204509893N00339714EA025250270700512
B1537214509877N00339708EA025280271000512
B1537224509860N00339707EA025300271300512
B1537234509844N00339710EA025330271500512
B1537244509828N00339719EA025340271700512
B1537254509814N00339731EA025360271800512
B1537264509802N00339747EA025360271800512
B1537274509792N00339767EA025360271800512
B1537284509785N00339790EA025360271700512
K153728345013
B1537294509782N00339814EA025360271800512
B1537304509783N00339839EA025370271900512
K153730225002
B1537314509787N00339863EA025380272100512
F1537312009051406072130
B1537324509796N00339884EA025410272300512
B1537334509807N00339902EA025450272700512
B1537344509821N00339916EA025480273100512
B1537354509837N00339924EA025510273500512
B1537364509853N00339928EA025550273800512
B1537374509870N00339928EA025560273900512
B1537384509887N00339922EA025570274000512
K153738208001
B1537394509903N00339911EA025590274200512
B1537404509917N00339895EA025600274400512
B1537414509929N00339875EA025620274600512
B1537424509937N00339852EA025640274800512
B1537434509943N00339827EA025660275000512
B1537444509944N00339801EA025670275200512
LXNA::AVGSATSNR:41
B1537454509943N00339775EA025700275400512
B1537464509937N00339750EA025720275600512
B1537474509928N00339727EA025730275800512
K153747142002
B1537484509917N00339706EA025760276000512
B1537494509902N00339689EA025780276100512
B1537504509886N00339675EA025790276300512
B1537514509868N00339666EA025800276400512
B1537524509850N00339661EA025810276500512
K153752148002
B1537534509831N00339661EA025820276600512
B1537544509812N00339665EA025830276700512
B1537554509794N00339673EA025840276900512
B1537564509778N00339686EA025870277200512
B1537574509763N00339702EA025900277400512
B1537584509751N00339722EA025920277600512
B1537594509741N00339744EA025930277800512
B1538004509734N00339768EA025950278000512
K153800116002
B1538014509730N00339792EA025970278200512
B1538024509730N00339817EA025990278400512
B1538034509733N00339841EA026020278500512
B1538044509739N00339864EA026020278600512
B1538054509747N00339884EA026030278600512
B1538064509759N00339902EA026020278400512
B1538074509773N00339916EA026010278300512
B1538084509789N00339927EA026010278300512
B1538094509806N00339933EA026010278400512
B1538104509823N00339937EA026020278600512
K153810072002
B1538114509841N00339936EA026040278800512
B1538124509859N00339931EA026080279200512
B1538134509876N00339923EA026130279600512
B1538144509891N00339911EA026150280000512
B1538154509905N00339895EA026170280200512
B1538164509917N00339877EA026180280300512
B1538174509927N00339856EA026190280300512
B1538184509933N00339832EA026200280500512
B1538194509937N00339807EA026210280700512
B1538204509936N00339782EA026240280900512
K153820053002
B1538214509933N00339757EA026260281200512
B1538224509925N00339734EA026290281500512
B1538234509914N00339714EA026320281900512
B1538244509900N00339696EA026350282200512
B1538254509885N00339683EA026380282400512
B1538264509868N00339674EA026400282700512
B1538274509851N00339669EA026430283000512
B1538284509833N00339668EA026450283300512
K153828045003
B1538294509815N00339672EA026470283400512
B1538304509798N00339681EA026480283500512
B1538314509782N00339694EA026480283600512
B1538324509769N00339711EA026490283700512
B1538334509758N00339732EA026500283700512
B1538344509750N00339755EA026500283600512
B1538354509745N00339780EA026480283400512
B1538364509743N00339807EA026470283300512
B1538374509745N00339835EA026460283200512
B1538384509751N00339861EA026470283100512
B1538394509760N00339887EA026460283100512
B1538404509771N00339910EA026450283000512
B1538414509785N00339931EA026440282900512
B1538424509802N00339948EA026420282600512
B1538434509821N00339960EA026390282400512
B1538444509842N00339967EA026390282300512
B1538454509864N00339968EA026380282400512
LXNA::AVGSATSNR:40
B1538464509886N00339964EA026410282700512
B1538474509907N00339954EA026430283100512
B1538484509926N00339940EA026480283600512
B1538494509944N00339923EA026530284100512
B1538504509959N00339902EA026570284600512
B1538514509971N00339879EA026610284900512
B1538524509981N00339854EA026630285200512
B1538534509988N00339828EA026640285300512
B1538544509994N00339800EA026640285200512
B1538554509999N00339772EA026630285100512
B1538564510006N00339743EA026640285300512
B1538574510014N00339715EA026650285500512
K153857146003
B1538584510025N00339688EA026670285800512
B1538594510037N00339663EA026680285900512
B1539004510051N00339640EA026700286000512
B1539014510068N00339621EA026730286300512
B1539024510087N00339605EA026750286600512
B1539034510107N00339593EA026770286800512
B1539044510128N00339584EA026780286800512
B1539054510149N00339578EA026790286800512
B1539064510171N00339574EA026790287000512
B1539074510192N00339570EA026800287000512
B1539084510214N00339568EA026820287200512
B1539094510235N00339566EA026840287500512
B1539104510257N00339565EA026860287600512
B1539114510278N00339564EA026850287600512
B1539124510299N00339564EA026860287700512
B1539134510321N00339564EA026860287600512
B1539144510342N00339565EA026860287700512
B1539154510363N00339566EA026880287800512
B1539164510385N00339567EA026890287900512
B1539174510406N00339569EA026900288000512
B1539184510428N00339572EA026910288200512
B1539194510449N00339574EA026930288400512
B1539204510471N00339577EA026930288400512
B1539214510492N00339580EA026940288500512
B1539224510514N00339582EA026950288700512
B1539234510535N00339583EA026970288900512
B1539244510557N00339583EA026980289000512
B1539254510578N00339581EA027000289200512
B1539264510598N00339579EA027020289400512
B1539274510619N00339576EA027040289500512
B1539284510639N00339571EA027040289600512
B1539294510660N00339567EA027050289700512
B1539304510680N00339563EA027060289800512
B1539314510700N00339559EA027050289800512
B1539324510720N00339556EA027050289800512
B1539334510739N00339554EA027040289600512
B1539344510759N00339552EA027020289300512
B1539354510779N00339551EA026980289000512
B1539364510799N00339551EA026960288600512
B1539374510819N00339552EA026930288300512
B1539384510839N00339554EA026900288000512
B1539394510860N00339556EA026890287900512
B1539404510880N00339557EA026880287900512
B1539414510900N00339559EA026890288100512
B1539424510919N00339561EA026910288300512
B1539434510939N00339562EA026920288400512
B1539444510958N00339564EA026930288500512
B1539454510977N00339565EA026940288400512
B1539464510996N00339565EA026920288300512
LXNA::AVGSATSNR:39
B1539474511016N00339565EA026910288200512
B1539484511035N00339564EA026880287900512
B1539494511055N00339563EA026850287400512
B1539504511075N00339562EA026820287000512
B1539514511096N00339560EA026780286800512
B1539524511117N00339558EA026770286700512
B1539534511139N00339557EA026750286600512
B1539544511160N00339555EA026740286500512
B1539554511182N00339555EA026730286400512
B1539564511203N00339555EA026730286400512
B1539574511225N00339555EA026730286400512
B1539584511246N00339555EA026740286500512
B1539594511267N00339555EA026750286500512
B1540004511288N00339555EA026760286700512
B1540014511308N00339555EA026770286800512
B1540024511328N00339555EA026790286900512
B1540034511348N00339555EA026800287000512
B1540044511368N00339555EA026800287100512
B1540054511387N00339556EA026810287100512
B1540064511406N00339557EA026810287100512
B1540074511426N00339557EA026800287100512
B1540084511445N00339556EA026800287100512
B1540094511464N00339556EA026790287000512
B1540104511483N00339556EA026790286900512
B1540114511502N00339555EA026780286800512
B1540124511521N00339554EA026780286700512
B1540134511540N00339554EA026760286600512
B1540144511559N00339553EA026760286500512
LXNA::BAT:charging,100%,4.254V,6000mA
B1540154511578N00339552EA026740286400512
B1540164511597N00339549EA026730286300512
B1540174511616N00339547EA026720286200512
B1540184511635N00339544EA026700286000512
B1540194511654N00339541EA026680285800512
B1540204511674N00339538EA026660285600512
B1540214511693N00339533EA026640285400512
B1540224511712N00339527EA026630285300512
B1540234511731N00339521EA026620285100512
B1540244511751N00339515EA026620285200512
B1540254511769N00339508EA026630285300512
B1540264511788N00339501EA026640285500512
B1540274511805N00339493EA026660285700512
B1540284511822N00339484EA026670285800512
B1540294511839N00339475EA026670285800512
B1540304511855N00339466EA026680285800512
B1540314511872N00339457EA026680285800512
B1540324511888N00339448EA026670285700512
F154032200905140611072130
B1540334511905N00339439EA026650285400512
B1540344511922N00339430EA026620285200512
B1540354511939N00339420EA026590284900512
B1540364511957N00339411EA026560284500512
B1540374511975N00339402EA026540284300512
B1540384511993N00339392EA026530284300512
B1540394512011N00339382EA026540284400512
B1540404512028N00339373EA026560284500512
B1540414512045N00339365EA026580284800512
B1540424512062N00339357EA026600285000512
B1540434512079N00339349EA026610285100512
B1540444512095N00339342EA026620285200512
B1540454512111N00339334EA026620285200512
B1540464512127N00339326EA026620285100512
B1540474512143N00339318EA026610284900512
LXNA::AVGSATSNR:38
B1540484512159N00339310EA026590284700512
B1540494512174N00339302EA026580284700512
B1540504512190N00339294EA026570284600512
B1540514512206N00339286EA026560284400512
B1540524512222N00339277EA026550284300512
B1540534512238N00339269EA026540284200512
B1540544512253N00339261EA026540284100512
B1540554512269N00339253EA026540284200512
B1540564512285N00339244EA026550284500512
B1540574512300N00339235EA026580284900512
B1540584512314N00339225EA026640285400512
B1540594512328N00339216EA026690285800512
B1541004512341N00339207EA026720286200512
B1541014512354N00339197EA026750286500512
B1541024512366N00339187EA026780286700512
B1541034512379N00339176EA026800287000512
B1541044512391N00339166EA026820287200512
B1541054512403N00339156EA026820287200512
B1541064512416N00339146EA026820287100512
B1541074512430N00339139EA026810287000512
B1541084512445N00339136EA026800286900512
B1541094512461N00339140EA026790286900512
B1541104512476N00339149EA026780286700512
B1541114512490N00339164EA026780286400512
B1541124512501N00339185EA026750286300512
B1541134512508N00339210EA026740286200512
B1541144512511N00339239EA026720285900512
B1541154512508N00339267EA026700285800512
B1541164512500N00339295EA026700285800512
B1541174512488N00339318EA026740286100512
B1541184512473N00339337EA026760286400512
B1541194512456N00339351EA026780286600512
B1541204512438N00339359EA026790286900512
B1541214512420N00339364EA026800287000512
B1541224512401N00339364EA026810287100512
B1541234512384N00339359EA026820287100512
B1541244512367N00339349EA026820287100512
B1541254512352N00339336EA026810286900512
B1541264512338N00339320EA026790286900512
B1541274512326N00339303EA026800286900512
B1541284512316N00339284EA026820287000512
B1541294512307N00339264EA026830287200512
B1541304512300N00339244EA026840287300512
B1541314512294N00339222EA026850287400512
B1541324512289N00339200EA026860287500512
B1541334512285N00339178EA026850287500512
B1541344512283N00339156EA026850287400512
B1541354512283N00339134EA026840287200512
B1541364512284N00339112EA026820287000512
B1541374512287N00339090EA026820286900512
B1541384512292N00339069EA026800286800512
B1541394512297N00339048EA026790286800512
B1541404512304N00339028EA026780286700512
B1541414512312N00339010EA026770286500512
B1541424512322N00338992EA026740286200512
B1541434512333N00338976EA026710285700512
B1541444512346N00338961EA026650285100512
B1541454512361N00338947EA026610284700512
B1541464512376N00338933EA026590284600512
B1541474512393N00338920EA026580284500512
B1541484512409N00338908EA026570284400512
LXNA::AVGSATSNR:39
B1541494512426N00338897EA026560284300512
B1541504512444N00338886EA026530284100512
B1541514512461N00338876EA026510283700512
B1541524512479N00338865EA026470283500512
B1541534512496N00338854EA026450283300512
B1541544512514N00338844EA026430283100512
B1541554512532N00338834EA026420283100512
B1541564512550N00338825EA026420283000512
B1541574512568N00338816EA026410282900512
B1541584512586N00338806EA026380282600512
K154158146003
B1541594512603N00338795EA026360282400512
B1542004512621N00338784EA026340282200512
B1542014512640N00338772EA026320282000512
B1542024512658N00338760EA026310281900512
B1542034512676N00338748EA026310281800512
B1542044512695N00338737EA026300281700512
B1542054512713N00338725EA026300281700512
B1542064512732N00338714EA026290281600512
B1542074512750N00338702EA026270281400512
B1542084512769N00338690EA026250281200512
B1542094512788N00338680EA026230281000512
B1542104512808N00338670EA026220280900512
B1542114512827N00338660EA026210280800512
B1542124512846N00338650EA026210280800512
B1542134512865N00338639EA026210280900512
B1542144512884N00338629EA026220280800512
B1542154512902N00338619EA026200280700512
B1542164512921N00338609EA026170280400512
B1542174512939N00338598EA026140279900512
B1542184512958N00338588EA026110279600512
B1542194512977N00338576EA026090279400512
B1542204512995N00338565EA026070279200512
B1542214513014N00338553EA026050279000512
B1542224513032N00338541EA026030278900512
B1542234513051N00338528EA026010278700512
B1542244513069N00338516EA026010278600512
B1542254513088N00338503EA026010278500512
B1542264513107N00338491EA025990278400512
B1542274513125N00338478EA025980278300512
B1542284513143N00338464EA025980278200512
B1542294513161N00338450EA025970278200512
B1542304513179N00338436EA025960278100512
B1542314513197N00338423EA025950278000512
B1542324513215N00338409EA025940277800512
B1542334513232N00338396EA025930277700512
B1542344513250N00338382EA025910277600512
B1542354513267N00338369EA025900277500512
B1542364513284N00338357EA025900277500512
B1542374513301N00338344EA025900277500512
B1542384513318N00338332EA025890277400512
B1542394513335N00338320EA025890277400512
B1542404513352N00338307EA025880277300512
B1542414513368N00338295EA025880277300512
B1542424513384N00338282EA025880277300512
B1542434513400N00338271EA025880277300512
B1542444513416N00338259EA025880277300512
B1542454513432N00338248EA025880277200512
B1542464513449N00338237EA025880277200512
B1542474513465N00338226EA025880277200512
B1542484513481N00338215EA025870277200512
B1542494513497N00338204EA025880277300512
B1542504513513N00338193EA025880277400512
LXNA::AVGSATSNR:39
B1542514513529N00338182EA025880277400512
B1542524513545N00338170EA025880277300512
B1542534513561N00338159EA025870277300512
B1542544513577N00338147EA025860277200512
B1542554513594N00338136EA025850277000512
B1542564513610N00338126EA025830276900512
B1542574513627N00338116EA025820276800512
B1542584513644N00338107EA025820276700512
B1542594513661N00338098EA025810276700512
B1543004513678N00338090EA025810276700512
B1543014513695N00338081EA025800276600512
B1543024513712N00338073EA025800276500512
B1543034513729N00338066EA025790276400512
B1543044513746N00338058EA025770276200512
B1543054513763N00338050EA025750276000512
B1543064513781N00338043EA025740275900512
B1543074513799N00338034EA025710275600512
B1543084513816N00338026EA025690275400512
B1543094513834N00338016EA025680275200512
B1543104513852N00338006EA025670275200512
B1543114513869N00337997EA025670275200512
B1543124513886N00337986EA025680275300512
B1543134513903N00337976EA025700275600512
B1543144513919N00337966EA025750276100512
B1543154513935N00337956EA025790276600512
LXNA::BAT:charging,100%,4.254V,0mA
B1543164513950N00337947EA025840277000512
B1543174513964N00337938EA025860277200512
B1543184513978N00337928EA025880277400512
B1543194513991N00337919EA025890277500512
B1543204514004N00337909EA025900277500512
B1543214514016N00337898EA025890277400512
B1543224514029N00337887EA025870277100512
B1543234514041N00337875EA025840276800512
B1543244514055N00337864EA025800276300512
B1543254514069N00337853EA025750275800512
B1543264514083N00337842EA025700275300512
B1543274514098N00337831EA025650275000512
B1543284514114N00337819EA025630274700512
B1543294514130N00337808EA025610274600512
B1543304514146N00337798EA025600274500512
B1543314514162N00337787EA025600274400512
B1543324514179N00337778EA025600274500512
B1543334514195N00337768EA025610274600512
B1543344514212N00337759EA025620274700512
B1543354514228N00337751EA025630274700512
B1543364514244N00337742EA025630274800512
B1543374514259N00337733EA025640274900512
B1543384514275N00337725EA025670275100512
B1543394514291N00337718EA025690275300512
B1543404514307N00337711EA025700275400512
B1543414514322N00337704EA025710275400512
B1543424514337N00337697EA025700275400512
B1543434514353N00337690EA025700275300512
B1543444514368N00337682EA025680275200512
B1543454514383N00337675EA025660275000512
B1543464514399N00337668EA025630274700512
B1543474514415N00337660EA025610274400512
B1543484514431N00337653EA025600274200512
B1543494514447N00337645EA025570274000512
B1543504514463N00337636EA025550273800512
B1543514514480N00337627EA025530273600512
LXNA::AVGSATSNR:38
B1543524514496N00337618EA025500273400512
B1543534514513N00337609EA025480273100512
B1543544514530N00337600EA025470273000512
B1543554514546N00337590EA025440272800512
B1543564514563N00337580EA025420272500512
B1543574514580N00337570EA025390272200512
B1543584514597N00337560EA025350271700512
B1543594514615N00337551EA025320271300512
B1544004514633N00337542EA025300271000512
B1544014514652N00337533EA025270270800512
B1544024514671N00337526EA025240270600512
B1544034514690N00337518EA025220270500512
B1544044514709N00337510EA025210270400512
B1544054514729N00337503EA025210270300512
B1544064514748N00337496EA025220270400512
B1544074514767N00337489EA025230270500512
B1544084514786N00337483EA025250270700512
B1544094514805N00337476EA025270271000512
B1544104514822N00337469EA025320271500512
B1544114514839N00337462EA025370272000512
B1544124514856N00337456EA025410272500512
B1544134514871N00337449EA025460272900512
B1544144514886N00337442EA025480273200512
B1544154514901N00337435EA025500273300512
B1544164514916N00337427EA025500273300512
B1544174514930N00337419EA025500273200512
B1544184514945N00337411EA025480273000512
B1544194514960N00337403EA025460272800512
B1544204514975N00337395EA025450272700512
B1544214514990N00337386EA025450272700512
B1544224515004N00337375EA025450272700512
B1544234515017N00337363EA025450272700512
B1544244515030N00337350EA025430272500512
B1544254515042N00337335EA025410272100512
B1544264515055N00337319EA025350271700512
B1544274515067N00337302EA025300271000512
B1544284515080N00337284EA025240270300512
B1544294515093N00337264EA025180269800512
B1544304515107N00337244EA025160269500512
B1544314515121N00337224EA025140269300512
B1544324515134N00337203EA025130269300512
B1544334515147N00337182EA025130269300512
B1544344515160N00337161EA025130269400512
B1544354515173N00337140EA025140269400512
B1544364515186N00337119EA025140269400512
B1544374515199N00337099EA025140269300512
B1544384515212N00337078EA025110269000512
B1544394515225N00337057EA025080268700512
B1544404515238N00337036EA025060268500512
B1544414515251N00337014EA025060268300512
B1544424515265N00336993EA025030268200512
B1544434515279N00336972EA025030268200512
B1544444515292N00336950EA025020268100512
B1544454515306N00336928EA025010268000512
B1544464515319N00336907EA025010267900512
B1544474515333N00336885EA025000267900512
B1544484515346N00336863EA024990267700512
B1544494515359N00336841EA024960267400512
B1544504515373N00336819EA024930267100512
B1544514515386N00336797EA024910266800512
B1544524515399N00336774EA024890266600512
LXNA::AVGSATSNR:39
B1544534515413N00336752EA024880266500512
B1544544515426N00336729EA024870266600512
B1544554515439N00336707EA024880266600512
B1544564515452N00336685EA024890266800512
B1544574515465N00336664EA024900266900512
B1544584515478N00336643EA024910266900512
B1544594515491N00336622EA024910266900512
K154459146003
B1545004515504N00336600EA024900266900512
B1545014515517N00336580EA024880266700512
B1545024515530N00336558EA024880266500512
B1545034515543N00336537EA024840266300512
B1545044515556N00336515EA024820266000512
B1545054515568N00336493EA024790265800512
B1545064515581N00336471EA024790265800512
B1545074515594N00336448EA024810266000512
B1545084515607N00336426EA024830266400512
B1545094515619N00336405EA024870266800512
B1545104515631N00336384EA024890267000512
B1545114515643N00336363EA024900267000512
B1545124515654N00336342EA024900267000512
B1545134515666N00336322EA024900267000512
B1545144515677N00336303EA024890266900512
B1545154515689N00336284EA024890266800512
B1545164515700N00336265EA024870266700512
B1545174515712N00336246EA024860266500512
B1545184515725N00336228EA024840266300512
B1545194515738N00336211EA024810265900512
B1545204515752N00336194EA024770265500512
B1545214515767N00336177EA024740265100512
B1545224515782N00336159EA024700264700512
B1545234515797N00336141EA024660264400512
B1545244515814N00336123EA024630264100512
B1545254515830N00336106EA024600263800512
B1545264515848N00336089EA024580263700512
B1545274515866N00336072EA024570263500512
B1545284515884N00336056EA024560263500512
B1545294515903N00336040EA024550263400512
B1545304515921N00336025EA024530263200512
B1545314515940N00336010EA024520263100512
B1545324515959N00335995EA024510263000512
B1545334515979N00335982EA024510263100512
B1545344515998N00335969EA024520263100512
B1545354516018N00335956EA024520263100512
B1545364516038N00335944EA024520263100512
B1545374516058N00335933EA024520263100512
B1545384516078N00335922EA024500262800512
B1545394516098N00335911EA024480262700512
B1545404516119N00335901EA024460262600512
B1545414516139N00335890EA024450262400512
B1545424516159N00335880EA024440262300512
B1545434516180N00335870EA024420262100512
B1545444516200N00335860EA024400261900512
B1545454516221N00335850EA024380261700512
B1545464516241N00335839EA024360261400512
B1545474516262N00335829EA024340261200512
B1545484516283N00335819EA024310261000512
B1545494516303N00335808EA024300260800512
B1545504516324N00335797EA024290260700512
B1545514516344N00335787EA024280260600512
B1545524516365N00335776EA024280260600512
B1545534516385N00335766EA024290260800512
LXNA::AVGSATSNR:38
B1545544516405N00335756EA024320261100512
B1545554516424N00335746EA024340261300512
B1545564516442N00335736EA024360261400512
B1545574516461N00335727EA024370261600512
B1545584516480N00335718EA024380261600512
B1545594516498N00335709EA024380261600512
B1546004516517N00335701EA024390261700512
B1546014516535N00335692EA024400261800512
B1546024516553N00335684EA024390261800512
B1546034516571N00335677EA024400261800512
B1546044516589N00335669EA024390261700512
B1546054516608N00335662EA024380261600512
B1546064516626N00335654EA024360261400512
B1546074516644N00335647EA024330261200512
B1546084516662N00335639EA024310260800512
B1546094516681N00335632EA024270260400512
B1546104516699N00335624EA024250260200512
B1546114516718N00335616EA024220259900512
B1546124516736N00335609EA024200259700512
B1546134516755N00335601EA024170259400512
B1546144516773N00335592EA024140259200512
B1546154516792N00335584EA024120258900512
B1546164516810N00335576EA024110258800512
LXNA::BAT:charging,100%,4.254V,6000mA
B1546174516828N00335567EA024100258700512
B1546184516846N00335559EA024080258500512
B1546194516864N00335550EA024060258300512
B1546204516882N00335541EA024050258200512
B1546214516900N00335532EA024050258300512
B1546224516918N00335523EA024050258200512
B1546234516935N00335514EA024020257900512
B1546244516953N00335505EA023990257600512
B1546254516971N00335496EA023950257200512
B1546264516989N00335488EA023910256800512
B1546274517007N00335480EA023870256400512
B1546284517025N00335471EA023850256100512
B1546294517044N00335463EA023820255900512
B1546304517062N00335456EA023800255600512
B1546314517080N00335448EA023770255400512
B1546324517099N00335441EA023740255100512
B1546334517118N00335434EA023720254800512
B1546344517136N00335427EA023700254700512
B1546354517155N00335420EA023700254700512
B1546364517174N00335412EA023710254800512
B1546374517192N00335405EA023730255000512
B1546384517211N00335398EA023760255300512
B1546394517228N00335391EA023800255800512
B1546404517244N00335383EA023840256200512
B1546414517260N00335375EA023880256600512
B1546424517276N00335368EA023910256900512
B1546434517291N00335360EA023940257100512
B1546444517305N00335351EA023960257300512
B1546454517320N00335344EA023980257500512
B1546464517335N00335337EA023980257600512
B1546474517350N00335332EA023980257500512
B1546484517366N00335331EA023970257300512
B1546494517381N00335336EA023960257200512
B1546504517396N00335345EA023950257100512
B1546514517410N00335359EA023940257000512
B1546524517421N00335378EA023940257000512
B1546534517428N00335400EA023950257000512
B1546544517431N00335424EA023950257000512
LXNA::AVGSATSNR:37
B1546554517429N00335449EA023940256900512
B1546564517424N00335474EA023940257000512
B1546574517416N00335497EA023950257200512
B1546584517405N00335517EA023990257600512
B1546594517392N00335534EA024030257900512
B1547004517378N00335546EA024050258200512
B1547014517363N00335555EA024070258400512
B1547024517348N00335561EA024080258500512
B1547034517333N00335563EA024080258400512
B1547044517318N00335561EA024070258200512
B1547054517303N00335554EA024060258100512
B1547064517290N00335544EA024060258200512
B1547074517277N00335531EA024080258400512
B1547084517266N00335518EA024090258600512
B1547094517255N00335504EA024100258700512
B1547104517247N00335488EA024100258600512
B1547114517240N00335469EA024090258400512
B1547124517235N00335449EA024070258200512
B1547134517232N00335427EA024040257900512
B1547144517232N00335405EA024020257900512
B1547154517233N00335382EA024020257800512
B1547164517236N00335360EA024000257600512
B1547174517240N00335338EA023980257400512
B1547184517246N00335315EA023960257200512
B1547194517253N00335294EA023940257000512
B1547204517261N00335272EA023910256600512
B1547214517270N00335251EA023870256100512
B1547224517282N00335231EA023810255500512
B1547234517295N00335212EA023750254800512
B1547244517311N00335195EA023680254100512
B1547254517329N00335179EA023610253300512
B1547264517347N00335164EA023540252700512
B1547274517367N00335150EA023480252200512
B1547284517387N00335136EA023440251700512
B1547294517408N00335123EA023400251300512
B1547304517430N00335112EA023370251100512
B1547314517452N00335101EA023360251000512
B1547324517473N00335091EA023370251200512
B1547334517495N00335082EA023400251600512
B1547344517516N00335074EA023460252200512
B1547354517537N00335066EA023530253000512
B1547364517556N00335058EA023600253700512
B1547374517575N00335050EA023660254400512
B1547384517592N00335040EA023710254900512
B1547394517609N00335031EA023760255300512
B1547404517625N00335020EA023790255500512
B1547414517641N00335009EA023790255500512
B1547424517657N00334998EA023780255300512
B1547434517673N00334988EA023760255100512
B1547444517689N00334978EA023750254900512
B1547454517706N00334969EA023720254700512
B1547464517723N00334961EA023700254500512
B1547474517741N00334954EA023680254300512
B1547484517759N00334947EA023670254200512
B1547494517776N00334940EA023650254100512
B1547504517794N00334933EA023640253900512
B1547514517812N00334927EA023600253500512
B1547524517831N00334920EA023570253100512
B1547534517850N00334913EA023530252700512
B1547544517869N00334906EA023490252400512
B1547554517889N00334899EA023470252100512
LXNA::AVGSATSNR:39
B1547564517909N00334892EA023440251800512
B1547574517929N00334886EA023410251500512
B1547584517949N00334879EA023380251200512
B1547594517970N00334872EA023360251100512
B1548004517990N00334865EA023360251000512
K154800146003
B1548014518010N00334858EA023350251000512
B1548024518031N00334851EA023350251000512
B1548034518051N00334843EA023350251000512
B1548044518071N00334835EA023350250900512
B1548054518091N00334828EA023340250800512
B1548064518112N00334821EA023330250700512
B1548074518132N00334815EA023310250600512
B1548084518153N00334809EA023300250500512
B1548094518174N00334803EA023290250400512
B1548104518194N00334798EA023280250300512
B1548114518215N00334794EA023280250200512
B1548124518236N00334790EA023270250200512
B1548134518257N00334785EA023260250100512
B1548144518278N00334781EA023260250100512
B1548154518300N00334778EA023260250100512
B1548164518321N00334774EA023250250100512
B1548174518342N00334770EA023250250000512
B1548184518363N00334766EA023240249900512
B1548194518384N00334763EA023230249900512
B1548204518405N00334759EA023230249700512
B1548214518426N00334756EA023210249600512
B1548224518447N00334753EA023200249500512
B1548234518468N00334750EA023190249400512
B1548244518489N00334746EA023180249300512
B1548254518511N00334743EA023180249300512
B1548264518532N00334740EA023190249300512
B1548274518553N00334737EA023190249400512
B1548284518574N00334734EA023190249400512
B1548294518594N00334730EA023200249600512
B1548304518614N00334726EA023230249700512
B1548314518635N00334721EA023230249800512
B1548324518654N00334717EA023230249700512
B1548334518674N00334713EA023220249600512
B1548344518694N00334710EA023200249400512
B1548354518715N00334706EA023190249300512
B1548364518735N00334703EA023180249200512
B1548374518755N00334699EA023160249000512
B1548384518775N00334695EA023130248600512
B1548394518795N00334691EA023090248200512
B1548404518816N00334686EA023050247800512
B1548414518836N00334682EA023020247500512
B1548424518857N00334679EA022980247200512
B1548434518878N00334675EA022970247000512
B1548444518899N00334671EA022960246900512
B1548454518920N00334667EA022950246900512
B1548464518941N00334664EA022940246800512
B1548474518961N00334661EA022930246600512
B1548484518982N00334657EA022910246500512
B1548494519002N00334653EA022900246400512
B1548504519022N00334650EA022890246300512
B1548514519042N00334647EA022890246300512
B1548524519061N00334643EA022880246200512
B1548534519081N00334640EA022870246100512
B1548544519100N00334637EA022850245900512
B1548554519120N00334633EA022830245700512
B1548564519139N00334629EA022800245300512
LXNA::AVGSATSNR:39
B1548574519159N00334625EA022760244900512
B1548584519179N00334621EA022730244600512
B1548594519199N00334617EA022710244400512
B1549004519220N00334614EA022680244100512
B1549014519241N00334611EA022660243900512
B1549024519262N00334609EA022640243700512
B1549034519283N00334606EA022620243600512
B1549044519304N00334604EA022610243400512
B1549054519325N00334602EA022590243300512
B1549064519346N00334599EA022580243200512
B1549074519367N00334596EA022570243000512
B1549084519387N00334592EA022550242800512
B1549094519408N00334589EA022540242700512
B1549104519429N00334586EA022520242500512
B1549114519450N00334583EA022500242300512
B1549124519470N00334580EA022470242000512
B1549134519491N00334577EA022460241800512
B1549144519512N00334574EA022450241700512
F15491422200905140611072130
B1549154519533N00334572EA022450241800512
B1549164519553N00334570EA022460241900512
B1549174519573N00334569EA022470242100512
LXNA::BAT:charging,100%,4.254V,6000mA
B1549184519593N00334567EA022480242200512
B1549194519612N00334566EA022500242300512
B1549204519631N00334564EA022510242400512
B1549214519650N00334562EA022530242600512
B1549224519669N00334559EA022540242800512
B1549234519688N00334556EA022540242700512
B1549244519706N00334553EA022520242500512
B1549254519725N00334550EA022500242300512
B1549264519744N00334547EA022480242100512
B1549274519764N00334543EA022460241900512
B1549284519784N00334539EA022460241700512
B1549294519804N00334534EA022450241700512
B1549304519823N00334530EA022460241900512
B1549314519843N00334525EA022470242100512
B1549324519863N00334521EA022470242000512
B1549334519882N00334517EA022470241900512
B1549344519901N00334513EA022470242000512
B1549354519920N00334509EA022480242300512
B1549364519939N00334505EA022500242500512
B1549374519957N00334501EA022520242600512
B1549384519974N00334498EA022540242900512
B1549394519991N00334493EA022570243200512
B1549404520008N00334489EA022610243400512
B1549414520023N00334486EA022640243700512
B1549424520039N00334483EA022670244100512
B1549434520054N00334480EA022720244600512
B1549444520069N00334478EA022760245000512
B1549454520083N00334475EA022790245400512
B1549464520097N00334473EA022820245600512
B1549474520112N00334472EA022830245800512
B1549484520127N00334474EA022840245800512
B1549494520141N00334481EA022840245700512
B1549504520154N00334493EA022830245600512
B1549514520164N00334510EA022820245400512
B1549524520172N00334532EA022810245300512
B1549534520174N00334557EA022810245200512
B1549544520170N00334583EA022790245100512
B1549554520161N00334608EA022800245000512
B1549564520147N00334628EA022770244900512
B1549574520128N00334642EA022780244900512
LXNA::AVGSATSNR:39
B1549584520106N00334646EA022800245100512
B1549594520086N00334641EA022840245500512
B1550004520068N00334628EA022870245900512
B1550014520053N00334609EA022890246100512
B1550024520043N00334585EA022900246100512
B1550034520039N00334558EA022900246200512
B1550044520039N00334531EA022910246400512
B1550054520043N00334505EA022940246700512
B1550064520051N00334480EA022970247000512
B1550074520063N00334461EA022990247100512
B1550084520078N00334447EA023010247300512
B1550094520094N00334440EA023040247600512
B1550104520111N00334441EA023070248000512
B1550114520127N00334448EA023090248100512
B1550124520140N00334462EA023090248000512
B1550134520150N00334482EA023090247900512
B1550144520154N00334507EA023090248000512
B1550154520153N00334532EA023110248100512
B1550164520147N00334557EA023120248200512
B1550174520135N00334579EA023120248200512
K155017359012
B1550184520118N00334595EA023100248000512
B1550194520098N00334604EA023080247900512
B1550204520077N00334603EA023070247800512
B1550214520057N00334593EA023070247800512
B1550224520040N00334575EA023070247800512
B1550234520028N00334551EA023080247900512
B1550244520021N00334524EA023100248400512
B1550254520019N00334498EA023150248900512
B1550264520021N00334472EA023210249300512
B1550274520026N00334449EA023250249500512
B1550284520035N00334429EA023270249700512
B1550294520046N00334411EA023270250000512
B1550304520059N00334396EA023300250200512
B1550314520073N00334385EA023310250300512
B1550324520088N00334378EA023310250400512
B1550334520103N00334376EA023320250400512
K155033004012
B1550344520119N00334379EA023300250200512
B1550354520133N00334387EA023270250000512
B1550364520146N00334401EA023270249800512
B1550374520156N00334419EA023270249800512
B1550384520163N00334440EA023270250200512
B1550394520167N00334462EA023320250700512
B1550404520169N00334485EA023380251200512
B1550414520167N00334507EA023420251600512
B1550424520162N00334529EA023450251900512
B1550434520154N00334550EA023460251800512
B1550444520143N00334569EA023440251600512
B1550454520128N00334584EA023420251400512
B1550464520111N00334593EA023410251400512
B1550474520092N00334595EA023410251500512
B1550484520074N00334590EA023440251600512
B1550494520058N00334578EA023460251700512
B1550504520044N00334561EA023450251700512
B1550514520034N00334540EA023450251700512
B1550524520028N00334515EA023460251800512
B1550534520028N00334491EA023480252000512
B1550544520033N00334468EA023490252200512
B1550554520041N00334448EA023510252400512
B1550564520051N00334430EA023530252600512
B1550574520063N00334415EA023540252700512
B1550584520077N00334405EA023540252600512
LXNA::AVGSATSNR:39
B1550594520092N00334400EA023510252400512
B1551004520107N00334399EA023500252100512
B1551014520123N00334405EA023490252100512
B1551024520138N00334414EA023480252200512
B1551034520151N00334427EA023520252600512
B1551044520162N00334442EA023560253000512
B1551054520171N00334460EA023590253400512
B1551064520177N00334481EA023630253600512
B1551074520179N00334503EA023650253800512
B1551084520178N00334527EA023650253800512
B1551094520174N00334550EA023650253600512
B1551104520165N00334572EA023630253500512
B1551114520152N00334590EA023610253400512
B1551124520137N00334604EA023610253500512
B1551134520119N00334612EA023630253700512
B1551144520102N00334614EA023650253800512
B1551154520085N00334610EA023660253900512
B1551164520069N00334602EA023680254000512
B1551174520055N00334587EA023690253900512
B1551184520044N00334569EA023670253900512
B1551194520036N00334547EA023660254000512
B1551204520032N00334525EA023680254200512
B1551214520030N00334502EA023680254200512
B1551224520033N00334479EA023670254000512
B1551234520038N00334457EA023660253700512
K155123010011
B1551244520047N00334437EA023620253500512
B1551254520058N00334419EA023610253400512
B1551264520071N00334404EA023610253400512
B1551274520086N00334393EA023610253400512
B1551284520102N00334386EA023610253400512
B1551294520119N00334385EA023600253400512
B1551304520136N00334388EA023620253500512
B1551314520152N00334396EA023620253700512
B1551324520167N00334406EA023650253900512
B1551334520181N00334420EA023670254100512
B1551344520192N00334437EA023700254400512
B1551354520201N00334457EA023730254600512
B1551364520207N00334479EA023760254800512
B1551374520212N00334502EA023790255200512
B1551384520215N00334525EA023820255500512
B1551394520218N00334548EA023840255600512
K155139012009
B1551404520217N00334571EA023830255600512
B1551414520213N00334594EA023830255400512
B1551424520205N00334615EA023810255300512
B1551434520193N00334633EA023790255000512
B1551444520179N00334647EA023750254500512
B1551454520162N00334655EA023700254000512
B1551464520144N00334656EA023670253700512
B1551474520127N00334651EA023640253500512
B1551484520111N00334640EA023630253400512
B1551494520097N00334625EA023600253100512
B1551504520086N00334605EA023580252900512
B1551514520078N00334581EA023560252700512
B1551524520074N00334555EA023530252400512
B1551534520075N00334529EA023510252200512
B1551544520080N00334503EA023520252100512
B1551554520089N00334480EA023510252100512
B1551564520102N00334461EA023500252200512
B1551574520118N00334448EA023540252500512
B1551584520135N00334439EA023560252900512
B1551594520152N00334435EA023610253400512
LXNA::AVGSATSNR:38
B1552004520170N00334433EA023650253900512
B1552014520186N00334433EA023700254300512
B1552024520203N00334435EA023730254500512
B1552034520219N00334439EA023750254600512
B1552044520235N00334445EA023760254600512
K155204025007
B1552054520251N00334451EA023750254700512
B1552064520267N00334458EA023750254700512
B1552074520283N00334466EA023730254600512
B1552084520300N00334473EA023720254500512
B1552094520316N00334481EA023700254400512
B1552104520333N00334488EA023700254400512
B1552114520350N00334496EA023710254400512
B1552124520367N00334503EA023710254300512
B1552134520383N00334511EA023710254400512
B1552144520399N00334518EA023710254500512
B1552154520415N00334526EA023710254500512
B1552164520431N00334533EA023700254400512
B1552174520447N00334540EA023690254200512
B1552184520463N00334547EA023660253800512
LXNA::BAT:charging,100%,4.254V,6000mA
B1552194520480N00334553EA023620253400512
B1552204520497N00334559EA023570252900512
B1552214520515N00334563EA023520252400512
F155221222009051411072130
B1552224520533N00334567EA023490252100512
B1552234520552N00334570EA023460251800512
B1552244520571N00334572EA023450251700512
B1552254520590N00334574EA023440251700512
B1552264520609N00334576EA023440251600512
B1552274520629N00334578EA023430251500512
B1552284520648N00334579EA023410251400512
B1552294520667N00334580EA023390251200512
B1552304520686N00334580EA023370251000512
B1552314520705N00334580EA023350250700512
B1552324520725N00334579EA023330250600512
B1552334520744N00334577EA023320250400512
B1552344520763N00334575EA023300250300512
B1552354520783N00334573EA023290250100512
B1552364520802N00334571EA023270249900512
B1552374520821N00334568EA023240249700512
B1552384520841N00334565EA023220249400512
B1552394520860N00334561EA023190249100512
B1552404520880N00334558EA023170248900512
B1552414520900N00334554EA023160248800512
B1552424520920N00334551EA023140248700512
B1552434520940N00334547EA023130248500512
B1552444520960N00334543EA023110248300512
B1552454520980N00334538EA023090248100512
B1552464521000N00334534EA023070247900512
B1552474521020N00334528EA023040247600512
B1552484521040N00334522EA023010247300512
B1552494521060N00334516EA022980246900512
B1552504521081N00334509EA022940246500512
B1552514521102N00334503EA022900246200512
B1552524521124N00334497EA022870245800512
B1552534521146N00334490EA022830245500512
B1552544521167N00334484EA022830245500512
B1552554521189N00334477EA022830245500512
B1552564521211N00334471EA022830245600512
B1552574521232N00334465EA022840245600512
B1552584521253N00334458EA022840245700512
B1552594521274N00334452EA022850245800512
B1553004521295N00334446EA022850245800512
LXNA::AVGSATSNR:39
B1553014521316N00334439EA022850245800512
B1553024521337N00334432EA022850245700512
B1553034521358N00334426EA022820245400512
B1553044521379N00334419EA022790245100512
B1553054521400N00334412EA022770244900512
B1553064521421N00334404EA022750244700512
B1553074521442N00334397EA022730244500512
B1553084521464N00334389EA022720244300512
B1553094521485N00334382EA022700244100512
B1553104521507N00334375EA022680244000512
B1553114521528N00334368EA022680243900512
B1553124521550N00334361EA022680243900512
B1553134521571N00334355EA022680244000512
B1553144521592N00334349EA022680244000512
B1553154521613N00334344EA022680244000512
B1553164521634N00334339EA022680244000512
B1553174521655N00334335EA022680244100512
B1553184521675N00334330EA022690244100512
B1553194521696N00334325EA022690244200512
B1553204521716N00334321EA022690244100512
B1553214521737N00334317EA022690244100512
B1553224521757N00334313EA022680244000512
B1553234521778N00334310EA022660243800512
B1553244521798N00334306EA022640243600512
B1553254521819N00334302EA022620243400512
B1553264521840N00334297EA022610243300512
B1553274521861N00334293EA022600243200512
B1553284521883N00334288EA022580243000512
B1553294521904N00334284EA022570242900512
B1553304521926N00334280EA022560242800512
B1553314521947N00334276EA022540242600512
B1553324521969N00334271EA022520242300512
B1553334521991N00334267EA022500242200512
B1553344522013N00334263EA022490242100512
B1553354522035N00334259EA022490242000512
B1553364522057N00334254EA022480242000512
B1553374522078N00334249EA022470241900512
B1553384522100N00334244EA022470241800512
B1553394522122N00334239EA022450241700512
B1553404522144N00334233EA022450241600512
B1553414522165N00334228EA022450241600512
B1553424522187N00334223EA022440241600512
B1553434522208N00334217EA022450241600512
B1553444522230N00334211EA022440241600512
B1553454522251N00334205EA022440241600512
B1553464522272N00334199EA022440241600512
B1553474522293N00334192EA022440241500512
B1553484522314N00334185EA022440241600512
B1553494522335N00334179EA022440241600512
B1553504522356N00334172EA022440241600512
B1553514522376N00334165EA022440241600512
B1553524522397N00334157EA022440241500512
B1553534522417N00334150EA022420241500512
B1553544522438N00334143EA022420241400512
B1553554522459N00334135EA022410241300512
B1553564522479N00334127EA022400241200512
B1553574522500N00334119EA022400241100512
B1553584522520N00334110EA022380241000512
B1553594522541N00334102EA022370240800512
B1554004522561N00334093EA022350240600512
B1554014522582N00334085EA022330240400512
LXNA::AVGSATSNR:38
B1554024522603N00334076EA022320240300512
B1554034522623N00334067EA022310240300512
B1554044522644N00334058EA022310240300512
B1554054522665N00334049EA022310240300512
B1554064522685N00334040EA022310240300512
B1554074522705N00334031EA022310240400512
B1554084522725N00334021EA022320240400512
B1554094522745N00334012EA022320240500512
B1554104522764N00334002EA022310240400512
B1554114522784N00333993EA022310240300512
B1554124522803N00333983EA022300240100512
B1554134522823N00333972EA022290240100512
B1554144522842N00333962EA022270240000512
B1554154522861N00333951EA022260239800512
B1554164522880N00333940EA022240239700512
B1554174522899N00333929EA022230239600512
B1554184522918N00333918EA022220239400512
B1554194522936N00333906EA022210239300512
B1554204522955N00333895EA022210239300512
B1554214522974N00333883EA022220239300512
B1554224522992N00333872EA022230239500512
B1554234523011N00333860EA022240239600512
B1554244523029N00333849EA022250239700512
B1554254523047N00333838EA022260239700512
B1554264523066N00333828EA022260239800512
B1554274523083N00333818EA022270240000512
B1554284523101N00333808EA022290240100512
B1554294523119N00333798EA022300240200512
B1554304523136N00333789EA022320240400512
B1554314523153N00333780EA022340240600512
B1554324523169N00333770EA022360240900512
B1554334523186N00333760EA022390241300512
B1554344523201N00333750EA022430241600512
B1554354523217N00333741EA022440241800512
B1554364523232N00333731EA022450241900512
B1554374523247N00333721EA022450241800512
B1554384523262N00333711EA022430241500512
B1554394523277N00333701EA022390241100512
B1554404523293N00333691EA022320240500512
B1554414523309N00333680EA022260239800512
B1554424523326N00333669EA022190239100512
B1554434523343N00333657EA022130238400512
B1554444523362N00333645EA022080237800512
B1554454523381N00333632EA022030237500512
B1554464523400N00333619EA022010237300512
B1554474523419N00333606EA022010237300512
B1554484523438N00333593EA022010237300512
B1554494523457N00333581EA022000237300512
B1554504523476N00333569EA022020237400512
B1554514523495N00333557EA022030237600512
B1554524523514N00333547EA022050237700512
B1554534523532N00333536EA022060237900512
B1554544523549N00333526EA022070238000512
B1554554523567N00333516EA022090238200512
B1554564523585N00333507EA022100238200512
B1554574523603N00333498EA022100238300512
B1554584523620N00333489EA022090238100512
B1554594523638N00333480EA022060237800512
B1555004523656N00333470EA022020237300512
B1555014523675N00333461EA021980236900512
B1555024523693N00333451EA021960236700512
LXNA::AVGSATSNR:38
B1555034523712N00333442EA021940236600512
B1555044523730N00333432EA021940236500512
B1555054523749N00333422EA021930236400512
K155505029007
B1555064523768N00333413EA021920236300512
B1555074523786N00333404EA021900236100512
B1555084523805N00333394EA021900236100512
B1555094523823N00333384EA021880235900512
B1555104523841N00333373EA021850235600512
B1555114523860N00333363EA021830235300512
B1555124523878N00333353EA021820235100512
B1555134523896N00333343EA021810235100512
B1555144523914N00333332EA021830235400512
B1555154523932N00333322EA021850235500512
B1555164523949N00333312EA021850235600512
B1555174523965N00333302EA021860235700512
B1555184523982N00333291EA021860235800512
B1555194523998N00333281EA021870235800512
LXNA::BAT:charging,100%,4.253V,0mA
B1555204524014N00333269EA021870235800512
B1555214524029N00333258EA021860235700512
B1555224524045N00333246EA021840235400512
B1555234524061N00333234EA021810235100512
B1555244524078N00333221EA021790234900512
B1555254524095N00333209EA021770234700512
B1555264524111N00333196EA021750234500512
B1555274524128N00333184EA021730234300512
B1555284524145N00333171EA021720234200512
B1555294524162N00333158EA021710234100512
B1555304524178N00333146EA021720234200512
B1555314524194N00333133EA021730234400512
B1555324524209N00333120EA021760234700512
B1555334524225N00333107EA021770234800512
B1555344524240N00333094EA021780234900512
B1555354524255N00333081EA021780234900512
B1555364524271N00333069EA021770234700512
B1555374524286N00333057EA021760234600512
B1555384524302N00333044EA021720234300512
B1555394524317N00333032EA021690234000512
B1555404524333N00333019EA021660233700512
B1555414524349N00333005EA021630233400512
B1555424524364N00332992EA021610233300512
B1555434524380N00332978EA021600233100512
B1555444524395N00332964EA021580232900512
B1555454524411N00332950EA021570232700512
B1555464524427N00332937EA021540232500512
B1555474524443N00332924EA021520232200512
B1555484524460N00332911EA021490232000512
B1555494524476N00332900EA021460231600512
B1555504524494N00332889EA021430231300512
B1555514524511N00332878EA021420231300512
B1555524524528N00332867EA021430231300512
B1555534524544N00332857EA021430231400512
B1555544524561N00332847EA021430231400512
B1555554524577N00332838EA021420231200512
B1555564524593N00332829EA021390231000512
B1555574524609N00332819EA021370230700512
F1555572009051411072130
B1555584524626N00332810EA021340230400512
B1555594524642N00332801EA021310230100512
B1556004524658N00332792EA021280229700512
B1556014524675N00332783EA021240229200512
B1556024524692N00332774EA021200228800512
B1556034524709N00332764EA021170228500512
LXNA::AVGSATSNR:39
B1556044524727N00332754EA021130228100512
B1556054524744N00332744EA021090227600512
B1556064524762N00332733EA021040227100512
B1556074524780N00332723EA021000226700512
B1556084524798N00332712EA020970226400512
B1556094524816N00332702EA020940226100512
B1556104524834N00332692EA020920225900512
B1556114524852N00332681EA020900225700512
B1556124524870N00332671EA020890225500512
B1556134524887N00332660EA020870225400512
B1556144524905N00332649EA020850225100512
B1556154524922N00332638EA020820224700512
B1556164524940N00332627EA020780224200512
B1556174524958N00332615EA020740223800512
B1556184524976N00332602EA020710223500512
B1556194524994N00332588EA020670223200512
B1556204525012N00332574EA020660223000512
B1556214525031N00332559EA020660223000512
K155621035007
B1556224525049N00332545EA020660223000512
B1556234525066N00332530EA020670223300512
B1556244525083N00332516EA020700223600512
K155624029007
B1556254525100N00332502EA020730223900512
B1556264525116N00332489EA020750224200512
B1556274525132N00332475EA020780224400512
B1556284525147N00332462EA020790224600512
B1556294525161N00332448EA020800224600512
B1556304525176N00332435EA020790224600512
B1556314525190N00332421EA020790224500512
B1556324525205N00332407EA020780224300512
B1556334525220N00332393EA020760224100512
B1556344525235N00332379EA020740223900512
B1556354525251N00332365EA020710223600512
B1556364525267N00332351EA020680223300512
B1556374525283N00332337EA020660222900512
B1556384525300N00332322EA020620222600512
K155638035007
B1556394525316N00332307EA020600222400512
B1556404525334N00332292EA020570222200512
B1556414525351N00332277EA020560222000512
B1556424525368N00332261EA020540221800512
B1556434525385N00332245EA020530221700512
B1556444525402N00332230EA020520221600512
B1556454525420N00332215EA020530221700512
B1556464525437N00332200EA020520221600512
B1556474525454N00332184EA020520221400512
B1556484525471N00332167EA020510221500512
B1556494525486N00332149EA020520221700512
B1556504525502N00332129EA020530222000512
B1556514525517N00332109EA020560222200512
B1556524525531N00332089EA020590222500512
B1556534525545N00332068EA020610222700512
B1556544525558N00332047EA020620222800512
B1556554525570N00332026EA020640223000512
B1556564525582N00332003EA020650223200512
B1556574525592N00331981EA020660223300512
B1556584525602N00331957EA020660223300512
B1556594525611N00331934EA020650223200512
B1557004525621N00331911EA020630222900512
B1557014525631N00331887EA020610222600512
B1557024525641N00331863EA020580222400512
B1557034525651N00331839EA020570222300512
B1557044525661N00331815EA020560222100512
LXNA::AVGSATSNR:40
B1557054525671N00331792EA020550222000512
B1557064525682N00331769EA020540221900512
B1557074525692N00331746EA020530221800512
B1557084525702N00331723EA020530221800512
B1557094525712N00331701EA020520221800512
B1557104525722N00331679EA020520221800512
B1557114525732N00331657EA020530221900512
B1557124525742N00331635EA020530221900512
B1557134525751N00331613EA020530221800512
B1557144525761N00331592EA020520221700512
B1557154525771N00331570EA020500221400512
B1557164525782N00331548EA020470221100512
B1557174525794N00331526EA020450220800512
B1557184525806N00331505EA020420220600512
B1557194525819N00331485EA020410220500512
B1557204525833N00331465EA020410220500512
B1557214525847N00331444EA020400220400512
B1557224525860N00331424EA020380220300512
B1557234525875N00331404EA020390220300512
B1557244525889N00331384EA020400220600512
B1557254525904N00331366EA020460221000512
B1557264525917N00331348EA020500221600512
B1557274525931N00331331EA020550222200512
B1557284525944N00331315EA020600222600512
B1557294525958N00331300EA020630222900512
B1557304525972N00331290EA020670223200512
B1557314525988N00331286EA020690223400512
B1557324526003N00331289EA020680223300512
K155732029007
B1557334526018N00331299EA020670223000512
B1557344526030N00331315EA020630222600512
B1557354526038N00331336EA020610222300512
K155735035007
B1557364526041N00331360EA020580222200512
B1557374526040N00331385EA020600222300512
B1557384526035N00331408EA020630222700512
B1557394526026N00331429EA020670223100512
B1557404526015N00331446EA020700223500512
K155740029007
B1557414526002N00331460EA020740223800512
B1557424525988N00331472EA020770224200512
B1557434525973N00331481EA020780224400512
B1557444525957N00331486EA020790224400512
B1557454525940N00331485EA020780224200512
B1557464525923N00331479EA020750223800512
B1557474525907N00331468EA020720223300512
B1557484525891N00331453EA020670223000512
B1557494525876N00331435EA020660223100512
B1557504525862N00331416EA020670223200512
K155750035007
B1557514525849N00331397EA020680223300512
B1557524525837N00331376EA020690223400512
K155752029007
B1557534525826N00331354EA020690223400512
B1557544525817N00331330EA020690223500512
B1557554525808N00331306EA020690223500512
B1557564525800N00331282EA020690223500512
B1557574525793N00331257EA020680223500512
B1557584525788N00331231EA020690223500512
B1557594525784N00331205EA020700223700512
B1558004525782N00331179EA020710223900512
B1558014525782N00331153EA020720224000512
B1558024525783N00331128EA020730224000512
B1558034525788N00331105EA020740224000512
B1558044525797N00331086EA020730223800512
B1558054525809N00331070EA020710223500512
LXNA::AVGSATSNR:38
B1558064525823N00331060EA020690223200512
B1558074525840N00331056EA020680223100512
B1558084525856N00331058EA020680223200512
B1558094525871N00331067EA020670223100512
B1558104525884N00331081EA020670223000512
B1558114525893N00331101EA020660222900512
K155811035007
B1558124525898N00331124EA020640222700512
B1558134525899N00331149EA020620222500512
B1558144525895N00331174EA020590222200512
B1558154525887N00331198EA020570221900512
B1558164525874N00331219EA020550221600512
B1558174525858N00331235EA020530221400512
B1558184525838N00331245EA020540221500512
B1558194525818N00331251EA020560222000512
B1558204525798N00331253EA020620222800512
LXNA::BAT:charging,100%,4.253V,0mA
B1558214525779N00331251EA020690223500512
B1558224525761N00331248EA020740224100512
K155822029007
B1558234525743N00331242EA020780224300512
B1558244525727N00331233EA020790224400512
B1558254525711N00331221EA020780224200512
B1558264525697N00331205EA020730223800512
B1558274525684N00331185EA020700223400512
B1558284525674N00331163EA020670223100512
B1558294525667N00331138EA020650222800512
K155829035007
B1558304525663N00331113EA020620222500512
B1558314525662N00331087EA020580222000512
B1558324525664N00331061EA020520221600512
B1558334525669N00331036EA020470221000512
B1558344525676N00331012EA020420220400512
B1558354525685N00330988EA020370219800512
B1558364525696N00330966EA020330219200512
B1558374525709N00330944EA020270218800512
B1558384525723N00330925EA020230218300512
B1558394525739N00330906EA020190217900512
B1558404525755N00330889EA020160217600512
B1558414525773N00330874EA020140217400512
B1558424525791N00330861EA020150217400512
B1558434525810N00330849EA020150217600512
B1558444525829N00330839EA020170217900512
B1558454525848N00330828EA020190218100512
B1558464525866N00330819EA020210218300512
B1558474525884N00330810EA020220218500512
B1558484525902N00330801EA020240218700512
B1558494525919N00330793EA020270219000512
B1558504525937N00330785EA020300219200512
B1558514525954N00330778EA020300219300512
B1558524525971N00330770EA020300219200512
B1558534525987N00330763EA020300219200512
B1558544526004N00330756EA020290219100512
B1558554526021N00330749EA020290219100512
B1558564526038N00330742EA020290219100512
B1558574526055N00330736EA020290219100512
B1558584526071N00330729EA020280219000512
F155858222009051411072130
B1558594526088N00330722EA020260218800512
B1559004526105N00330714EA020250218600512
B1559014526121N00330707EA020220218300512
B1559024526139N00330700EA020190218000512
B1559034526156N00330692EA020160217700512
B1559044526174N00330685EA020140217400512
B1559054526192N00330677EA020120217300512
B1559064526211N00330670EA020110217200512
LXNA::AVGSATSNR:40
B1559074526229N00330662EA020100217100512
B1559084526247N00330654EA020100217100512
B1559094526265N00330646EA020090217100512
B1559104526283N00330638EA020090217000512
B1559114526302N00330629EA020080216800512
B1559124526320N00330621EA020070216700512
B1559134526338N00330613EA020050216600512
B1559144526357N00330605EA020050216500512
B1559154526375N00330596EA020050216600512
B1559164526393N00330587EA020050216600512
B1559174526412N00330578EA020050216600512
B1559184526429N00330568EA020070216900512
B1559194526447N00330558EA020100217200512
B1559204526464N00330547EA020150217800512
B1559214526480N00330537EA020200218300512
B1559224526495N00330527EA020240218700512
B1559234526510N00330517EA020260218900512
B1559244526524N00330507EA020270218900512
B1559254526538N00330497EA020270218900512
B1559264526553N00330487EA020280218900512
B1559274526567N00330478EA020260218800512
B1559284526581N00330468EA020250218600512
B1559294526596N00330458EA020230218400512
B1559304526611N00330448EA020210218200512
B1559314526625N00330438EA020170217700512
B1559324526641N00330427EA020130217200512
B1559334526657N00330416EA020080216800512
B1559344526673N00330404EA020050216500512
B1559354526689N00330391EA020020216200512
B1559364526705N00330378EA020000215900512
B1559374526722N00330364EA019980215700512
B1559384526739N00330350EA019960215500512
B1559394526755N00330336EA019940215300512
B1559404526772N00330321EA019930215200512
B1559414526789N00330307EA019930215200512
B1559424526805N00330292EA019920215200512
B1559434526822N00330277EA019920215100512
B1559444526838N00330262EA019900214900512
B1559454526855N00330246EA019880214700512
B1559464526871N00330230EA019850214400512
B1559474526888N00330214EA019830214200512
B1559484526904N00330197EA019810213900512
B1559494526920N00330180EA019790213800512
B1559504526937N00330164EA019780213600512
B1559514526953N00330147EA019760213300512
B1559524526970N00330130EA019730213200512
B1559534526986N00330113EA019720213000512
B1559544527003N00330096EA019710212900512
B1559554527019N00330079EA019700212800512
B1559564527035N00330061EA019670212500512
B1559574527051N00330044EA019650212300512
B1559584527067N00330026EA019630212000512
B1559594527083N00330007EA019610211800512
B1600004527098N00329989EA019580211600512
B1600014527114N00329971EA019560211300512
B1600024527129N00329952EA019530211000512
B1600034527145N00329934EA019520210900512
B1600044527160N00329915EA019510210900512
B1600054527175N00329896EA019510210900512
B1600064527190N00329877EA019510210900512
B1600074527205N00329859EA019510210900512
LXNA::AVGSATSNR:38
B1600084527220N00329840EA019520211000512
B1600094527234N00329822EA019520211000512
B1600104527249N00329803EA019520211000512
B1600114527263N00329785EA019500210800512
B1600124527278N00329767EA019490210700512
B1600134527293N00329750EA019480210700512
B1600144527307N00329732EA019480210600512
B1600154527322N00329715EA019480210500512
B1600164527337N00329697EA019470210500512
B1600174527351N00329679EA019460210400512
B1600184527366N00329662EA019460210300512
B1600194527381N00329644EA019450210200512
B1600204527396N00329627EA019440210100512
B1600214527410N00329609EA019430210100512
B1600224527425N00329591EA019440210100512
B1600234527439N00329572EA019450210200512
B1600244527453N00329554EA019480210500512
B1600254527467N00329535EA019500210800512
B1600264527480N00329516EA019520211000512
B1600274527494N00329498EA019530211000512
B1600284527508N00329480EA019530211000512
B1600294527522N00329463EA019530211000512
B1600304527536N00329446EA019530211000512
B1600314527549N00329429EA019520210900512
B1600324527564N00329411EA019490210600512
B1600334527578N00329394EA019460210300512
B1600344527592N00329377EA019430210000512
B1600354527607N00329360EA019410209700512
B1600364527622N00329342EA019370209300512
B1600374527637N00329324EA019330209000512
B1600384527653N00329306EA019310208800512
B1600394527668N00329288EA019300208600512
B1600404527684N00329270EA019290208400512
B1600414527699N00329251EA019270208200512
B1600424527714N00329232EA019240207900512
B1600434527729N00329213EA019220207700512
B1600444527745N00329193EA019200207500512
B1600454527760N00329174EA019180207300512
B1600464527775N00329154EA019170207200512
B1600474527791N00329135EA019150207100512
B1600484527806N00329116EA019140206900512
B1600494527821N00329096EA019120206700512
B1600504527836N00329077EA019100206500512
B1600514527852N00329058EA019080206300512
B1600524527867N00329039EA019060206100512
B1600534527883N00329020EA019030205800512
B1600544527899N00329001EA019020205600512
B1600554527914N00328982EA019000205400512
B1600564527930N00328963EA018980205300512
B1600574527946N00328944EA018970205100512
B1600584527962N00328925EA018950205000512
B1600594527978N00328906EA018940204900512
B1601004527994N00328886EA018920204700512
B1601014528009N00328866EA018910204600512
B1601024528025N00328847EA018900204500512
B1601034528040N00328827EA018900204500512
B1601044528056N00328807EA018890204400512
B1601054528071N00328787EA018880204200512
B1601064528087N00328768EA018870204100512
B1601074528102N00328748EA018850204000512
B1601084528118N00328728EA018840203800512
LXNA::AVGSATSNR:39
B1601094528133N00328708EA018830203700512
B1601104528148N00328687EA018810203600512
B1601114528164N00328667EA018790203300512
B1601124528179N00328647EA018770203000512
B1601134528195N00328627EA018750202900512
B1601144528211N00328607EA018740202800512
B1601154528226N00328587EA018730202600512
B1601164528242N00328567EA018710202500512
B1601174528258N00328548EA018700202300512
B1601184528274N00328528EA018680202100512
B1601194528289N00328508EA018660201900512
B1601204528305N00328489EA018630201600512
B1601214528321N00328470EA018600201200512
LXNA::BAT:charging,100%,4.253V,0mA
B1601224528338N00328450EA018560200800512
B1601234528354N00328431EA018540200500512
B1601244528370N00328412EA018520200400512
B1601254528386N00328392EA018520200400512
B1601264528401N00328373EA018500200200512
B1601274528417N00328354EA018470199900512
B1601284528433N00328334EA018440199600512
B1601294528449N00328315EA018410199300512
B1601304528465N00328295EA018400199100512
K160130035007
B1601314528481N00328276EA018380199000512
B1601324528496N00328257EA018370198800512
B1601334528512N00328238EA018340198600512
B1601344528528N00328219EA018310198300512
B1601354528544N00328199EA018300198100512
B1601364528559N00328180EA018280198000512
B1601374528575N00328160EA018260197900512
B1601384528590N00328140EA018250197700512
B1601394528605N00328120EA018240197500512
B1601404528620N00328100EA018220197400512
B1601414528635N00328079EA018210197200512
B1601424528650N00328058EA018200197100512
B1601434528665N00328035EA018180196900512
B1601444528679N00328012EA018160196800512
B1601454528692N00327989EA018140196600512
B1601464528706N00327964EA018120196400512
B1601474528719N00327940EA018110196200512
B1601484528733N00327915EA018100196100512
B1601494528746N00327890EA018090196000512
B1601504528759N00327866EA018080195900512
B1601514528772N00327841EA018060195700512
B1601524528785N00327815EA018040195500512
B1601534528799N00327790EA018030195400512
B1601544528812N00327765EA018020195300512
B1601554528824N00327739EA018010195200512
B1601564528837N00327713EA017990195000512
B1601574528850N00327687EA017970194800512
B1601584528862N00327660EA017950194600512
B1601594528875N00327634EA017930194400512
B1602004528888N00327607EA017900194000512
B1602014528901N00327580EA017880193800512
B1602024528914N00327554EA017850193600512
B1602034528928N00327527EA017840193500512
B1602044528941N00327501EA017840193400512
B1602054528954N00327475EA017820193300512
B1602064528967N00327448EA017800193100512
B1602074528981N00327422EA017790192900512
B1602084528994N00327395EA017760192600512
B1602094529007N00327368EA017740192300512
LXNA::AVGSATSNR:38
B1602104529020N00327341EA017720192300512
B1602114529032N00327314EA017720192300512
B1602124529044N00327286EA017720192300512
B1602134529056N00327258EA017720192300512
B1602144529067N00327230EA017710192100512
B1602154529078N00327202EA017690191900512
B1602164529090N00327174EA017660191500512
B1602174529101N00327146EA017620191100512
K160217029007
B1602184529112N00327117EA017580190600512
B1602194529124N00327087EA017540190300512
B1602204529136N00327058EA017510190000512
B1602214529147N00327028EA017500189900512
B1602224529159N00326999EA017480189700512
B1602234529171N00326970EA017480189700512
B1602244529183N00326942EA017480189700512
B1602254529194N00326914EA017490189800512
B1602264529206N00326886EA017490189900512
B1602274529217N00326858EA017500189900512
B1602284529227N00326830EA017500189900512
B1602294529237N00326803EA017490189800512
B1602304529246N00326775EA017470189500512
B1602314529256N00326747EA017440189200512
B1602324529266N00326720EA017410188800512
B1602334529276N00326692EA017380188500512
B1602344529287N00326665EA017350188400512
B1602354529298N00326639EA017340188200512
B1602364529308N00326613EA017330188000512
B1602374529319N00326587EA017300187700512
B1602384529331N00326562EA017270187500512
B1602394529342N00326537EA017240187200512
B1602404529354N00326513EA017220186800512
B1602414529366N00326488EA017180186500512
B1602424529378N00326463EA017140186100512
B1602434529390N00326438EA017110185700512
B1602444529402N00326413EA017080185300512
B1602454529415N00326389EA017050185000512
B1602464529427N00326364EA017000184700512
B1602474529440N00326339EA016970184400512
B1602484529453N00326314EA016960184300512
B1602494529465N00326290EA016960184400512
B1602504529478N00326266EA016960184400512
B1602514529491N00326242EA016960184300512
B1602524529503N00326218EA016950184300512
B1602534529515N00326194EA016950184200512
B1602544529527N00326170EA016940184200512
B1602554529540N00326147EA016930184100512
B1602564529551N00326123EA016920184000512
B1602574529564N00326099EA016920184000512
B1602584529576N00326076EA016920184000512
B1602594529589N00326054EA016930184100512
B1603004529602N00326033EA016940184200512
B1603014529615N00326013EA016940184200512
B1603024529628N00325992EA016940184200512
B1603034529641N00325972EA016940184200512
B1603044529654N00325952EA016930184200512
B1603054529667N00325932EA016930184100512
B1603064529680N00325912EA016920184000512
B1603074529694N00325892EA016900183800512
B1603084529707N00325872EA016880183600512
B1603094529721N00325852EA016860183400512
B1603104529734N00325832EA016830183100512
LXNA::AVGSATSNR:40
B1603114529748N00325811EA016810182800512
B1603124529762N00325791EA016780182500512
B1603134529776N00325770EA016760182400512
B1603144529790N00325749EA016750182300512
B1603154529804N00325727EA016740182100512
B1603164529819N00325706EA016730182100512
B1603174529833N00325685EA016730182100512
B1603184529847N00325663EA016750182300512
B1603194529861N00325641EA016760182400512
B1603204529875N00325619EA016780182600512
B1603214529889N00325598EA016800182800512
B1603224529903N00325576EA016810182900512
B1603234529916N00325555EA016830183000512
B1603244529929N00325534EA016840183200512
B1603254529942N00325512EA016850183300512
B1603264529955N00325490EA016860183300512
B1603274529968N00325469EA016850183200512
B1603284529981N00325448EA016830183000512
B1603294529994N00325427EA016810182800512
B1603304530007N00325405EA016790182600512
B1603314530020N00325384EA016760182300512
B1603324530034N00325363EA016740182000512
B1603334530048N00325342EA016710181800512
B1603344530061N00325320EA016690181500512
B1603354530075N00325299EA016670181300512
B1603364530089N00325278EA016650181100512
B1603374530103N00325256EA016620180900512
B1603384530117N00325234EA016600180700512
B1603394530130N00325211EA016580180500512
B1603404530144N00325189EA016560180300512
B1603414530158N00325167EA016540180000512
B1603424530171N00325144EA016520179800512
B1603434530185N00325121EA016500179700512
B1603444530199N00325099EA016480179500512
B1603454530213N00325076EA016470179300512
B1603464530226N00325053EA016450179100512
B1603474530239N00325029EA016440179000512
B1603484530252N00325006EA016430178900512
B1603494530265N00324982EA016410178700512
B1603504530278N00324958EA016410178600512
B1603514530291N00324934EA016390178500512
B1603524530304N00324910EA016380178400512
B1603534530316N00324885EA016380178300512
B1603544530328N00324860EA016380178400512
B1603554530340N00324835EA016390178400512
B1603564530351N00324810EA016380178400512
B1603574530362N00324785EA016370178200512
B1603584530372N00324760EA016350178000512
B1603594530383N00324735EA016330177800512
B1604004530393N00324709EA016310177600512
B1604014530403N00324683EA016290177400512
B1604024530413N00324657EA016280177200512
B1604034530423N00324631EA016260177000512
B1604044530433N00324604EA016230176700512
B1604054530443N00324577EA016210176500512
B1604064530452N00324550EA016180176100512
B1604074530462N00324523EA016140175700512
B1604084530472N00324495EA016110175400512
B1604094530482N00324467EA016080175100512
B1604104530492N00324439EA016060174900512
B1604114530502N00324411EA016040174700512
B1604124530512N00324382EA016030174600512
B1604134530521N00324353EA016010174500512
B1604144530530N00324324EA016010174400512
B1604154530539N00324295EA015990174300512
B1604164530548N00324266EA015990174300512
B1604174530556N00324237EA015980174200512
B1604184530565N00324208EA015980174100512
B1604194530573N00324179EA015970174100512
B1604204530581N00324151EA015970174000512
LXNA::AVGSATSNR:39
B1604214530589N00324122EA015970174000512
B1604224530596N00324094EA015960173900512
LXNA::BAT:charging,100%,4.254V,0mA
B1604234530604N00324067EA015950173800512
B1604244530611N00324039EA015940173600512
B1604254530618N00324012EA015920173400512
B1604264530626N00323984EA015900173300512
B1604274530633N00323957EA015910173300512
B1604284530640N00323930EA015900173200512
B1604294530647N00323903EA015880173100512
B1604304530655N00323876EA015870172900512
B1604314530662N00323849EA015850172700512
B1604324530669N00323822EA015830172500512
B1604334530676N00323794EA015820172300512
B1604344530683N00323767EA015800172200512
B1604354530689N00323739EA015790172100512
B1604364530695N00323711EA015780172000512
B1604374530701N00323683EA015770171900512
B1604384530707N00323655EA015760171900512
B1604394530713N00323627EA015750171700512
B1604404530719N00323600EA015730171500512
B1604414530725N00323572EA015710171300512
B1604424530732N00323544EA015700171100512
B1604434530738N00323517EA015690171000512
B1604444530745N00323489EA015690170900512
B1604454530751N00323462EA015680171000512
B1604464530758N00323436EA015690171100512
B1604474530765N00323409EA015700171200512
B1604484530772N00323384EA015710171300512
B1604494530779N00323359EA015720171300512
B1604504530787N00323334EA015730171400512
B1604514530795N00323310EA015740171400512
B1604524530803N00323286EA015740171500512
B1604534530811N00323262EA015740171500512
B1604544530820N00323238EA015730171500512
B1604554530828N00323213EA015730171500512
B1604564530836N00323190EA015730171500512
B1604574530845N00323166EA015730171500512
B1604584530853N00323142EA015740171600512
B1604594530862N00323118EA015750171700512
B1605004530871N00323095EA015760171800512
B1605014530879N00323071EA015770171900512
B1605024530888N00323047EA015800172100512
B1605034530896N00323024EA015820172400512
B1605044530903N00323000EA015850172700512
B1605054530911N00322977EA015890173100512
B1605064530919N00322954EA015920173400512
B1605074530927N00322931EA015950173800512
B1605084530936N00322910EA015990174300512
B1605094530945N00322890EA016050174700512
B1605104530956N00322874EA016090175000512
B1605114530969N00322863EA016120175300512
B1605124530984N00322857EA016140175600512
B1605134530998N00322856EA016200176000512
B1605144531012N00322861EA016210176300512
B1605154531024N00322871EA016230176400512
B1605164531034N00322886EA016230176400512
B1605174531042N00322905EA016220176400512
B1605184531046N00322926EA016230176400512
K160518029007
B1605194531047N00322950EA016220176200512
B1605204531045N00322976EA016200176000512
B1605214531038N00323001EA016180175900512
LXNA::AVGSATSNR:38
B1605224531027N00323025EA016170175800512
B1605234531012N00323047EA016180175900512
B1605244530994N00323064EA016180175900512
B1605254530973N00323076EA016180175900512
B1605264530951N00323083EA016180175900512
B1605274530928N00323084EA016170175800512
B1605284530905N00323079EA016170175800512
B1605294530883N00323068EA016190176000512
B1605304530862N00323052EA016200176500512
B1605314530843N00323033EA016220176800512
B1605324530827N00323012EA016250177200512
B1605334530812N00322989EA016290177600512
B1605344530800N00322964EA016330177900512
B1605354530792N00322937EA016360178100512
B1605364530787N00322910EA016370178200512
B1605374530786N00322883EA016390178300512
B1605384530790N00322857EA016400178400512
B1605394530797N00322834EA016410178500512
B1605404530808N00322815EA016420178600512
B1605414530821N00322801EA016440178700512
B1605424530836N00322794EA016450178900512
B1605434530852N00322794EA016480179200512
K160543009029
B1605444530866N00322800EA016520179500512
B1605454530878N00322814EA016530179600512
B1605464530888N00322833EA016550179700512
B1605474530893N00322856EA016560179800512
B1605484530893N00322882EA016570180000512
B1605494530888N00322908EA016610180400512
B1605504530879N00322933EA016630180700512
B1605514530865N00322955EA016670181100512
B1605524530847N00322972EA016710181500512
B1605534530827N00322984EA016730181600512
B1605544530805N00322991EA016740181800512
B1605554530782N00322990EA016750181900512
B1605564530760N00322984EA016770182100512
B1605574530739N00322971EA016780182200512
B1605584530721N00322953EA016790182300512
B1605594530705N00322931EA016800182400512
B1606004530694N00322905EA016820182700512
B1606014530687N00322877EA016850183000512
B1606024530685N00322849EA016870183300512
B1606034530686N00322822EA016890183400512
B1606044530691N00322797EA016890183300512
B1606054530701N00322776EA016900183300512
B1606064530714N00322762EA016910183400512
B1606074530729N00322754EA016930183700512
B1606084530745N00322754EA016950183900512
B1606094530760N00322761EA016970184100512
B1606104530772N00322774EA017000184300512
B1606114530781N00322794EA017010184500512
B1606124530785N00322817EA017030184600512
B1606134530785N00322843EA017050184700512
B1606144530779N00322869EA017070184900512
B1606154530769N00322893EA017090185200512
B1606164530755N00322915EA017120185500512
B1606174530738N00322931EA017150185900512
B1606184530718N00322942EA017180186200512
B1606194530697N00322948EA017200186400512
B1606204530676N00322948EA017210186500512
B1606214530654N00322940EA017230186600512
B1606224530635N00322928EA017240186800512
LXNA::AVGSATSNR:39
B1606234530618N00322910EA017250186900512
K160623011027
B1606244530604N00322888EA017260187000512
B1606254530594N00322863EA017270187000512
B1606264530588N00322836EA017270187100512
B1606274530587N00322809EA017280187100512
B1606284530589N00322783EA017270187200512
B1606294530596N00322760EA017280187100512
B1606304530605N00322741EA017280187300512
B1606314530618N00322726EA017300187300512
B1606324530632N00322716EA017300187300512
B1606334530647N00322713EA017310187400512
B1606344530663N00322716EA017320187600512
B1606354530677N00322726EA017340187700512
B1606364530688N00322742EA017360188000512
B1606374530696N00322762EA017380188300512
B1606384530700N00322785EA017410188500512
B1606394530700N00322810EA017440188700512
B1606404530696N00322836EA017460188900512
B1606414530687N00322860EA017470189100512
B1606424530674N00322882EA017490189400512
B1606434530658N00322901EA017510189600512
B1606444530640N00322915EA017520189700512
B1606454530619N00322925EA017520189600512
B1606464530596N00322928EA017510189500512
B1606474530574N00322924EA017500189500512
B1606484530552N00322913EA017500189500512
B1606494530533N00322897EA017510189500512
K160649010025
B1606504530516N00322875EA017510189600512
B1606514530503N00322849EA017510189600512
B1606524530495N00322821EA017530189900512
B1606534530490N00322792EA017560190200512
B1606544530490N00322764EA017580190400512
B1606554530494N00322737EA017600190600512
B1606564530500N00322713EA017620190700512
B1606574530510N00322693EA017630190700512
B1606584530523N00322677EA017650190800512
B1606594530537N00322666EA017660191000512
B1607004530552N00322661EA017690191300512
B1607014530567N00322661EA017720191700512
B1607024530581N00322666EA017750191900512
B1607034530594N00322677EA017770192000512
B1607044530604N00322693EA017780192100512
B1607054530610N00322714EA017780192100512
B1607064530612N00322738EA017780192100512
B1607074530610N00322763EA017770192100512
B1607084530605N00322788EA017780192100512
B1607094530596N00322813EA017770192100512
B1607104530583N00322836EA017770192000512
B1607114530566N00322856EA017770192100512
B1607124530547N00322871EA017770192200512
B1607134530525N00322881EA017790192400512
B1607144530502N00322884EA017800192500512
B1607154530479N00322881EA017800192500512
B1607164530457N00322871EA017800192500512
B1607174530437N00322856EA017800192500512
B1607184530419N00322835EA017790192300512
B1607194530406N00322810EA017780192200512
B1607204530396N00322781EA017780192300512
B1607214530392N00322751EA017780192300512
B1607224530391N00322721EA017780192200512
B1607234530395N00322692EA017770192200512
LXNA::AVGSATSNR:38
LXNA::BAT:charging,100%,4.254V,6000mA
B1607244530403N00322666EA017770192300512
B1607254530413N00322643EA017780192400512
B1607264530426N00322623EA017820192800512
B1607274530440N00322608EA017870193300512
B1607284530454N00322598EA017940193900512
B1607294530469N00322593EA017980194400512
B1607304530484N00322592EA018020194700512
B1607314530497N00322596EA018040194900512
B1607324530510N00322603EA018040194900512
B1607334530522N00322613EA018020194700512
B1607344530532N00322627EA018000194500512
B1607354530540N00322646EA017970194100512
B1607364530546N00322668EA017950194000512
B1607374530548N00322692EA017930193900512
B1607384530546N00322719EA017930194000512
B1607394530540N00322745EA017940194000512
B1607404530530N00322771EA017950194200512
B1607414530516N00322795EA017970194500512
B1607424530501N00322815EA018000194900512
B1607434530483N00322832EA018030195200512
B1607444530463N00322845EA018050195300512
B1607454530442N00322851EA018060195500512
B1607464530420N00322852EA018080195700512
B1607474530398N00322847EA018090195800512
B1607484530377N00322837EA018100195900512
B1607494530358N00322822EA018100195900512
B1607504530342N00322802EA018110195900512
B1607514530330N00322778EA018120196000512
B1607524530322N00322752EA018120196100512
B1607534530319N00322726EA018140196300512
B1607544530320N00322700EA018160196600512
B1607554530324N00322676EA018180196700512
B1607564530331N00322655EA018200196800512
B1607574530341N00322637EA018220197000512
B1607584530352N00322623EA018230197200512
B1607594530365N00322613EA018250197500512
B1608004530378N00322607EA018280197700512
B1608014530391N00322606EA018290197700512
B1608024530404N00322610EA018290197700512
B1608034530415N00322618EA018280197600512
K160803009029
B1608044530425N00322630EA018270197500512
B1608054530434N00322646EA018260197300512
B1608064530439N00322665EA018250197200512
B1608074530442N00322687EA018240197300512
B1608084530441N00322710EA018260197300512
B1608094530437N00322735EA018260197500512
B1608104530430N00322758EA018260197600512
B1608114530420N00322781EA018270197700512
B1608124530406N00322801EA018290197800512
B1608134530390N00322817EA018300197900512
B1608144530371N00322830EA018310198000512
B1608154530351N00322838EA018310198100512
B1608164530330N00322842EA018310198000512
B1608174530309N00322840EA018300197800512
B1608184530288N00322832EA018270197400512
B1608194530268N00322819EA018250197400512
B1608204530250N00322802EA018250197500512
B1608214530235N00322781EA018260197600512
B1608224530223N00322758EA018270197700512
B1608234530214N00322733EA018280197800512
B1608244530208N00322707EA018280197800512
LXNA::AVGSATSNR:38
B1608254530205N00322682EA018280197700512
B1608264530205N00322656EA018270197500512
B1608274530207N00322630EA018250197200512
B1608284530209N00322604EA018200196800512
B1608294530213N00322578EA018150196400512
B1608304530217N00322551EA018120196000512
B1608314530223N00322524EA018070195500512
B1608324530229N00322496EA018040195200512
B1608334530236N00322468EA018020194900512
B1608344530245N00322441EA017990194700512
B1608354530254N00322414EA017980194500512
B1608364530264N00322387EA017950194300512
B1608374530274N00322360EA017920193900512
B1608384530285N00322333EA017880193500512
B1608394530297N00322307EA017840193000512
B1608404530309N00322281EA017790192500512
B1608414530323N00322255EA017740192100512
B1608424530336N00322229EA017710191800512
B1608434530350N00322204EA017680191500512
B1608444530364N00322178EA017660191200512
B1608454530378N00322154EA017640191100512
B1608464530392N00322129EA017630191200512
B1608474530406N00322104EA017640191200512
B1608484530419N00322079EA017660191400512
B1608494530432N00322054EA017670191500512
B1608504530444N00322030EA017690191600512
B1608514530456N00322005EA017690191700512
B1608524530468N00321981EA017700191800512
B1608534530480N00321958EA017720192000512
B1608544530492N00321935EA017730192200512
B1608554530504N00321912EA017740192200512
B1608564530516N00321890EA017740192200512
B1608574530528N00321868EA017730192100512
B1608584530541N00321846EA017710191800512
B1608594530553N00321824EA017670191500512
B1609004530566N00321802EA017640191200512
B1609014530579N00321780EA017620191000512
B1609024530592N00321757EA017610190800512
B1609034530604N00321734EA017590190700512
B1609044530616N00321711EA017580190600512
B1609054530628N00321688EA017570190500512
B1609064530639N00321664EA017540190200512
B1609074530651N00321640EA017530190000512
B1609084530662N00321615EA017510189800512
B1609094530673N00321589EA017490189700512
B1609104530684N00321564EA017480189600512
B1609114530694N00321537EA017470189400512
B1609124530704N00321511EA017460189300512
B1609134530713N00321483EA017440189100512
B1609144530722N00321456EA017430189000512
B1609154530731N00321428EA017430189000512
B1609164530739N00321400EA017420189000512
B1609174530747N00321372EA017420188900512
B1609184530753N00321343EA017430189000512
B1609194530760N00321314EA017430189000512
B1609204530766N00321286EA017420188900512
B1609214530772N00321257EA017410188800512
B1609224530778N00321229EA017400188600512
B1609234530783N00321200EA017380188500512
B1609244530789N00321171EA017370188300512
B1609254530794N00321141EA017340188000512
LXNA::AVGSATSNR:39
B1609264530799N00321111EA017320187800512
B1609274530803N00321081EA017300187600512
B1609284530808N00321051EA017290187500512
B1609294530812N00321021EA017280187400512
B1609304530816N00320991EA017280187300512
B1609314530820N00320961EA017270187300512
B1609324530825N00320931EA017270187200512
B1609334530829N00320901EA017240187000512
B1609344530834N00320871EA017210186700512
B1609354530839N00320841EA017170186300512
B1609364530844N00320810EA017140185800512
B1609374530849N00320779EA017100185500512
B1609384530855N00320748EA017080185300512
B1609394530860N00320716EA017060185200512
B1609404530866N00320685EA017050185000512
B1609414530872N00320653EA017050185000512
B1609424530878N00320622EA017040185000512
B1609434530885N00320592EA017040184900512
B1609444530891N00320561EA017030184800512
B1609454530896N00320530EA017020184700512
B1609464530902N00320499EA017000184500512
B1609474530908N00320468EA016990184400512
B1609484530914N00320436EA016980184300512
B1609494530919N00320405EA016980184300512
B1609504530925N00320374EA016990184300512
B1609514530930N00320344EA016970184200512
B1609524530936N00320313EA016970184200512
B1609534530941N00320283EA016980184200512
B1609544530947N00320253EA016970184200512
B1609554530953N00320223EA016970184300512
B1609564530958N00320193EA016980184300512
B1609574530964N00320164EA016970184200512
B1609584530970N00320135EA016960184000512
B1609594530975N00320106EA016930183900512
B1610004530981N00320078EA016920183700512
B1610014530987N00320050EA016900183500512
B1610024530993N00320021EA016880183200512
B1610034530999N00319993EA016840182900512
B1610044531005N00319965EA016810182600512
B1610054531012N00319937EA016780182300512
B1610064531019N00319908EA016760182100512
B1610074531026N00319880EA016740181800512
B1610084531033N00319851EA016720181700512
B1610094531040N00319822EA016700181600512
B1610104531048N00319794EA016700181500512
B1610114531056N00319767EA016700181500512
B1610124531065N00319740EA016700181500512
B1610134531075N00319714EA016690181400512
B1610144531085N00319689EA016680181200512
B1610154531095N00319664EA016660181000512
B1610164531106N00319639EA016650180800512
B1610174531117N00319615EA016630180600512
B1610184531128N00319590EA016610180400512
B1610194531140N00319566EA016580180100512
B1610204531151N00319541EA016560179900512
B1610214531163N00319516EA016550179800512
B1610224531174N00319491EA016540179800512
B1610234531186N00319466EA016520179600512
B1610244531197N00319441EA016500179300512
LXNA::BAT:charging,100%,4.254V,6000mA
B1610254531209N00319416EA016460178800512
B1610264531221N00319391EA016410178400512
LXNA::AVGSATSNR:40
B1610274531233N00319366EA016380178000512
B1610284531246N00319340EA016350177800512
B1610294531259N00319315EA016340177800512
B1610304531272N00319290EA016340177700512
B1610314531285N00319264EA016340177700512
B1610324531298N00319239EA016340177700512
B1610334531311N00319215EA016340177700512
B1610344531323N00319190EA016350177800512
B1610354531335N00319166EA016350177900512
B1610364531347N00319141EA016370178000512
B1610374531359N00319118EA016370178200512
B1610384531370N00319094EA016380178200512
B1610394531382N00319071EA016390178300512
B1610404531393N00319048EA016390178300512
B1610414531404N00319025EA016390178300512
B1610424531414N00319002EA016390178300512
B1610434531425N00318980EA016390178300512
B1610444531436N00318958EA016400178400512
B1610454531447N00318936EA016420178600512
B1610464531458N00318914EA016420178700512
B1610474531469N00318892EA016430178700512
B1610484531479N00318870EA016420178600512
B1610494531490N00318848EA016420178500512
B1610504531500N00318826EA016410178400512
B1610514531510N00318803EA016400178300512
B1610524531520N00318780EA016380178100512
B1610534531529N00318757EA016360177900512
B1610544531538N00318732EA016350177800512
B1610554531547N00318708EA016340177800512
B1610564531555N00318683EA016350177800512
B1610574531563N00318658EA016350177800512
B1610584531571N00318633EA016350177800512
B1610594531578N00318608EA016340177700512
B1611004531585N00318582EA016340177700512
B1611014531592N00318556EA016320177600512
B1611024531598N00318530EA016310177400512
B1611034531604N00318503EA016300177300512
B1611044531610N00318477EA016290177100512
K161104011029
B1611054531615N00318449EA016260176900512
B1611064531620N00318421EA016230176600512
B1611074531624N00318393EA016210176300512
B1611084531629N00318365EA016190176100512
B1611094531633N00318336EA016160175900512
B1611104531636N00318307EA016160175800512
F16111022152009051411072130
B1611114531639N00318278EA016150175800512
B1611124531642N00318249EA016140175700512
B1611134531645N00318219EA016130175600512
B1611144531647N00318190EA016130175500512
B1611154531650N00318161EA016130175500512
B1611164531652N00318132EA016120175500512
B1611174531655N00318103EA016120175500512
B1611184531657N00318074EA016130175500512
B1611194531660N00318045EA016100175300512
B1611204531662N00318017EA016080175100512
B1611214531665N00317988EA016060174900512
B1611224531668N00317959EA016040174700512
B1611234531671N00317930EA016010174500512
B1611244531673N00317901EA016000174300512
B1611254531676N00317872EA015980174100512
B1611264531678N00317843EA015960173900512
B1611274531681N00317813EA015930173700512
LXNA::AVGSATSNR:41
B1611284531684N00317784EA015910173500512
B1611294531687N00317754EA015900173200512
B1611304531690N00317725EA015880173100512
B1611314531694N00317696EA015870172900512
B1611324531699N00317667EA015850172700512
B1611334531704N00317638EA015830172600512
B1611344531709N00317609EA015820172400512
B1611354531715N00317580EA015800172300512
B1611364531721N00317552EA015790172200512
B1611374531728N00317524EA015790172100512
B1611384531735N00317496EA015770171900512
B1611394531743N00317468EA015750171800512
B1611404531750N00317440EA015740171600512
B1611414531758N00317412EA015720171500512
B1611424531765N00317384EA015690171200512
B1611434531772N00317356EA015670171000512
B1611444531779N00317328EA015650170800512
B1611454531786N00317299EA015630170600512
B1611464531794N00317271EA015620170400512
B1611474531801N00317242EA015600170300512
B1611484531808N00317214EA015590170100512
B1611494531815N00317185EA015570169900512
B1611504531823N00317157EA015550169700512
B1611514531831N00317128EA015540169600512
B1611524531838N00317100EA015530169500512
B1611534531846N00317071EA015530169500512
B1611544531854N00317043EA015530169600512
B1611554531861N00317016EA015530169600512
B1611564531868N00316988EA015530169600512
B1611574531876N00316961EA015520169500512
B1611584531884N00316933EA015520169400512
B1611594531892N00316906EA015510169400512
B1612004531900N00316879EA015510169300512
B1612014531909N00316852EA015510169300512
B1612024531917N00316826EA015510169400512
B1612034531926N00316799EA015510169400512
B1612044531934N00316773EA015520169500512
B1612054531942N00316747EA015540169600512
B1612064531950N00316722EA015550169700512
B1612074531957N00316696EA015560169800512
B1612084531965N00316671EA015560169800512
B1612094531972N00316645EA015550169800512
B1612104531980N00316620EA015540169600512
B1612114531987N00316594EA015520169400512
B1612124531995N00316568EA015490169100512
B1612134532003N00316542EA015470168900512
B1612144532011N00316516EA015440168600512
B1612154532019N00316490EA015410168300512
B1612164532028N00316463EA015380168000512
B1612174532036N00316437EA015360167800512
B1612184532046N00316410EA015330167500512
B1612194532055N00316384EA015310167200512
B1612204532065N00316358EA015290167000512
B1612214532075N00316331EA015270166800512
B1612224532086N00316305EA015250166600512
B1612234532096N00316279EA015230166400512
B1612244532106N00316253EA015220166300512
B1612254532116N00316227EA015230166300512
B1612264532126N00316202EA015240166500512
B1612274532137N00316177EA015260166800512
B1612284532147N00316152EA015280167000512
LXNA::AVGSATSNR:39
B1612294532158N00316128EA015290167000512
B1612304532169N00316104EA015300167100512
B1612314532179N00316080EA015300167100512
B1612324532190N00316056EA015290167000512
B1612334532200N00316031EA015270166800512
B1612344532210N00316007EA015250166500512
B1612354532220N00315982EA015220166300512
B1612364532230N00315957EA015210166200512
B1612374532240N00315931EA015190166000512
B1612384532249N00315906EA015170165800512
B1612394532259N00315880EA015160165700512
B1612404532268N00315854EA015150165600512
B1612414532276N00315827EA015140165500512
B1612424532284N00315801EA015150165600512
B1612434532292N00315775EA015150165700512
B1612444532299N00315749EA015160165700512
B1612454532307N00315722EA015150165600512
B1612464532314N00315696EA015140165500512
B1612474532321N00315670EA015130165400512
B1612484532328N00315644EA015120165300512
B1612494532334N00315617EA015120165200512
B1612504532341N00315591EA015100165100512
B1612514532347N00315564EA015090165000512
B1612524532353N00315537EA015080164900512
B1612534532359N00315511EA015070164800512
B1612544532366N00315484EA015050164600512
B1612554532372N00315457EA015030164400512
B1612564532378N00315429EA015010164200512
B1612574532385N00315402EA014980163900512
B1612584532391N00315375EA014960163700512
B1612594532398N00315347EA014950163500512
B1613004532405N00315319EA014930163400512
B1613014532412N00315292EA014910163200512
B1613024532419N00315264EA014900163100512
B1613034532426N00315236EA014890163000512
B1613044532432N00315208EA014880162900512
B1613054532439N00315180EA014860162800512
B1613064532445N00315152EA014870162700512
B1613074532451N00315124EA014870162800512
B1613084532457N00315096EA014890163000512
B1613094532464N00315069EA014900163000512
B1613104532470N00315042EA014900162900512
B1613114532477N00315015EA014880162800512
B1613124532483N00314987EA014880162700512
B1613134532489N00314960EA014860162600512
B1613144532495N00314932EA014850162500512
B1613154532501N00314905EA014840162400512
B1613164532506N00314877EA014830162400512
B1613174532511N00314850EA014830162400512
B1613184532515N00314822EA014830162400512
B1613194532520N00314794EA014830162400512
B1613204532524N00314767EA014820162300512
B1613214532528N00314739EA014820162300512
B1613224532533N00314712EA014830162400512
B1613234532538N00314685EA014830162400512
B1613244532544N00314658EA014830162400512
B1613254532550N00314631EA014830162300512
LXNA::BAT:charging,100%,4.252V,0mA
B1613264532556N00314604EA014810162200512
B1613274532563N00314578EA014800162100512
B1613284532569N00314551EA014790162100512
B1613294532576N00314525EA014790162100512
LXNA::AVGSATSNR:40
B1613304532582N00314499EA014790162000512
B1613314532589N00314472EA014790162000512
B1613324532596N00314446EA014790162000512
B1613334532603N00314420EA014780161900512
B1613344532609N00314393EA014770161800512
B1613354532616N00314366EA014750161600512
B1613364532622N00314339EA014730161400512
B1613374532628N00314311EA014710161100512
B1613384532634N00314283EA014670160800512
B1613394532640N00314255EA014640160500512
K161339013025
B1613404532646N00314226EA014620160300512
B1613414532652N00314197EA014600160100512
B1613424532658N00314168EA014600160100512
B1613434532664N00314139EA014600160100512
B1613444532669N00314110EA014600160100512
B1613454532675N00314082EA014590160000512
B1613464532680N00314054EA014590160000512
B1613474532687N00314027EA014590160000512
B1613484532693N00314000EA014580159800512
B1613494532700N00313973EA014560159600512
B1613504532707N00313946EA014540159400512
B1613514532714N00313920EA014520159300512
B1613524532721N00313893EA014500159100512
B1613534532728N00313867EA014490159000512
B1613544532735N00313841EA014480158800512
B1613554532742N00313815EA014470158700512
B1613564532748N00313790EA014460158600512
B1613574532754N00313764EA014450158600512
B1613584532760N00313739EA014460158700512
B1613594532766N00313714EA014480158900512
B1614004532772N00313690EA014500159100512
B1614014532777N00313666EA014520159200512
B1614024532783N00313642EA014520159300512
B1614034532789N00313618EA014520159300512
B1614044532795N00313594EA014510159200512
B1614054532801N00313569EA014500159100512
B1614064532806N00313545EA014490158900512
B1614074532812N00313520EA014470158800512
B1614084532818N00313495EA014450158600512
B1614094532824N00313469EA014440158400512
B1614104532829N00313443EA014430158300512
B1614114532834N00313416EA014410158200512
F1614112218152009051411072130
B1614124532839N00313390EA014410158000512
B1614134532845N00313363EA014400157900512
B1614144532850N00313336EA014390157900512
B1614154532855N00313309EA014380157800512
B1614164532860N00313281EA014390157800512
B1614174532865N00313254EA014390157800512
B1614184532870N00313226EA014380157700512
B1614194532876N00313199EA014370157600512
B1614204532881N00313171EA014350157400512
B1614214532886N00313144EA014330157100512
B1614224532891N00313116EA014290156700512
B1614234532897N00313088EA014250156400512
B1614244532903N00313060EA014220156000512
B1614254532909N00313033EA014190155500512
B1614264532916N00313006EA014150155100512
B1614274532924N00312978EA014110154700512
B1614284532931N00312951EA014090154500512
B1614294532939N00312923EA014080154500512
B1614304532945N00312896EA014070154400512
LXNA::AVGSATSNR:37
B1614314532952N00312869EA014060154300512
B1614324532959N00312842EA014050154100512
B1614334532966N00312815EA014040154000512
B1614344532973N00312789EA014030153900512
B1614354532981N00312763EA014010153800512
B1614364532989N00312738EA014000153600512
B1614374532998N00312714EA013980153500512
B1614384533008N00312690EA013970153300512
B1614394533017N00312666EA013950153100512
B1614404533027N00312643EA013930152800512
B1614414533037N00312620EA013910152600512
B1614424533047N00312596EA013890152400512
B1614434533057N00312573EA013890152300512
B1614444533067N00312550EA013870152300512
B1614454533077N00312528EA013870152200512
B1614464533088N00312506EA013860152100512
B1614474533098N00312484EA013860152100512
B1614484533109N00312462EA013860152200512
B1614494533119N00312441EA013860152200512
B1614504533130N00312421EA013860152200512
B1614514533141N00312401EA013860152100512
B1614524533153N00312382EA013840152000512
B1614534533164N00312362EA013840151900512
B1614544533176N00312343EA013830151900512
B1614554533187N00312323EA013830151800512
B1614564533198N00312303EA013820151700512
B1614574533208N00312283EA013810151600512
B1614584533219N00312263EA013800151500512
B1614594533229N00312243EA013790151400512
B1615004533240N00312223EA013770151200512
B1615014533251N00312203EA013740150900512
B1615024533261N00312183EA013710150600512
B1615034533272N00312162EA013680150300512
B1615044533283N00312142EA013670150200512
B1615054533294N00312121EA013670150100512
B1615064533305N00312101EA013670150100512
B1615074533316N00312081EA013680150100512
B1615084533327N00312061EA013680150300512
B1615094533338N00312041EA013700150300512
B1615104533348N00312021EA013700150400512
B1615114533359N00312001EA013710150400512
B1615124533369N00311981EA013700150400512
B1615134533379N00311960EA013690150300512
B1615144533389N00311939EA013680150100512
B1615154533399N00311918EA013670150000512
B1615164533409N00311896EA013650149800512
B1615174533419N00311875EA013630149600512
B1615184533429N00311853EA013620149500512
B1615194533440N00311831EA013610149400512
B1615204533450N00311810EA013610149300512
B1615214533461N00311788EA013600149300512
B1615224533471N00311767EA013580149100512
B1615234533482N00311745EA013560148900512
B1615244533492N00311723EA013550148700512
B1615254533503N00311702EA013550148700512
B1615264533514N00311680EA013540148700512
B1615274533524N00311658EA013530148700512
B1615284533534N00311636EA013520148600512
B1615294533545N00311615EA013510148400512
B1615304533555N00311593EA013480148100512
B1615314533566N00311571EA013450147800512
LXNA::AVGSATSNR:40
B1615324533576N00311549EA013430147500512
B1615334533587N00311527EA013410147300512
B1615344533597N00311505EA013400147100512
B1615354533608N00311482EA013380146900512
B1615364533619N00311460EA013370146800512
B1615374533629N00311437EA013360146700512
B1615384533639N00311413EA013350146600512
B1615394533649N00311390EA013340146600512
B1615404533658N00311366EA013340146500512
B1615414533668N00311343EA013330146500512
B1615424533676N00311319EA013330146400512
B1615434533685N00311296EA013330146400512
B1615444533693N00311272EA013320146300512
B1615454533701N00311248EA013320146300512
B1615464533708N00311223EA013320146300512
B1615474533715N00311199EA013310146300512
B1615484533721N00311175EA013320146300512
B1615494533728N00311150EA013320146400512
B1615504533734N00311126EA013320146400512
B1615514533740N00311102EA013330146400512
B1615524533747N00311077EA013330146400512
B1615534533754N00311054EA013330146300512
B1615544533762N00311030EA013310146200512
B1615554533771N00311008EA013290146000512
B1615564533780N00310985EA013280145900512
B1615574533789N00310963EA013270145700512
B1615584533798N00310941EA013260145600512
B1615594533808N00310920EA013250145500512
B1616004533817N00310898EA013230145300512
B1616014533826N00310876EA013220145200512
B1616024533836N00310854EA013210145000512
B1616034533845N00310832EA013200144900512
B1616044533855N00310810EA013190144900512
B1616054533864N00310788EA013180144800512
B1616064533873N00310766EA013160144600512
B1616074533882N00310744EA013140144400512
B1616084533893N00310722EA013110144100512
B1616094533904N00310702EA013090143900512
B1616104533917N00310684EA013070143700512
B1616114533931N00310668EA013050143400512
B1616124533946N00310655EA013020143200512
B1616134533962N00310645EA013000142900512
B1616144533979N00310638EA012970142600512
B1616154533996N00310635EA012950142300512
B1616164534013N00310636EA012920142100512
B1616174534031N00310642EA012900141900512
B1616184534047N00310651EA012890141800512
B1616194534062N00310663EA012880141700512
B1616204534076N00310678EA012870141600512
B1616214534088N00310696EA012860141500512
B1616224534099N00310716EA012850141400512
B1616234534108N00310739EA012840141300512
B1616244534114N00310763EA012820141100512
B1616254534119N00310789EA012810140800512
B1616264534122N00310816EA012780140600512
LXNA::BAT:charging,100%,4.252V,0mA
B1616274534123N00310843EA012760140500512
B1616284534124N00310871EA012750140300512
B1616294534123N00310899EA012730140100512
B1616304534121N00310927EA012720140100512
B1616314534119N00310956EA012720140100512
B1616324534116N00310984EA012730140100512
LXNA::AVGSATSNR:39
B1616334534112N00311011EA012730140100512
B1616344534107N00311039EA012730140100512
B1616354534101N00311066EA012730140200512
B1616364534095N00311093EA012730140100512
B1616374534088N00311120EA012720140000512
B1616384534080N00311146EA012700139800512
B1616394534073N00311173EA012680139600512
B1616404534064N00311199EA012660139500512
K161640013025
B1616414534056N00311226EA012650139300512
B1616424534047N00311252EA012630139100512
B1616434534039N00311278EA012610139000512
B1616444534029N00311304EA012590138700512
B1616454534020N00311330EA012570138500512
B1616464534010N00311356EA012560138400512
B1616474533999N00311382EA012540138200512
B1616484533988N00311407EA012530138000512
B1616494533976N00311432EA012500137800512
B1616504533964N00311457EA012480137500512
B1616514533951N00311481EA012450137300512
B1616524533938N00311506EA012420137000512
B1616534533924N00311530EA012400136700512
B1616544533910N00311554EA012370136500512
B1616554533896N00311578EA012340136100512
B1616564533881N00311602EA012310135800512
B1616574533866N00311626EA012280135500512
B1616584533850N00311650EA012250135200512
B1616594533834N00311674EA012220135000512
B1617004533818N00311698EA012210134800512
B1617014533801N00311721EA012200134700512
B1617024533784N00311744EA012180134600512
B1617034533767N00311766EA012180134400512
B1617044533750N00311788EA012160134300512
B1617054533733N00311809EA012160134200512
B1617064533715N00311830EA012150134100512
B1617074533698N00311850EA012150134100512
B1617084533680N00311871EA012150134100512
B1617094533663N00311891EA012140134100512
B1617104533647N00311912EA012140134000512
B1617114533631N00311933EA012130133900512
B1617124533615N00311955EA012110133700512
B1617134533599N00311976EA012090133500512
B1617144533583N00311998EA012070133300512
B1617154533567N00312020EA012050133000512
B1617164533551N00312042EA012030132800512
B1617174533536N00312064EA012010132600512
B1617184533519N00312086EA011990132400512
B1617194533503N00312108EA011970132200512
B1617204533488N00312131EA011960132100512
B1617214533472N00312154EA011960132000512
B1617224533456N00312176EA011950132000512
B1617234533441N00312199EA011950132000512
B1617244533426N00312221EA011950132000512
B1617254533411N00312244EA011950131900512
B1617264533397N00312266EA011930131800512
B1617274533383N00312289EA011920131600512
B1617284533370N00312313EA011890131300512
B1617294533357N00312336EA011870131100512
B1617304533345N00312360EA011850130900512
B1617314533332N00312383EA011820130600512
B1617324533320N00312407EA011800130400512
B1617334533309N00312432EA011780130100512
LXNA::AVGSATSNR:39
B1617344533297N00312456EA011750129900512
B1617354533286N00312481EA011730129600512
B1617364533273N00312505EA011710129400512
B1617374533261N00312529EA011690129200512
B1617384533248N00312553EA011660128900512
B1617394533234N00312577EA011630128500512
K161739011029
B1617404533220N00312600EA011590128200512
B1617414533205N00312623EA011570127900512
B1617424533189N00312646EA011550127600512
B1617434533173N00312668EA011520127400512
B1617444533156N00312690EA011500127300512
B1617454533139N00312711EA011490127100512
B1617464533121N00312732EA011460126800512
B1617474533102N00312752EA011440126600512
B1617484533083N00312771EA011410126300512
B1617494533064N00312790EA011380126000512
B1617504533044N00312809EA011350125600512
B1617514533024N00312828EA011320125300512
B1617524533005N00312848EA011290125000512
B1617534532985N00312867EA011270124800512
B1617544532966N00312887EA011250124600512
B1617554532946N00312906EA011220124300512
B1617564532927N00312926EA011200124000512
B1617574532907N00312945EA011160123600512
B1617584532887N00312965EA011110123100512
B1617594532868N00312984EA011070122700512
B1618004532848N00313004EA011040122300512
B1618014532829N00313024EA011000121900512
B1618024532809N00313044EA010960121500512
B1618034532790N00313065EA010940121200512
B1618044532770N00313086EA010900120800512
B1618054532751N00313107EA010870120500512
B1618064532731N00313127EA010850120300512
B1618074532711N00313148EA010840120200512
B1618084532690N00313169EA010850120200512
B1618094532670N00313189EA010840120100512
B1618104532650N00313209EA010830120100512
B1618114532629N00313229EA010830120100512
B1618124532608N00313249EA010830120000512
B1618134532587N00313268EA010810119900512
B1618144532566N00313288EA010810119800512
B1618154532545N00313307EA010800119600512
B1618164532523N00313326EA010760119300512
B1618174532502N00313345EA010730119000512
B1618184532481N00313365EA010710118800512
B1618194532460N00313385EA010700118700512
B1618204532439N00313405EA010690118500512
B1618214532419N00313425EA010680118500512
B1618224532399N00313444EA010680118500512
B1618234532379N00313464EA010680118600512
B1618244532359N00313484EA010690118600512
B1618254532339N00313503EA010680118500512
B1618264532320N00313523EA010680118400512
B1618274532301N00313543EA010660118300512
B1618284532282N00313564EA010640118100512
B1618294532264N00313586EA010610117800512
B1618304532247N00313608EA010590117500512
B1618314532229N00313630EA010560117200512
B1618324532212N00313653EA010540116800512
B1618334532195N00313676EA010480116400512
B1618344532179N00313700EA010470116100512
LXNA::AVGSATSNR:40
B1618354532162N00313725EA010440116000512
B1618364532146N00313750EA010420115800512
B1618374532130N00313776EA010410115500512
B1618384532114N00313802EA010380115300512
B1618394532097N00313828EA010360115100512
B1618404532081N00313855EA010360115200512
B1618414532065N00313881EA010370115400512
B1618424532049N00313907EA010400115600512
B1618434532033N00313932EA010400115600512
B1618444532017N00313957EA010380115400512
B1618454532000N00313980EA010360115200512
B1618464531983N00314004EA010330114900512
B1618474531966N00314026EA010300114600512
B1618484531948N00314049EA010280114300512
B1618494531931N00314072EA010240114000512
B1618504531915N00314096EA010210113700512
B1618514531898N00314120EA010180113400512
B1618524531882N00314144EA010160113100512
B1618534531866N00314169EA010130112800512
B1618544531850N00314193EA010100112600512
B1618554531834N00314218EA010080112300512
B1618564531818N00314243EA010050112100512
B1618574531802N00314267EA010030111900512
B1618584531786N00314292EA010000111600512
B1618594531770N00314316EA009970111300512
B1619004531753N00314341EA009940110900512
B1619014531737N00314365EA009910110600512
B1619024531721N00314390EA009880110300512
B1619034531705N00314415EA009860110000512
B1619044531689N00314441EA009830109800512
B1619054531674N00314467EA009810109500512
B1619064531661N00314495EA009770109300512
B1619074531648N00314523EA009760109000512
B1619084531636N00314552EA009730108700512
B1619094531626N00314582EA009710108500512
B1619104531617N00314613EA009700108400512
B1619114531610N00314644EA009690108300512
B1619124531603N00314675EA009670108000512
B1619134531599N00314705EA009630107500512
B1619144531595N00314735EA009570106900512
B1619154531593N00314765EA009520106300512
B1619164531592N00314795EA009470105700512
B1619174531592N00314825EA009410105200512
B1619184531592N00314854EA009380104800512
B1619194531594N00314884EA009340104300512
B1619204531595N00314913EA009310104100512
B1619214531597N00314943EA009300104000512
B1619224531600N00314972EA009280103700512
B1619234531603N00315001EA009280103600512
B1619244531606N00315030EA009280103800512
B1619254531611N00315058EA009330104200512
B1619264531615N00315085EA009370104800512
B1619274531620N00315112EA009410105100512
LXNA::BAT:charging,100%,4.252V,0mA
B1619284531625N00315138EA009430105200512
B1619294531631N00315164EA009420105100512
B1619304531637N00315190EA009400104900512
B1619314531643N00315215EA009380104700512
B1619324531649N00315241EA009370104600512
B1619334531656N00315266EA009360104600512
B1619344531662N00315291EA009360104500512
B1619354531668N00315316EA009350104400512
LXNA::AVGSATSNR:39
B1619364531674N00315341EA009330104200512
B1619374531680N00315366EA009320104000512
B1619384531685N00315391EA009270103600512
B1619394531691N00315416EA009240103200512
B1619404531697N00315441EA009190102800512
B1619414531702N00315467EA009150102300512
B1619424531708N00315494EA009100101900512
B1619434531713N00315520EA009060101500512
B1619444531718N00315547EA009030101200512
B1619454531723N00315574EA009000100800512
B1619464531729N00315600EA008970100500512
B1619474531734N00315627EA008920100100512
B1619484531740N00315653EA008890099800512
B1619494531746N00315680EA008870099500512
B1619504531753N00315706EA008840099200512
B1619514531759N00315731EA008810099000512
B1619524531765N00315757EA008790098700512
B1619534531771N00315783EA008760098400512
B1619544531777N00315808EA008730098100512
B1619554531784N00315834EA008700097800512
B1619564531790N00315859EA008670097500512
B1619574531796N00315884EA008650097200512
B1619584531803N00315909EA008630097100512
B1619594531809N00315935EA008630097000512
B1620004531815N00315960EA008610096900512
B1620014531821N00315985EA008600096700512
B1620024531827N00316011EA008570096500512
B1620034531833N00316037EA008550096200512
B1620044531839N00316063EA008520095900512
B1620054531844N00316090EA008500095700512
B1620064531849N00316118EA008470095500512
B1620074531854N00316146EA008450095200512
B1620084531858N00316175EA008430094900512
B1620094531861N00316204EA008400094800512
B1620104531864N00316233EA008400094700512
B1620114531867N00316262EA008400094800512
B1620124531869N00316292EA008390094800512
B1620134531870N00316321EA008390094600512
B1620144531872N00316350EA008380094600512
B1620154531873N00316379EA008370094400512
B1620164531873N00316408EA008340094200512
B1620174531871N00316437EA008320094100512
B1620184531868N00316466EA008310093800512
B1620194531863N00316495EA008280093600512
B1620204531857N00316523EA008250093400512
B1620214531848N00316551EA008240093200512
B1620224531837N00316578EA008210093000512
B1620234531824N00316603EA008190092800512
B1620244531808N00316626EA008190092800512
B1620254531790N00316644EA008200092900512
B1620264531771N00316659EA008200092900512
B1620274531750N00316670EA008210093000512
B1620284531728N00316676EA008210092900512
B1620294531706N00316678EA008200092800512
B1620304531684N00316675EA008170092500512
B1620314531663N00316668EA008120091900512
B1620324531643N00316656EA008070091200512
B1620334531624N00316639EA008000090600512
B1620344531608N00316617EA007940089900512
B1620354531595N00316592EA007880089300512
B1620364531586N00316565EA007820088700512
LXNA::AVGSATSNR:37
B1620374531579N00316536EA007760088000512
B1620384531576N00316507EA007690087300512
B1620394531575N00316478EA007600086500512
B1620404531578N00316450EA007540085600512
K162040011029
B1620414531583N00316423EA007450084800512
B1620424531590N00316397EA007380084000512
B1620434531600N00316374EA007320083300512
B1620444531613N00316354EA007250082700512
B1620454531627N00316337EA007200082000512
B1620464531642N00316324EA007120081300512
B1620474531658N00316313EA007070080600512
B1620484531676N00316307EA007000079900512
F16204822181520090514072130
B1620494531693N00316305EA006940079300512
B1620504531711N00316307EA006890078700512
B1620514531728N00316312EA006840078200512
B1620524531744N00316321EA006780077700512
B1620534531758N00316335EA006740077200512
B1620544531770N00316352EA006710076700512
B1620554531780N00316373EA006660076300512
B1620564531787N00316397EA006620075800512
B1620574531791N00316422EA006580075200512
B1620584531792N00316449EA006510074600512
B1620594531790N00316476EA006460074100512
B1621004531785N00316504EA006420073800512
B1621014531777N00316532EA006390073500512
B1621024531765N00316557EA006360073100512
B1621034531751N00316581EA006320072700512
B1621044531734N00316602EA006290072400512
B1621054531714N00316620EA006260072100512
B1621064531693N00316635EA006240071800512
B1621074531670N00316646EA006210071500512
B1621084531646N00316655EA006180071300512
B1621094531622N00316662EA006160071100512
B1621104531597N00316667EA006140070900512
B1621114531571N00316671EA006110070600512
B1621124531545N00316673EA006080070300512
K162112005016
B1621134531519N00316674EA006050070100512
B1621144531493N00316675EA006040070000512
B1621154531468N00316674EA006050070200512
B1621164531442N00316673EA006070070300512
B1621174531417N00316671EA006080070500512
B1621184531393N00316669EA006100070800512
B1621194531369N00316667EA006140071100512
B1621204531346N00316665EA006170071400512
B1621214531324N00316662EA006180071500512
B1621224531301N00316660EA006180071500512
B1621234531279N00316658EA006170071300512
B1621244531257N00316655EA006160071100512
B1621254531235N00316654EA006130070900512
B1621264531212N00316652EA006090070500512
B1621274531190N00316652EA006060070200512
B1621284531167N00316652EA006030070000512
B1621294531144N00316653EA006010069800512
B1621304531121N00316655EA006000069600512
B1621314531098N00316657EA005980069400512
B1621324531075N00316660EA005960069200512
B1621334531052N00316664EA005940068900512
B1621344531029N00316668EA005920068700512
B1621354531006N00316673EA005900068600512
B1621364530983N00316678EA005900068500512
B1621374530960N00316683EA005880068400512
LXNA::AVGSATSNR:38
B1621384530937N00316689EA005880068300512
B1621394530914N00316695EA005870068300512
B1621404530891N00316700EA005890068300512
B1621414530868N00316707EA005860068200512
B1621424530844N00316713EA005860068200512
B1621434530821N00316720EA005850068100512
B1621444530797N00316727EA005840068000512
B1621454530774N00316734EA005830067800512
B1621464530750N00316740EA005820067800512
B1621474530727N00316746EA005810067800512
B1621484530703N00316752EA005800067600512
B1621494530680N00316758EA005780067400512
B1621504530656N00316765EA005760067200512
B1621514530632N00316771EA005750067000512
B1621524530608N00316776EA005730066900512
B1621534530584N00316781EA005720066800512
B1621544530560N00316785EA005720066700512
B1621554530536N00316789EA005710066600512
B1621564530511N00316793EA005700066500512
B1621574530487N00316796EA005680066300512
B1621584530463N00316799EA005670066100512
B1621594530438N00316800EA005630065800512
B1622004530413N00316801EA005620065700512
B1622014530388N00316801EA005620065700512
B1622024530364N00316798EA005600065600512
B1622034530340N00316792EA005610065400512
B1622044530317N00316782EA005590065300512
B1622054530295N00316769EA005580065300512
B1622064530276N00316753EA005570065100512
B1622074530258N00316734EA005550064800512
B1622084530242N00316714EA005510064400512
B1622094530229N00316692EA005470064000512
B1622104530217N00316668EA005430063600512
B1622114530207N00316644EA005390063000512
B1622124530198N00316619EA005340062500512
B1622134530191N00316593EA005270061800512
B1622144530184N00316566EA005180061000512
B1622154530178N00316538EA005120060300512
B1622164530174N00316509EA005040059500512
B1622174530170N00316480EA004970058800512
B1622184530166N00316451EA004900058100512
B1622194530163N00316422EA004850057500512
B1622204530161N00316392EA004790056900512
B1622214530159N00316363EA004730056400512
B1622224530159N00316334EA004680055800512
B1622234530160N00316306EA004630055200512
B1622244530162N00316278EA004560054700512
B1622254530168N00316252EA004510054100512
B1622264530175N00316227EA004480053800512
B1622274530185N00316204EA004460053500512
B1622284530196N00316181EA004430053300512
LXNA::BAT:charging,100%,4.252V,-6000mA
B1622294530208N00316162EA004400053100512
B1622304530221N00316144EA004390052800512
B1622314530234N00316127EA004360052400512
B1622324530248N00316113EA004330052300512
B1622334530263N00316101EA004310052000512
B1622344530278N00316090EA004260051600512
B1622354530293N00316081EA004230051200512
B1622364530308N00316073EA004200051000512
B1622374530324N00316066EA004170050600512
B1622384530339N00316060EA004120050200512
LXNA::AVGSATSNR:39
B1622394530354N00316056EA004080049700512
B1622404530369N00316051EA004030049200512
B1622414530384N00316047EA003990048800512
B1622424530399N00316042EA003960048500512
B1622434530414N00316038EA003930048100512
B1622444530429N00316033EA003890047800512
B1622454530444N00316029EA003880047500512
B1622464530459N00316026EA003840047100512
B1622474530474N00316023EA003800046700512
B1622484530488N00316021EA003770046500512
B1622494530503N00316020EA003740046100512
B1622504530517N00316019EA003710045700512
B1622514530532N00316017EA003670045300512
B1622524530546N00316016EA003630045000512
B1622534530560N00316014EA003610044600512
B1622544530574N00316013EA003570044200512
B1622554530588N00316011EA003540043900512
B1622564530602N00316009EA003520043600512
B1622574530616N00316008EA003490043400512
B1622584530630N00316007EA003470043200512
B1622594530643N00316006EA003470043100512
B1623004530656N00316005EA003450043100512
B1623014530668N00316004EA003460043100512
B1623024530679N00316004EA003460043100512
B1623034530690N00316003EA003460043100512
B1623044530700N00316002EA003460043100512
B1623054530709N00316001EA003460043100512
B1623064530718N00316001EA003460043100512
B1623074530726N00316000EA003470043100512
B1623084530734N00316000EA003460043100512
B1623094530741N00315999EA003470043100512
B1623104530747N00315998EA003470043100512
B1623114530752N00315998EA003480043100512
B1623124530757N00315997EA003470043100512
B1623134530760N00315997EA003470043100512
B1623144530763N00315996EA003470043100512
B1623154530765N00315996EA003470043100512
B1623164530766N00315996EA003480043000512
B1623174530767N00315996EA003480043000512
B1623184530767N00315995EA003480043000512
B1623194530767N00315995EA003480043000512
B1623204530767N00315995EA003480043000512
B1623214530767N00315995EA003480043000512
B1623224530767N00315995EA003480043000512
B1623234530767N00315995EA003480043000512
B1623244530767N00315995EA003480043000512
B1623254530767N00315995EA003480043000512
B1623264530767N00315995EA003480043000512
B1623274530767N00315995EA003480043000512
B1623284530767N00315995EA003480042900512
B1623294530767N00315995EA003480042900512
B1623304530767N00315995EA003480042900512
B1623314530767N00315995EA003490042900512
B1623324530767N00315995EA003480042900512
B1623334530767N00315995EA003490042900512
B1623344530767N00315995EA003480042900512
B1623354530767N00315995EA003480042900512
B1623364530767N00315995EA003480042900512
B1623374530767N00315995EA003490042900512
B1623384530767N00315995EA003490042900512
B1623394530767N00315995EA003490042900512
LXNA::AVGSATSNR:36
B1623404530767N00315995EA003490042900512
B1623414530767N00315995EA003490042900512
B1623424530767N00315995EA003490042900512
B1623434530767N00315995EA003490042900512
B1623444530767N00315995EA003490042900512
B1623454530767N00315995EA003490042900512
B1623464530767N00315995EA003490042900512
B1623474530767N00315995EA003490042900512
B1623484530767N00315995EA003490043000512
B1623494530767N00315995EA003490043000512
F1623492218152009051411072130
B1623504530767N00315995EA003490043000512
B1623514530767N00315995EA003490043000512
B1623524530767N00315995EA003490043000512
B1623534530767N00315995EA003490042900512
B1623544530767N00315995EA003490043000512
B1623554530767N00315995EA003490043000512
B1623564530767N00315995EA003490042900512
B1623574530767N00315995EA003490042900512
B1623584530767N00315995EA003490042900512
B1623594530767N00315995EA003490042900512
B1624004530767N00315995EA003490042900512
B1624014530767N00315995EA003490042900512
B1624024530767N00315995EA003490043000512
B1624034530767N00315995EA003490042900512
B1624044530767N00315995EA003480042900512
B1624054530767N00315995EA003480042900512
B1624064530767N00315995EA003480042900512
B1624074530767N00315995EA003490042900512
B1624084530767N00315995EA003480042900512
B1624094530767N00315995EA003480042900512
B1624104530767N00315995EA003480042900512
B1624114530767N00315995EA003480042900512
B1624124530767N00315995EA003480042900512
B1624134530767N00315995EA003490042900512
K162413005016
B1624144530767N00315995EA003480042900512
B1624154530768N00315995EA003480042900512
B1624164530768N00315995EA003480042900512
B1624174530768N00315995EA003480042900512
B1624184530768N00315995EA003480042900512
B1624194530768N00315995EA003490042900512
B1624204530768N00315995EA003480042900512
B1624214530768N00315995EA003480043000512
B1624224530768N00315995EA003480042900512
B1624234530768N00315995EA003480042900512
B1624244530768N00315995EA003480042900512
B1624254530768N00315995EA003480042900512
B1624264530768N00315995EA003480042900512
B1624274530768N00315995EA003480042900512
B1624284530768N00315995EA003480042900512
B1624294530768N00315996EA003480042900512
B1624304530768N00315996EA003480042900512
B1624314530768N00315996EA003490042900512
B1624324530768N00315996EA003480042900512
B1624334530768N00315996EA003480042900512
B1624344530768N00315996EA003480042900512
B1624354530768N00315996EA003480042900512
B1624364530768N00315996EA003480042900512
B1624374530768N00315996EA003480042900512
B1624384530768N00315996EA003480042900512
B1624394530768N00315996EA003480042900512
B1624404530768N00315996EA003480042900512
LXNA::AVGSATSNR:41
B1624414530768N00315996EA003480042800512
B1624424530768N00315996EA003480042800512
B1624434530768N00315996EA003480042800512
B1624444530768N00315996EA003480042800512
B1624454530768N00315996EA003490042800512
B1624464530768N00315996EA003490042900512
B1624474530768N00315996EA003480042900512
B1624484530768N00315996EA003490042900512
B1624494530768N00315996EA003480042800512
B1624504530768N00315996EA003480042900512
B1624514530768N00315996EA003480042900512
B1624524530768N00315996EA003480042900512
B1624534530768N00315996EA003480042900512
B1624544530768N00315996EA003480042900512
B1624554530768N00315996EA003480042900512
B1624564530768N00315996EA003480042900512
B1624574530768N00315996EA003480042900512
B1624584530768N00315996EA003480042900512
B1624594530768N00315996EA003480042900512
B1625004530768N00315996EA003480042900512
B1625014530768N00315996EA003480042900512
B1625024530768N00315996EA003480042900512
B1625034530768N00315996EA003480042900512
B1625044530768N00315996EA003480042900512
B1625054530768N00315996EA003490042900512
B1625064530768N00315996EA003490042800512
B1625074530768N00315995EA003490042800512
B1625084530768N00315995EA003490042800512
B1625094530768N00315995EA003480042800512
B1625104530768N00315995EA003490042800512
B1625114530768N00315995EA003490042800512
B1625124530768N00315995EA003490042800512
B1625134530768N00315995EA003490042900512
B1625144530768N00315995EA003490042900512
B1625154530767N00315995EA003490042900512
B1625164530767N00315995EA003490043000512
B1625174530767N00315995EA003490043000512
LXNA::PHASE:onGround
B1625184530767N00315995EA003490043000512
LXNA::LOGSTOP
LXNA::PHASE:onGround
G00EC9964CE68FDECB6544D123CBB100663C21E3A403822A96AFE52536255C74E523724
G6EB866CFD436C175991F3CA60A76F35C39236129763FA37B935D9E32BDD5
LXCM::TKOFFLAND:1,20260719122633,20260719162517
LXCM::TKOFFLANDALT:1,372,382
LXCM::SOARINGBEGIN:1,20260719123014,885
LXCM::OPT:1,3,226078,5,242035,5,242035
LXCM::OPT_P3:1,4532107N,00316625E,20260719123014
LXCM::OPT_P3:1,4457357N,00346064E,20260719141155
LXCM::OPT_P3:1,4527956N,00333484E,20260719150645
LXCM::OPT_P3:1,4510509N,00340462E,20260719153607
LXCM::OPT_P3:1,4534088N,00310696E,20260719161621
LXCM::OPT_P5:1,4531101N,00316286E,20260719124900
LXCM::OPT_P5:1,4529445N,00329974E,20260719131117
LXCM::OPT_P5:1,4457357N,00346064E,20260719141155
LXCM::OPT_P5:1,4527956N,00333484E,20260719150645
LXCM::OPT_P5:1,4510509N,00340462E,20260719153607
LXCM::OPT_P5:1,4534088N,00311120E,20260719161637
LXCM::OPT_P5:1,4530242N,00316714E,20260719162208
LXCM::OPT_PN:1,4531101N,00316286E,20260719124900
LXCM::OPT_PN:1,4529445N,00329974E,20260719131117
LXCM::OPT_PN:1,4457357N,00346064E,20260719141155
LXCM::OPT_PN:1,4527956N,00333484E,20260719150645
LXCM::OPT_PN:1,4510509N,00340462E,20260719153607
LXCM::OPT_PN:1,4534088N,00311120E,20260719161637
LXCM::OPT_PN:1,4530242N,00316714E,20260719162208
LXCM::TRIANGLE:1,FAI_NO,162152,-16384,0.081
LXCM::TRI_P:1,4532107N,00316625E,20260719123014
LXCM::TRI_P:1,4457357N,00346064E,20260719141155
LXCM::TRI_P:1,4527956N,00333484E,20260719150645
LXCM::POPT:1,0,,-16384,-16384
LXCM::FLTSTAT1:1,18.93,0.88,44.08,2740,2162,49.89
LXCM::FLTSTAT2:1,20260719143747,20260719143214,4.16,371,20260719122634
LXCM::FLTVARIO:1,60,3.52,20260719124644,-3.90,20260719162114
LXCM::TASK:1,-16384,-16384,-16384,-16384,-16384
LXCM::TASK2:1,-16384,-16384,-16384,-16384,-16384,-16384
LXCM::TASK3:1,-16384,-16384,-16384,-16384,-16384
LXCM::ENDINFO
