AXNA200296
HFDTEDATE:270726,02
HFPLTPILOTINCHARGE:Thierry Fraudet
HFCM2CREW2:NIL
HFGTYGLIDERTYPE:Janus C
HFGIDGLIDERID:F-CJDT
HFDTMGPSDATUM:WGS84
HFRFWFIRMWAREVERSION:3.11.0+3679
HFRHWHARDWAREVERSION:1.0
HFFTYFRTYPE:Naviter,Oudie N
HFGPSRECEIVER:uBlox,MAX-M8Q,72,50000
HFPRSPRESSALTSENSOR:Bosch,BMP390L,9150
HFALGALTGPS:ELL
HFALPALTPRESSURE:ISA
HFCIDCOMPETITIONID:NKN
HFCCLCOMPETITIONCLASS:NKN
HFTZNTIMEZONE:2.0
I023638FXA3940SIU
J020810WDI1113WSP
LXNA::VEHICLE:0
LXNA::ACTIVITY:fly
LXNA::LOGSTART,GSP
LXNA::PHASE:onGround
E144837ATS101945
B1448374530626N00316079EA003220043400512
K144837012012
B1448384530626N00316079EA003220043400512
B1448394530626N00316079EA003220043300512
B1448404530626N00316079EA003220043300512
B1448414530626N00316079EA003220043300512
B1448424530626N00316079EA003220043300512
B1448434530626N00316079EA003220043300512
B1448444530626N00316079EA003220043300512
B1448454530626N00316079EA003220043300512
B1448464530626N00316079EA003220043200512
B1448474530626N00316079EA003220043200512
B1448484530626N00316079EA003220043200512
B1448494530626N00316079EA003220043200512
B1448504530626N00316079EA003220043200512
B1448514530626N00316079EA003220043200512
B1448524530626N00316079EA003220043200512
B1448534530626N00316079EA003220043200512
B1448544530626N00316079EA003220043200512
B1448554530626N00316079EA003220043200512
B1448564530626N00316079EA003220043200512
B1448574530626N00316079EA003220043200512
B1448584530626N00316079EA003220043200512
B1448594530626N00316079EA003220043200512
B1449004530626N00316079EA003220043200512
B1449014530626N00316079EA003220043200512
B1449024530626N00316079EA003220043100512
B1449034530626N00316079EA003220043100512
B1449044530626N00316079EA003220043100512
B1449054530626N00316079EA003220043200512
B1449064530626N00316079EA003220043200512
B1449074530626N00316079EA003220043200512
B1449084530626N00316079EA003220043200512
B1449094530626N00316079EA003220043200512
B1449104530626N00316079EA003220043200512
B1449114530626N00316079EA003220043300512
B1449124530626N00316079EA003220043300512
B1449134530626N00316079EA003220043300512
B1449144530626N00316079EA003220043300512
B1449154530626N00316079EA003220043300512
B1449164530626N00316079EA003220043300512
B1449174530626N00316079EA003220043300512
B1449184530626N00316079EA003220043300512
B1449194530626N00316079EA003220043300512
B1449204530626N00316079EA003220043300512
B1449214530626N00316079EA003220043300512
B1449224530626N00316079EA003220043300512
B1449234530626N00316079EA003220043300512
B1449244530626N00316079EA003220043300512
B1449254530626N00316079EA003220043300512
B1449264530626N00316079EA003220043300512
B1449274530627N00316079EA003220043300512
B1449284530628N00316079EA003220043300512
B1449294530630N00316078EA003220043300512
B1449304530633N00316078EA003220043300512
B1449314530637N00316077EA003220043300512
B1449324530641N00316077EA003230043300512
LXNA::PHASE:takingOff
B1449334530646N00316076EA003230043300512
B1449344530652N00316075EA003220043300512
B1449354530659N00316074EA003220043300512
B1449364530666N00316073EA003220043200512
B1449374530674N00316072EA003220043300512
B1449384530682N00316071EA003210043300512
B1449394530692N00316070EA003210043200512
B1449404530702N00316068EA003210043200512
B1449414530712N00316067EA003210043200512
B1449424530723N00316065EA003210043300512
LXNA::PHASE:onTow
B1449434530735N00316064EA003220043300512
B1449444530747N00316062EA003220043300512
B1449454530760N00316060EA003230043300512
B1449464530774N00316059EA003230043300512
B1449474530788N00316057EA003220043300512
B1449484530802N00316056EA003230043300512
B1449494530817N00316054EA003240043400512
B1449504530832N00316052EA003240043400612
B1449514530847N00316051EA003250043500612
B1449524530863N00316049EA003270043700612
B1449534530879N00316047EA003280043800612
B1449544530895N00316045EA003290043900512
B1449554530911N00316043EA003300044000512
B1449564530927N00316041EA003310044100512
B1449574530944N00316039EA003320044300512
B1449584530960N00316036EA003330044300512
B1449594530977N00316034EA003340044500512
B1450004530994N00316032EA003360044600512
B1450014531011N00316030EA003380044900512
B1450024531029N00316030EA003400045100512
B1450034531046N00316029EA003420045200512
B1450044531063N00316029EA003450045400512
B1450054531080N00316028EA003460045600512
B1450064531097N00316028EA003480045800512
B1450074531114N00316027EA003500046100512
B1450084531132N00316027EA003520046400512
B1450094531149N00316027EA003560046700512
B1450104531166N00316027EA003580046900512
B1450114531183N00316026EA003600047200512
B1450124531201N00316026EA003630047400512
B1450134531218N00316025EA003650047700512
B1450144531236N00316026EA003670047900512
B1450154531253N00316026EA003680048000512
B1450164531271N00316026EA003710048200512
B1450174531288N00316026EA003730048400512
LXNA::AVGSATSNR:39
F145017300507210911062014
B1450184531306N00316026EA003750048600512
B1450194531324N00316026EA003780048900512
B1450204531342N00316025EA003810049200512
LXNA::BAT:charging,100%,4.251V,72mA
B1450214531359N00316024EA003820049400512
B1450224531377N00316024EA003850049600512
B1450234531395N00316024EA003860049700512
B1450244531413N00316023EA003870049900512
B1450254531431N00316024EA003890050000512
B1450264531449N00316025EA003900050100512
B1450274531467N00316026EA003900050200512
B1450284531485N00316028EA003910050300512
B1450294531503N00316030EA003930050400512
B1450304531521N00316031EA003940050600512
B1450314531540N00316032EA003960050800512
B1450324531558N00316033EA003990051100512
B1450334531576N00316035EA004010051300512
B1450344531594N00316036EA004030051500512
B1450354531613N00316037EA004030051700512
B1450364531631N00316038EA004080052100512
B1450374531650N00316039EA004120052500512
B1450384531668N00316041EA004150052700512
B1450394531687N00316042EA004160052900512
B1450404531705N00316044EA004200053200512
B1450414531723N00316048EA004220053400512
B1450424531741N00316052EA004250053700512
B1450434531759N00316057EA004270054000512
B1450444531776N00316064EA004290054200512
B1450454531794N00316071EA004320054600512
B1450464531811N00316080EA004360054800512
B1450474531828N00316090EA004360055000512
B1450484531845N00316101EA004390055200512
B1450494531861N00316113EA004430055600512
B1450504531877N00316127EA004470056000512
B1450514531892N00316142EA004500056200512
B1450524531906N00316158EA004510056500512
B1450534531921N00316174EA004550056800512
B1450544531935N00316192EA004590057200512
B1450554531948N00316211EA004620057400512
B1450564531961N00316230EA004610057500512
B1450574531972N00316251EA004630057600512
B1450584531983N00316273EA004640057800512
B1450594531992N00316297EA004650057900512
B1451004532000N00316321EA004680058000512
B1451014532008N00316345EA004690058200512
B1451024532015N00316369EA004710058500512
B1451034532022N00316394EA004750058800512
B1451044532027N00316420EA004770059000512
B1451054532032N00316445EA004780059100512
B1451064532036N00316472EA004780059200512
B1451074532039N00316498EA004790059300512
B1451084532041N00316525EA004800059400512
B1451094532042N00316552EA004820059700512
B1451104532042N00316578EA004860060000612
B1451114532042N00316605EA004890060400512
B1451124532041N00316631EA004930060700512
B1451134532039N00316658EA004960061100512
B1451144532036N00316684EA004990061400612
B1451154532033N00316711EA005010061600512
B1451164532029N00316737EA005000061600512
B1451174532023N00316762EA005060062000512
B1451184532016N00316788EA005100062500512
LXNA::AVGSATSNR:39
B1451194532009N00316813EA005110062800512
B1451204532002N00316838EA005160063100512
B1451214531994N00316863EA005180063400512
B1451224531985N00316887EA005220063600512
B1451234531976N00316911EA005210063800512
B1451244531965N00316934EA005230064000512
B1451254531954N00316957EA005250064300512
B1451264531941N00316979EA005270064400512
B1451274531929N00317000EA005280064500512
B1451284531915N00317020EA005300064700512
B1451294531899N00317039EA005330064900512
B1451304531884N00317057EA005330065100512
B1451314531867N00317074EA005350065200512
B1451324531849N00317089EA005350065300512
B1451334531831N00317103EA005360065400512
B1451344531812N00317116EA005370065500512
B1451354531793N00317128EA005380065600612
B1451364531773N00317138EA005400065900512
B1451374531753N00317147EA005450066300512
B1451384531733N00317157EA005490066500512
K145138012012
B1451394531712N00317166EA005490066700512
B1451404531692N00317174EA005500066900512
B1451414531670N00317181EA005530067100512
B1451424531649N00317187EA005550067300512
B1451434531627N00317192EA005560067400512
B1451444531605N00317195EA005570067500512
B1451454531583N00317197EA005580067600512
B1451464531561N00317198EA005590067700512
B1451474531539N00317197EA005600067800512
B1451484531517N00317194EA005630068000512
B1451494531495N00317190EA005660068200512
B1451504531473N00317183EA005660068400512
B1451514531451N00317175EA005690068600512
B1451524531430N00317165EA005710068800512
B1451534531410N00317152EA005720068900512
B1451544531390N00317138EA005730069000512
B1451554531370N00317122EA005730069100512
B1451564531352N00317106EA005730069000512
B1451574531333N00317087EA005720069000512
B1451584531316N00317068EA005740069100512
B1451594531300N00317046EA005750069200512
B1452004531284N00317023EA005770069400512
B1452014531270N00317000EA005780069700512
B1452024531256N00316975EA005810069800512
B1452034531243N00316949EA005820069900512
B1452044531231N00316924EA005830070200512
B1452054531220N00316897EA005890070600512
B1452064531210N00316870EA005920071000512
B1452074531201N00316842EA005940071200512
B1452084531194N00316813EA005930071200512
B1452094531188N00316784EA005940071200512
B1452104531183N00316754EA005950071300512
B1452114531180N00316724EA005950071500512
B1452124531179N00316695EA005990071700612
B1452134531180N00316666EA006000071900612
B1452144531183N00316637EA006010072000612
B1452154531187N00316610EA006030072200512
B1452164531193N00316583EA006050072400512
B1452174531200N00316557EA006080072700512
B1452184531208N00316532EA006110073000512
B1452194531217N00316508EA006140073400512
LXNA::AVGSATSNR:38
B1452204531228N00316486EA006190073800512
B1452214531241N00316467EA006230074300512
B1452224531254N00316448EA006290074800612
B1452234531268N00316430EA006310075100612
B1452244531282N00316412EA006360075500612
B1452254531296N00316394EA006390075800612
B1452264531309N00316375EA006410076100612
B1452274531323N00316357EA006470076600612
B1452284531336N00316339EA006520077000612
B1452294531350N00316321EA006550077500612
B1452304531365N00316305EA006600078000612
B1452314531379N00316289EA006650078600612
B1452324531394N00316274EA006700079100612
B1452334531409N00316260EA006760079700612
B1452344531424N00316247EA006810080300512
B1452354531440N00316235EA006830080700512
B1452364531456N00316225EA006870081100512
B1452374531472N00316217EA006920081500512
B1452384531489N00316211EA006950081800512
B1452394531506N00316207EA006970082000512
B1452404531524N00316206EA006980082200512
B1452414531541N00316207EA006990082400512
B1452424531558N00316209EA006990082400512
B1452434531576N00316212EA007010082600512
B1452444531593N00316216EA007040082800512
B1452454531611N00316221EA007060083100512
B1452464531629N00316225EA007070083200512
B1452474531646N00316230EA007080083400512
B1452484531664N00316234EA007120083700512
B1452494531682N00316239EA007140084000512
B1452504531700N00316244EA007170084400512
B1452514531717N00316250EA007190084600512
B1452524531735N00316256EA007230084900512
B1452534531753N00316263EA007250085200512
B1452544531770N00316271EA007280085500512
B1452554531787N00316280EA007300085700512
B1452564531805N00316289EA007320085900512
B1452574531822N00316299EA007350086100512
B1452584531839N00316310EA007360086300512
B1452594531855N00316322EA007380086400512
B1453004531871N00316336EA007380086500512
B1453014531887N00316350EA007420086800512
B1453024531903N00316364EA007460087100512
B1453034531919N00316377EA007480087500512
B1453044531934N00316391EA007510087700512
B1453054531950N00316405EA007520087900512
B1453064531966N00316419EA007560088200512
B1453074531982N00316432EA007580088500512
B1453084531998N00316445EA007610088700512
B1453094532015N00316459EA007630089000512
B1453104532031N00316473EA007650089200512
B1453114532047N00316488EA007660089300512
B1453124532063N00316504EA007660089400512
B1453134532078N00316520EA007690089700512
B1453144532093N00316537EA007720090000512
B1453154532109N00316554EA007750090300512
B1453164532124N00316570EA007770090600512
B1453174532140N00316587EA007810090900512
B1453184532156N00316602EA007840091200512
B1453194532172N00316618EA007860091500512
B1453204532188N00316634EA007900091900512
LXNA::AVGSATSNR:40
B1453214532204N00316650EA007930092400512
LXNA::BAT:charging,100%,4.251V,54mA
B1453224532220N00316667EA007980092800512
B1453234532236N00316684EA008020093200512
B1453244532251N00316701EA008060093600512
B1453254532266N00316718EA008140094200512
B1453264532281N00316735EA008160094600512
B1453274532296N00316752EA008190095000512
B1453284532310N00316771EA008260095500512
B1453294532322N00316791EA008280096000512
B1453304532334N00316812EA008340096500512
B1453314532344N00316834EA008380097000512
B1453324532354N00316856EA008430097400512
B1453334532363N00316879EA008510098000512
B1453344532371N00316903EA008560098800512
B1453354532378N00316928EA008640099500512
B1453364532383N00316954EA008690100100512
B1453374532387N00316980EA008730100500512
B1453384532389N00317007EA008750100800512
B1453394532390N00317034EA008800101300512
B1453404532389N00317062EA008870101900512
B1453414532387N00317090EA008920102400512
B1453424532384N00317118EA008960102800512
B1453434532379N00317145EA008990103100512
B1453444532372N00317172EA009030103500512
B1453454532363N00317198EA009070103800512
B1453464532353N00317222EA009080104000512
B1453474532340N00317245EA009100104200512
B1453484532325N00317266EA009130104500512
LXNA::PHASE:soaring
B1453494532309N00317284EA009180105000512
B1453504532290N00317299EA009230105500512
B1453514532270N00317311EA009280106000512
B1453524532249N00317319EA009320106500512
B1453534532227N00317325EA009360106900512
B1453544532205N00317327EA009400107300512
B1453554532183N00317327EA009430107600512
B1453564532161N00317324EA009460108000512
B1453574532138N00317318EA009510108400512
B1453584532117N00317308EA009540108800512
B1453594532096N00317295EA009580109100512
B1454004532077N00317279EA009580109300512
B1454014532058N00317260EA009600109400512
B1454024532042N00317240EA009610109600512
B1454034532026N00317217EA009640109800512
B1454044532013N00317192EA009660110100512
B1454054532003N00317166EA009690110400512
B1454064531995N00317139EA009720110900512
B1454074531990N00317112EA009790111500512
B1454084531988N00317085EA009840112000512
B1454094531987N00317059EA009900112500512
B1454104531989N00317033EA009940112900512
B1454114531993N00317009EA009990113400512
B1454124532000N00316985EA010050113800512
B1454134532008N00316963EA010050114000512
B1454144532019N00316944EA010080114300512
B1454154532032N00316928EA010110114600512
B1454164532046N00316913EA010140114800512
B1454174532062N00316900EA010170115000512
B1454184532078N00316891EA010190115300512
B1454194532095N00316884EA010250115700512
B1454204532112N00316879EA010290116200512
B1454214532130N00316876EA010330116600512
LXNA::AVGSATSNR:40
B1454224532148N00316877EA010380117100512
B1454234532165N00316880EA010420117600512
B1454244532183N00316885EA010470118100512
B1454254532200N00316894EA010510118600512
B1454264532216N00316905EA010560119100512
B1454274532232N00316918EA010610119600512
B1454284532247N00316934EA010640120100512
B1454294532260N00316952EA010710120700512
B1454304532272N00316972EA010760121400512
B1454314532282N00316993EA010830122100512
B1454324532288N00317016EA010900122700512
B1454334532291N00317041EA010950123300512
B1454344532291N00317065EA011000123700512
B1454354532289N00317089EA011030124100512
B1454364532283N00317112EA011050124300512
B1454374532274N00317133EA011060124500512
B1454384532262N00317153EA011060124500512
B1454394532247N00317169EA011090124700512
K145439012012
B1454404532231N00317182EA011100124700512
B1454414532214N00317191EA011080124600512
B1454424532195N00317195EA011070124500512
B1454434532176N00317194EA011070124500512
B1454444532157N00317189EA011080124600512
B1454454532139N00317182EA011090124600512
B1454464532121N00317172EA011080124600512
B1454474532104N00317160EA011100124700512
B1454484532088N00317145EA011110124900512
B1454494532074N00317127EA011140125100512
B1454504532062N00317108EA011150125300512
B1454514532052N00317086EA011170125400512
B1454524532046N00317063EA011180125600512
B1454534532042N00317040EA011210126000512
B1454544532043N00317017EA011240126300512
B1454554532048N00316997EA011280126600512
B1454564532056N00316979EA011300126900512
B1454574532067N00316966EA011320127000512
K145457312007
B1454584532079N00316957EA011330127200512
B1454594532093N00316955EA011340127200512
B1455004532108N00316958EA011350127300512
B1455014532121N00316967EA011350127400512
B1455024532133N00316982EA011360127600512
B1455034532141N00317001EA011370127700512
B1455044532146N00317024EA011380127800512
B1455054532146N00317049EA011400128000512
K145505318009
B1455064532142N00317074EA011420128200512
B1455074532133N00317097EA011430128400512
B1455084532121N00317118EA011430128400512
B1455094532106N00317134EA011440128500512
B1455104532089N00317146EA011460128700512
B1455114532071N00317154EA011480128800512
K145511323009
B1455124532052N00317158EA011490129000512
B1455134532034N00317156EA011520129200512
B1455144532016N00317151EA011530129500512
B1455154531998N00317142EA011550129700512
B1455164531982N00317131EA011570129800512
B1455174531966N00317119EA011580129800512
B1455184531950N00317105EA011580129800512
K145518329010
B1455194531937N00317089EA011580129900512
B1455204531926N00317070EA011600130100512
B1455214531917N00317049EA011620130400512
B1455224531912N00317027EA011650130700512
LXNA::AVGSATSNR:41
B1455234531909N00317005EA011690131000512
B1455244531909N00316984EA011710131200512
B1455254531912N00316964EA011720131300512
B1455264531919N00316946EA011730131400512
B1455274531928N00316930EA011740131500512
B1455284531939N00316918EA011750131500512
F1455283005072109112014
B1455294531952N00316910EA011760131600512
B1455304531967N00316906EA011770131700512
B1455314531982N00316908EA011770131900512
B1455324531997N00316915EA011810132100512
B1455334532010N00316927EA011840132600512
B1455344532022N00316943EA011890133000512
B1455354532030N00316963EA011920133300512
B1455364532036N00316985EA011950133700512
B1455374532039N00317008EA011980134000512
B1455384532038N00317033EA012010134300512
B1455394532033N00317057EA012020134500512
B1455404532025N00317079EA012040134700512
B1455414532014N00317099EA012050134800512
B1455424532001N00317117EA012070135000512
B1455434531985N00317130EA012080135100512
B1455444531968N00317138EA012100135400512
B1455454531950N00317141EA012130135600512
B1455464531932N00317139EA012150135900512
B1455474531915N00317133EA012170136100512
B1455484531899N00317124EA012180136200512
B1455494531885N00317111EA012190136200512
B1455504531872N00317094EA012180136300512
K145550332012
B1455514531862N00317075EA012200136400512
B1455524531855N00317054EA012230136700512
B1455534531851N00317032EA012250137000512
B1455544531851N00317011EA012280137200512
B1455554531853N00316991EA012300137400512
B1455564531859N00316973EA012320137700512
B1455574531866N00316957EA012350138000512
B1455584531876N00316943EA012370138300512
B1455594531886N00316931EA012410138600512
B1456004531898N00316921EA012440138800512
B1456014531910N00316914EA012450139000512
B1456024531924N00316911EA012460139100512
B1456034531938N00316911EA012480139300512
B1456044531951N00316915EA012510139500512
B1456054531964N00316923EA012520139700512
B1456064531976N00316935EA012550139900512
B1456074531986N00316949EA012570140100512
B1456084531995N00316967EA012580140200512
B1456094532001N00316987EA012600140400512
B1456104532005N00317010EA012610140700512
B1456114532004N00317034EA012640141000512
B1456124532000N00317058EA012660141200512
B1456134531993N00317081EA012690141400512
B1456144531983N00317101EA012710141600512
B1456154531969N00317119EA012720141700512
B1456164531954N00317133EA012720141800512
B1456174531937N00317144EA012740142000512
B1456184531919N00317149EA012750142100512
B1456194531901N00317150EA012760142200512
B1456204531884N00317145EA012780142400512
B1456214531868N00317135EA012790142500512
B1456224531854N00317121EA012810142700512
LXNA::BAT:charging,100%,4.250V,48mA
B1456234531842N00317104EA012820142900512
LXNA::AVGSATSNR:40
B1456244531834N00317085EA012850143100512
B1456254531829N00317064EA012880143500512
B1456264531828N00317043EA012910143800512
B1456274531829N00317023EA012930144100512
B1456284531833N00317005EA012950144200512
B1456294531840N00316988EA012950144300512
B1456304531850N00316974EA012970144500512
B1456314531861N00316963EA012990144700512
B1456324531874N00316955EA013030145100512
B1456334531888N00316951EA013060145500512
B1456344531901N00316951EA013100145700512
B1456354531915N00316955EA013120145900512
B1456364531928N00316964EA013140146100512
B1456374531939N00316977EA013140146200512
B1456384531949N00316993EA013150146300512
B1456394531956N00317013EA013160146400512
B1456404531961N00317035EA013170146500512
B1456414531962N00317059EA013170146500512
B1456424531959N00317085EA013180146600512
B1456434531953N00317110EA013180146600512
B1456444531944N00317133EA013200146800512
B1456454531931N00317153EA013220147100512
B1456464531916N00317169EA013240147200512
B1456474531899N00317181EA013260147400512
B1456484531881N00317188EA013270147500512
B1456494531863N00317190EA013280147700512
B1456504531845N00317187EA013310148000512
B1456514531829N00317179EA013350148300512
B1456524531814N00317167EA013370148500512
B1456534531802N00317152EA013390148600512
B1456544531793N00317134EA013410148800512
B1456554531788N00317114EA013410148900512
B1456564531786N00317093EA013430149200512
B1456574531786N00317073EA013460149500512
B1456584531789N00317053EA013500149900512
K145658332015
B1456594531794N00317036EA013530150200512
B1457004531801N00317020EA013570150600512
B1457014531809N00317006EA013610151000512
B1457024531819N00316993EA013640151300512
B1457034531829N00316983EA013650151500512
B1457044531841N00316975EA013660151500512
B1457054531854N00316970EA013660151500512
B1457064531868N00316969EA013660151500512
B1457074531882N00316973EA013670151700512
B1457084531896N00316981EA013700152100512
B1457094531909N00316993EA013740152500512
B1457104531920N00317008EA013780152800512
B1457114531929N00317026EA013810153300512
B1457124531935N00317047EA013840153600512
B1457134531938N00317070EA013870153900512
B1457144531939N00317094EA013900154200512
B1457154531937N00317118EA013930154500512
B1457164531932N00317141EA013950154800512
B1457174531925N00317164EA013970155000512
B1457184531914N00317185EA013980155100512
B1457194531902N00317204EA013990155300512
B1457204531887N00317220EA014010155400512
B1457214531871N00317232EA014020155500512
B1457224531853N00317241EA014030155600512
B1457234531835N00317245EA014040155700512
B1457244531816N00317245EA014050155800512
LXNA::AVGSATSNR:40
B1457254531799N00317239EA014060155900512
B1457264531783N00317228EA014070156100512
B1457274531769N00317214EA014090156300512
B1457284531757N00317198EA014110156400512
B1457294531748N00317179EA014120156600512
B1457304531742N00317159EA014140156700512
B1457314531741N00317138EA014160157000512
B1457324531743N00317118EA014180157200512
B1457334531748N00317100EA014200157400512
K145733327017
B1457344531757N00317085EA014230157700512
B1457354531767N00317072EA014260158000512
B1457364531778N00317062EA014270158200512
B1457374531790N00317055EA014290158400512
B1457384531803N00317051EA014310158500512
B1457394531816N00317053EA014330158700512
B1457404531830N00317058EA014340158800512
B1457414531844N00317068EA014350159000512
B1457424531856N00317083EA014370159300512
B1457434531867N00317102EA014400159500512
B1457444531875N00317124EA014420159600512
B1457454531879N00317148EA014430159800512
B1457464531881N00317174EA014450160100512
B1457474531878N00317201EA014480160400512
B1457484531873N00317227EA014510160700512
B1457494531864N00317250EA014530161000512
B1457504531852N00317271EA014560161200512
B1457514531837N00317289EA014580161500512
B1457524531820N00317302EA014600161600512
B1457534531802N00317311EA014620161700512
B1457544531783N00317314EA014620161700512
B1457554531764N00317313EA014610161700512
B1457564531747N00317307EA014610161800512
B1457574531731N00317296EA014630162000512
B1457584531717N00317281EA014670162300512
B1457594531706N00317264EA014690162500512
B1458004531697N00317245EA014700162500512
B1458014531691N00317225EA014700162500512
B1458024531688N00317204EA014710162500512
B1458034531688N00317183EA014710162700512
B1458044531690N00317163EA014720162800512
B1458054531695N00317145EA014720162800512
B1458064531703N00317129EA014730162800512
B1458074531714N00317116EA014720162900512
B1458084531726N00317107EA014740163000512
B1458094531740N00317100EA014760163200512
B1458104531754N00317095EA014790163500512
B1458114531768N00317093EA014820163800512
B1458124531783N00317093EA014850164000512
B1458134531797N00317097EA014870164200512
B1458144531811N00317105EA014890164500512
B1458154531825N00317117EA014920164700512
B1458164531836N00317132EA014930164900512
B1458174531847N00317151EA014970165200512
B1458184531855N00317172EA014990165500512
B1458194531860N00317196EA015020165900512
B1458204531862N00317220EA015060166400512
B1458214531861N00317245EA015110166800512
B1458224531857N00317269EA015150167100512
B1458234531851N00317292EA015170167200512
B1458244531841N00317314EA015180167200512
B1458254531829N00317333EA015160167100512
LXNA::AVGSATSNR:40
B1458264531815N00317350EA015140167000512
B1458274531799N00317362EA015150167200512
B1458284531781N00317369EA015160167400512
K145828322018
B1458294531763N00317371EA015180167500512
F145829300507210911062014
B1458304531745N00317369EA015200167700512
B1458314531728N00317363EA015220167900512
B1458324531712N00317353EA015240168100512
B1458334531699N00317339EA015250168200512
B1458344531688N00317323EA015260168300512
B1458354531680N00317304EA015270168300512
B1458364531675N00317285EA015270168400512
B1458374531672N00317265EA015280168500512
B1458384531672N00317245EA015290168500512
B1458394531674N00317226EA015300168600512
B1458404531678N00317208EA015310168700512
B1458414531685N00317191EA015320168800512
B1458424531692N00317175EA015330168900512
B1458434531702N00317160EA015340169100512
B1458444531712N00317147EA015350169200512
B1458454531723N00317137EA015350169200512
B1458464531736N00317128EA015360169200512
B1458474531750N00317123EA015360169300512
B1458484531765N00317120EA015380169500512
B1458494531780N00317121EA015390169700512
B1458504531795N00317124EA015420169900512
B1458514531810N00317129EA015450170100512
B1458524531824N00317137EA015480170400512
B1458534531838N00317148EA015510170700512
B1458544531851N00317161EA015530171000512
B1458554531863N00317176EA015540171100512
B1458564531874N00317194EA015560171200512
B1458574531884N00317213EA015580171400512
B1458584531892N00317234EA015600171600512
B1458594531899N00317255EA015600171600512
B1459004531905N00317279EA015580171400512
B1459014531909N00317303EA015560171200512
B1459024531912N00317329EA015530170900512
B1459034531913N00317355EA015510170700512
B1459044531911N00317382EA015500170500512
B1459054531906N00317409EA015480170400512
B1459064531898N00317435EA015480170500512
B1459074531888N00317459EA015500170700512
B1459084531875N00317480EA015520170900512
B1459094531861N00317498EA015550171100512
B1459104531846N00317514EA015560171300512
B1459114531830N00317527EA015580171400512
B1459124531813N00317539EA015580171500512
K145912317017
B1459134531796N00317549EA015590171500512
B1459144531778N00317558EA015590171500512
B1459154531760N00317565EA015590171500512
B1459164531742N00317571EA015590171400512
B1459174531724N00317577EA015580171400512
B1459184531705N00317582EA015570171200512
B1459194531686N00317586EA015550171000512
B1459204531667N00317588EA015530170900512
B1459214531648N00317587EA015530170800512
B1459224531629N00317583EA015530170900512
B1459234531611N00317577EA015540170900512
LXNA::BAT:charging,100%,4.250V,48mA
B1459244531593N00317568EA015520170900512
B1459254531576N00317559EA015530170900512
B1459264531560N00317548EA015520170900512
LXNA::AVGSATSNR:39
B1459274531544N00317536EA015530170900512
B1459284531530N00317522EA015530171000512
B1459294531516N00317507EA015540171000512
B1459304531503N00317491EA015540171000512
B1459314531492N00317474EA015540171000512
B1459324531481N00317457EA015530170900512
B1459334531472N00317438EA015520170700512
B1459344531465N00317418EA015490170500512
B1459354531460N00317398EA015470170300512
B1459364531457N00317377EA015460170200512
B1459374531457N00317357EA015440170100512
B1459384531458N00317336EA015430170000512
B1459394531462N00317316EA015430170000512
B1459404531467N00317297EA015440170000512
B1459414531472N00317279EA015430170000512
B1459424531480N00317261EA015420169800512
B1459434531489N00317245EA015410169800512
B1459444531499N00317230EA015410169800512
B1459454531512N00317219EA015420169900512
B1459464531526N00317212EA015430170100512
B1459474531541N00317206EA015450170300512
B1459484531555N00317202EA015480170600512
B1459494531570N00317198EA015500170700512
B1459504531585N00317195EA015510170900512
B1459514531600N00317193EA015520171000512
B1459524531614N00317191EA015540171100512
B1459534531629N00317188EA015560171200512
B1459544531644N00317188EA015560171300512
B1459554531660N00317190EA015570171400512
B1459564531675N00317195EA015590171500512
B1459574531690N00317205EA015590171500512
B1459584531704N00317218EA015600171600512
B1459594531716N00317236EA015600171700512
B1500004531726N00317258EA015610171700512
B1500014531732N00317283EA015620171800512
B1500024531735N00317310EA015630171900512
B1500034531733N00317338EA015630171900512
B1500044531726N00317364EA015640172000512
B1500054531714N00317388EA015650172100512
B1500064531699N00317408EA015660172200512
B1500074531681N00317422EA015660172200512
B1500084531662N00317428EA015670172300512
B1500094531644N00317428EA015680172400512
B1500104531626N00317422EA015680172500512
B1500114531610N00317411EA015700172600512
B1500124531597N00317396EA015700172700512
B1500134531586N00317379EA015710172800512
B1500144531578N00317359EA015710172700512
B1500154531573N00317338EA015700172700512
B1500164531572N00317316EA015690172700512
B1500174531573N00317294EA015700172700512
B1500184531577N00317272EA015710172900512
B1500194531582N00317252EA015740173100512
B1500204531588N00317233EA015760173300512
B1500214531596N00317215EA015780173600512
B1500224531604N00317198EA015810173800512
B1500234531613N00317182EA015830174100512
B1500244531624N00317168EA015860174300512
B1500254531636N00317156EA015880174400512
B1500264531649N00317147EA015880174500512
B1500274531663N00317143EA015880174500512
LXNA::AVGSATSNR:39
B1500284531679N00317141EA015880174400512
B1500294531694N00317144EA015870174300512
B1500304531710N00317151EA015860174200512
K150030311021
B1500314531726N00317163EA015840174100512
B1500324531740N00317180EA015840174100512
B1500334531751N00317202EA015840174100512
B1500344531759N00317227EA015850174200512
B1500354531763N00317255EA015860174300512
B1500364531762N00317283EA015880174400512
B1500374531758N00317310EA015880174500512
B1500384531751N00317336EA015880174400512
B1500394531739N00317358EA015870174400512
B1500404531724N00317377EA015870174300512
B1500414531707N00317390EA015870174400512
B1500424531688N00317397EA015880174600512
B1500434531670N00317398EA015900174700512
B1500444531653N00317396EA015920174900512
B1500454531637N00317389EA015950175100512
B1500464531623N00317378EA015950175300512
B1500474531611N00317363EA015950175400512
B1500484531601N00317347EA015960175500512
B1500494531593N00317329EA015970175600512
B1500504531587N00317310EA015980175600512
B1500514531583N00317291EA015980175600512
B1500524531582N00317271EA015990175700512
B1500534531582N00317252EA015990175700512
B1500544531584N00317232EA016000175900512
B1500554531588N00317213EA016010176000512
B1500564531592N00317195EA016020176100512
B1500574531598N00317178EA016030176200512
B1500584531605N00317161EA016040176300512
B1500594531612N00317145EA016060176300512
B1501004531621N00317129EA016060176300512
B1501014531630N00317115EA016060176300512
B1501024531641N00317102EA016060176400512
B1501034531653N00317091EA016060176400512
B1501044531666N00317082EA016060176500512
B1501054531680N00317074EA016070176600512
B1501064531694N00317068EA016080176600512
B1501074531708N00317063EA016090176600512
K150107304020
B1501084531723N00317057EA016080176400512
B1501094531737N00317053EA016050176200512
B1501104531752N00317048EA016010175800512
B1501114531768N00317043EA015970175400512
B1501124531784N00317038EA015930175100512
B1501134531801N00317033EA015910174900512
B1501144531817N00317027EA015900174800512
B1501154531834N00317021EA015900174900512
B1501164531851N00317014EA015920175000612
B1501174531868N00317007EA015920175100612
B1501184531884N00316999EA015930175200612
B1501194531900N00316991EA015920175100612
B1501204531916N00316983EA015920175000612
B1501214531931N00316974EA015910175000612
B1501224531947N00316964EA015910175000512
B1501234531962N00316955EA015900174900512
B1501244531977N00316945EA015900174800512
B1501254531992N00316935EA015890174700512
B1501264532007N00316925EA015870174600512
B1501274532022N00316915EA015860174500512
B1501284532037N00316904EA015860174500512
LXNA::AVGSATSNR:40
B1501294532051N00316893EA015860174400512
B1501304532064N00316881EA015850174400512
F1501303005072109110620
B1501314532076N00316869EA015860174500512
B1501324532088N00316856EA015880174700512
B1501334532099N00316842EA015920175000512
B1501344532110N00316829EA015940175300512
B1501354532120N00316815EA015960175400512
B1501364532130N00316802EA015980175600512
B1501374532139N00316789EA015980175500512
B1501384532149N00316776EA015950175300512
B1501394532159N00316763EA015920175000512
B1501404532170N00316750EA015870174600512
B1501414532181N00316738EA015830174100512
B1501424532193N00316726EA015790173700512
B1501434532206N00316713EA015750173300512
B1501444532220N00316700EA015710172900512
B1501454532234N00316687EA015670172500512
B1501464532248N00316673EA015640172300512
B1501474532262N00316660EA015620172100512
B1501484532277N00316646EA015610171900512
B1501494532291N00316632EA015600171800512
B1501504532306N00316618EA015590171600512
B1501514532321N00316605EA015570171500512
B1501524532335N00316592EA015560171400512
B1501534532350N00316578EA015540171200512
B1501544532365N00316565EA015530171000512
B1501554532380N00316552EA015510170900512
B1501564532395N00316538EA015490170800512
B1501574532409N00316525EA015480170700512
B1501584532424N00316511EA015480170600512
B1501594532438N00316497EA015480170600512
B1502004532452N00316484EA015480170600512
B1502014532466N00316470EA015470170600512
B1502024532480N00316456EA015460170500512
B1502034532494N00316442EA015460170400512
B1502044532508N00316429EA015450170400512
B1502054532521N00316415EA015450170400512
B1502064532535N00316402EA015460170400512
B1502074532548N00316389EA015470170400512
B1502084532560N00316376EA015470170500512
B1502094532571N00316362EA015480170600512
B1502104532582N00316347EA015510170900512
B1502114532593N00316333EA015550171200512
B1502124532604N00316320EA015570171500512
B1502134532615N00316307EA015590171700512
B1502144532625N00316294EA015600171900512
B1502154532636N00316281EA015610171900512
B1502164532646N00316268EA015610171900512
B1502174532657N00316255EA015600171800512
B1502184532668N00316242EA015600171700512
B1502194532678N00316228EA015600171700512
B1502204532689N00316214EA015600171800512
B1502214532700N00316201EA015610171900512
B1502224532711N00316188EA015630172100512
B1502234532722N00316176EA015660172400512
B1502244532734N00316164EA015680172600512
LXNA::BAT:charging,100%,4.250V,48mA
B1502254532745N00316152EA015690172700512
B1502264532756N00316141EA015690172800512
B1502274532768N00316130EA015700172800512
B1502284532780N00316119EA015680172700512
B1502294532792N00316109EA015670172500512
LXNA::AVGSATSNR:41
B1502304532804N00316100EA015640172200512
B1502314532818N00316091EA015610171900512
B1502324532831N00316081EA015570171500512
B1502334532845N00316071EA015530171100512
B1502344532859N00316061EA015490170800512
B1502354532874N00316051EA015460170400512
B1502364532890N00316041EA015430170200512
B1502374532905N00316030EA015430170100512
B1502384532921N00316020EA015430170300512
B1502394532936N00316010EA015450170500512
B1502404532950N00316000EA015470170600512
B1502414532965N00315990EA015490170800512
B1502424532978N00315980EA015500170900512
B1502434532992N00315971EA015490170800512
B1502444533006N00315961EA015470170500512
B1502454533020N00315950EA015430170100512
B1502464533035N00315940EA015390169800512
B1502474533050N00315929EA015370169500512
B1502484533066N00315917EA015350169300512
B1502494533081N00315906EA015350169300512
B1502504533096N00315894EA015370169500512
B1502514533111N00315882EA015370169600512
B1502524533126N00315871EA015380169700512
B1502534533141N00315860EA015380169700512
B1502544533155N00315849EA015370169600512
B1502554533170N00315837EA015360169500512
B1502564533184N00315826EA015330169200512
B1502574533198N00315814EA015320169000512
B1502584533213N00315802EA015300168900512
B1502594533228N00315790EA015300168900512
B1503004533242N00315779EA015290168800512
B1503014533257N00315767EA015290168800512
B1503024533271N00315755EA015280168700512
B1503034533285N00315743EA015270168400512
B1503044533300N00315730EA015240168100512
B1503054533314N00315718EA015210167900512
B1503064533329N00315705EA015190167800512
B1503074533343N00315692EA015180167600512
B1503084533358N00315679EA015170167500512
B1503094533373N00315666EA015170167500512
B1503104533387N00315654EA015180167700512
B1503114533401N00315642EA015210167800512
B1503124533415N00315630EA015230168100512
B1503134533427N00315619EA015240168200512
B1503144533440N00315607EA015250168400512
B1503154533452N00315596EA015270168500512
B1503164533463N00315585EA015270168600512
B1503174533475N00315575EA015270168600512
B1503184533487N00315564EA015270168500512
B1503194533499N00315554EA015270168400512
B1503204533511N00315544EA015250168300512
B1503214533525N00315534EA015230168000512
B1503224533538N00315527EA015200167800512
B1503234533553N00315520EA015180167600512
B1503244533568N00315516EA015170167500512
B1503254533583N00315514EA015190167700512
B1503264533599N00315512EA015210167900512
B1503274533614N00315511EA015250168200512
B1503284533628N00315510EA015260168300512
B1503294533643N00315508EA015250168200512
B1503304533657N00315506EA015220168000512
LXNA::AVGSATSNR:40
B1503314533672N00315506EA015210167800512
B1503324533687N00315506EA015200167700512
B1503334533702N00315506EA015200167600512
B1503344533718N00315508EA015180167500512
B1503354533733N00315510EA015160167200512
B1503364533749N00315514EA015120166900512
B1503374533765N00315519EA015090166600512
B1503384533781N00315525EA015070166400512
B1503394533797N00315532EA015070166400512
B1503404533812N00315539EA015060166400512
B1503414533828N00315547EA015060166400512
B1503424533843N00315555EA015060166300512
B1503434533857N00315563EA015060166300512
B1503444533872N00315572EA015060166300512
B1503454533885N00315581EA015070166300512
B1503464533899N00315591EA015060166300512
B1503474533912N00315602EA015060166400512
B1503484533925N00315612EA015080166500512
B1503494533937N00315622EA015080166500512
B1503504533949N00315633EA015070166500512
B1503514533961N00315643EA015070166300512
B1503524533973N00315654EA015040166100512
B1503534533986N00315665EA015010165700512
B1503544533999N00315676EA014960165300512
B1503554534013N00315687EA014930165000512
B1503564534026N00315698EA014900164800512
B1503574534039N00315709EA014880164600512
B1503584534053N00315719EA014870164300512
B1503594534067N00315727EA014840164100512
B1504004534082N00315733EA014810163800512
B1504014534096N00315738EA014800163700512
B1504024534112N00315739EA014800163600512
B1504034534127N00315738EA014780163600512
B1504044534142N00315735EA014780163500512
B1504054534156N00315730EA014770163400512
B1504064534171N00315722EA014760163400512
B1504074534184N00315713EA014770163400512
B1504084534197N00315701EA014790163600512
K150408304020
B1504094534209N00315687EA014810163800512
B1504104534220N00315672EA014830164100512
B1504114534230N00315656EA014860164400512
B1504124534238N00315638EA014890164700512
B1504134534246N00315620EA014900164800512
B1504144534252N00315601EA014910164900512
B1504154534257N00315581EA014920165000512
B1504164534260N00315561EA014930165100512
B1504174534261N00315540EA014940165200512
B1504184534260N00315519EA014950165200512
B1504194534258N00315497EA014950165300512
B1504204534255N00315476EA014970165400512
B1504214534250N00315455EA014980165400512
B1504224534245N00315434EA014970165400512
B1504234534238N00315413EA014970165400512
B1504244534230N00315392EA014980165500512
B1504254534222N00315372EA015000165600512
B1504264534213N00315352EA015020165900512
B1504274534206N00315331EA015040166200512
B1504284534199N00315311EA015080166500512
B1504294534194N00315290EA015100166800512
B1504304534191N00315269EA015140167100512
B1504314534189N00315249EA015150167300512
LXNA::AVGSATSNR:39
F150431300507210911062014
B1504324534188N00315229EA015170167500512
B1504334534190N00315210EA015180167600512
B1504344534194N00315192EA015190167600512
B1504354534201N00315176EA015180167400512
B1504364534210N00315164EA015150167100512
B1504374534222N00315155EA015110166800512
B1504384534236N00315151EA015080166500512
B1504394534250N00315153EA015080166500512
B1504404534264N00315160EA015090166600512
B1504414534277N00315172EA015100166700512
B1504424534287N00315188EA015110167000512
B1504434534295N00315207EA015130167200512
B1504444534301N00315227EA015160167500512
B1504454534304N00315248EA015190167900512
B1504464534305N00315270EA015220168200512
B1504474534303N00315291EA015250168400512
B1504484534299N00315313EA015270168500512
B1504494534292N00315333EA015280168600512
B1504504534284N00315353EA015270168600512
B1504514534274N00315373EA015270168500512
B1504524534263N00315391EA015270168600512
B1504534534249N00315408EA015290168700512
B1504544534235N00315423EA015300168900512
B1504554534218N00315434EA015330169100512
B1504564534201N00315441EA015350169300512
B1504574534184N00315443EA015370169400512
B1504584534166N00315440EA015380169500512
B1504594534150N00315431EA015380169600512
B1505004534137N00315418EA015390169700512
B1505014534126N00315400EA015400169800512
B1505024534118N00315381EA015410169900512
B1505034534114N00315359EA015420169900512
B1505044534113N00315337EA015410169800512
B1505054534116N00315315EA015400169700512
B1505064534123N00315295EA015390169700512
B1505074534134N00315279EA015390169700512
B1505084534147N00315268EA015390169800512
B1505094534163N00315264EA015410170000512
B1505104534179N00315267EA015450170400512
B1505114534193N00315276EA015510170900512
B1505124534205N00315290EA015550171400512
B1505134534214N00315309EA015580171700512
B1505144534219N00315330EA015620172000512
B1505154534220N00315354EA015650172300512
K150515018012
B1505164534218N00315379EA015680172500512
B1505174534213N00315402EA015690172700512
B1505184534204N00315425EA015710172900512
B1505194534192N00315444EA015720173000512
B1505204534178N00315459EA015730173100512
B1505214534161N00315469EA015740173200512
B1505224534143N00315474EA015730173100512
B1505234534125N00315473EA015740173200512
B1505244534108N00315467EA015750173400512
B1505254534093N00315455EA015770173600512
LXNA::BAT:charging,100%,4.250V,48mA
B1505264534081N00315439EA015790173800512
B1505274534073N00315420EA015810173800512
B1505284534069N00315399EA015800173700512
B1505294534069N00315378EA015780173500512
B1505304534074N00315357EA015760173400512
K150530011011
B1505314534082N00315339EA015750173400512
B1505324534094N00315324EA015760173600512
LXNA::AVGSATSNR:39
B1505334534107N00315314EA015780173800512
B1505344534121N00315308EA015810174100512
B1505354534136N00315307EA015840174300512
B1505364534151N00315310EA015860174500612
K150536006010
B1505374534166N00315317EA015880174700612
B1505384534180N00315328EA015910175100512
B1505394534192N00315341EA015950175500512
B1505404534202N00315358EA016000176000512
B1505414534211N00315378EA016050176300512
B1505424534217N00315399EA016090176600512
B1505434534220N00315423EA016090176700512
B1505444534220N00315448EA016100176800512
B1505454534215N00315473EA016120177000512
B1505464534207N00315497EA016130177000512
B1505474534195N00315518EA016140177200512
B1505484534179N00315535EA016150177300512
B1505494534162N00315547EA016170177500512
B1505504534143N00315552EA016190177700512
B1505514534124N00315552EA016200177700512
B1505524534105N00315547EA016190177600512
K150552359009
B1505534534089N00315536EA016180177700512
B1505544534075N00315521EA016190177800512
B1505554534063N00315503EA016210178000512
B1505564534055N00315482EA016220178100512
B1505574534050N00315461EA016240178200512
B1505584534049N00315439EA016250178300512
B1505594534050N00315418EA016250178300512
B1506004534055N00315397EA016260178400512
K150600354010
B1506014534062N00315379EA016260178400512
B1506024534072N00315363EA016270178500512
B1506034534084N00315350EA016270178600512
B1506044534097N00315339EA016280178600512
B1506054534111N00315332EA016280178700512
B1506064534126N00315330EA016310178800512
B1506074534141N00315333EA016330179000512
B1506084534156N00315342EA016360179300512
B1506094534169N00315356EA016390179800512
K150609347011
B1506104534180N00315372EA016430180200512
B1506114534189N00315391EA016460180500512
B1506124534196N00315413EA016480180700512
B1506134534200N00315436EA016490180800512
B1506144534201N00315461EA016500181000512
B1506154534199N00315486EA016530181200512
B1506164534196N00315511EA016540181300512
B1506174534189N00315535EA016540181400512
B1506184534180N00315557EA016540181400512
B1506194534167N00315577EA016540181300512
B1506204534152N00315594EA016540181400512
B1506214534135N00315607EA016550181400512
B1506224534117N00315616EA016550181400512
B1506234534098N00315621EA016550181500512
B1506244534079N00315622EA016570181600512
B1506254534060N00315620EA016580181800512
B1506264534042N00315614EA016590181900512
B1506274534026N00315604EA016600182000512
B1506284534012N00315591EA016610182000512
B1506294534000N00315575EA016610182000512
B1506304533991N00315557EA016590181800512
B1506314533983N00315537EA016570181600512
B1506324533978N00315516EA016550181400512
B1506334533976N00315494EA016530181300512
LXNA::AVGSATSNR:41
B1506344533976N00315472EA016540181300512
B1506354533978N00315450EA016550181500512
B1506364533981N00315429EA016570181600512
K150636342013
B1506374533987N00315410EA016590181900512
B1506384533993N00315392EA016610182100512
B1506394534001N00315375EA016630182300512
B1506404534010N00315359EA016650182500512
B1506414534020N00315346EA016660182600512
B1506424534031N00315335EA016660182700512
B1506434534044N00315326EA016660182700512
B1506444534057N00315321EA016680182900512
B1506454534070N00315317EA016700183100512
B1506464534084N00315315EA016710183200512
B1506474534099N00315317EA016710183100512
B1506484534113N00315320EA016710183000512
B1506494534127N00315327EA016710183100512
B1506504534140N00315336EA016710183100512
B1506514534153N00315347EA016710183100512
B1506524534166N00315360EA016710183100512
B1506534534177N00315374EA016710183000512
B1506544534188N00315390EA016690182900512
B1506554534199N00315407EA016670182700512
B1506564534210N00315425EA016640182300512
B1506574534221N00315445EA016600181800512
B1506584534232N00315465EA016550181300512
B1506594534242N00315488EA016500180800512
B1507004534251N00315513EA016460180500512
B1507014534258N00315539EA016450180400512
B1507024534262N00315566EA016430180200512
B1507034534264N00315594EA016410180000512
B1507044534265N00315622EA016370179700512
B1507054534262N00315649EA016350179300512
B1507064534257N00315677EA016320178900512
B1507074534250N00315704EA016260178500512
B1507084534241N00315730EA016210178000512
B1507094534229N00315754EA016180177600512
B1507104534215N00315776EA016140177300512
B1507114534200N00315796EA016120177000512
B1507124534184N00315814EA016090176700512
B1507134534167N00315829EA016070176500512
B1507144534151N00315843EA016050176300512
B1507154534134N00315856EA016020176000512
B1507164534118N00315868EA016000175600512
B1507174534101N00315880EA015950175100512
B1507184534084N00315892EA015900174500512
B1507194534067N00315906EA015850174100512
B1507204534051N00315921EA015820173900512
B1507214534035N00315936EA015830173900512
B1507224534019N00315952EA015830174000512
B1507234534003N00315967EA015830174100512
B1507244533988N00315982EA015840174200512
B1507254533973N00315998EA015850174400512
B1507264533958N00316012EA015870174500512
B1507274533943N00316027EA015870174500512
B1507284533928N00316041EA015850174300512
B1507294533912N00316055EA015830174200512
B1507304533897N00316070EA015820174100512
B1507314533881N00316084EA015820174200512
B1507324533864N00316098EA015850174400512
B1507334533848N00316111EA015870174400512
B1507344533832N00316123EA015850174300512
LXNA::AVGSATSNR:40
B1507354533816N00316136EA015820174000512
B1507364533799N00316148EA015780173700512
B1507374533782N00316162EA015750173400512
B1507384533765N00316176EA015740173200512
B1507394533747N00316190EA015740173200512
B1507404533730N00316204EA015750173300512
B1507414533713N00316219EA015770173400512
B1507424533697N00316234EA015750173300512
B1507434533680N00316249EA015730173100512
B1507444533664N00316263EA015700172900512
B1507454533648N00316278EA015680172600512
B1507464533631N00316292EA015660172300512
B1507474533614N00316307EA015630172000512
B1507484533596N00316323EA015600171800512
B1507494533579N00316338EA015590171600512
B1507504533562N00316355EA015580171600512
B1507514533545N00316371EA015570171600512
B1507524533529N00316388EA015580171700512
B1507534533512N00316404EA015590171800512
B1507544533497N00316421EA015610171900512
B1507554533481N00316438EA015610171900512
B1507564533466N00316454EA015580171700512
B1507574533451N00316471EA015550171400512
B1507584533436N00316489EA015520171100512
B1507594533421N00316506EA015490170800512
B1508004533406N00316525EA015460170500512
B1508014533390N00316543EA015440170200512
B1508024533375N00316562EA015410170000512
B1508034533360N00316582EA015400169900512
B1508044533345N00316602EA015400169900512
B1508054533330N00316621EA015410170100512
B1508064533316N00316641EA015430170100512
F1508063005072109110614
B1508074533302N00316661EA015430170200512
B1508084533288N00316681EA015430170200512
B1508094533274N00316701EA015420170200512
B1508104533261N00316721EA015400170000512
B1508114533247N00316741EA015390169800512
B1508124533234N00316762EA015370169700512
B1508134533220N00316783EA015360169600512
B1508144533206N00316804EA015360169600512
B1508154533193N00316825EA015350169500512
B1508164533180N00316846EA015350169500512
B1508174533166N00316867EA015360169500512
B1508184533153N00316888EA015360169600512
B1508194533141N00316909EA015360169600512
B1508204533128N00316929EA015360169600512
B1508214533115N00316950EA015370169600512
B1508224533102N00316971EA015360169500512
B1508234533089N00316992EA015350169400512
B1508244533076N00317013EA015340169300512
B1508254533064N00317034EA015340169300512
B1508264533051N00317055EA015350169400512
LXNA::BAT:charging,100%,4.250V,42mA
B1508274533038N00317076EA015360169500512
B1508284533025N00317097EA015370169500512
B1508294533012N00317117EA015360169500512
B1508304533000N00317138EA015360169400512
B1508314532987N00317159EA015340169300512
B1508324532974N00317179EA015330169200512
B1508334532962N00317200EA015320169100512
B1508344532949N00317220EA015320169100512
B1508354532936N00317241EA015320169100512
LXNA::AVGSATSNR:39
B1508364532924N00317262EA015300168900512
B1508374532911N00317283EA015280168700512
B1508384532899N00317304EA015250168400512
B1508394532886N00317326EA015220168100512
B1508404532874N00317347EA015200167800512
B1508414532861N00317369EA015180167600512
B1508424532848N00317391EA015160167500512
B1508434532835N00317412EA015160167400512
B1508444532823N00317433EA015160167400512
B1508454532810N00317454EA015150167300512
B1508464532798N00317475EA015140167100512
B1508474532785N00317496EA015120167000512
B1508484532773N00317517EA015100166800512
B1508494532761N00317538EA015070166500512
B1508504532749N00317559EA015040166200512
B1508514532737N00317581EA015000165800512
B1508524532724N00317602EA014980165500512
B1508534532712N00317623EA014970165400512
B1508544532699N00317644EA014970165500512
B1508554532687N00317665EA014980165600512
B1508564532676N00317687EA014990165700512
B1508574532664N00317708EA015010165900512
B1508584532653N00317728EA015030166000512
B1508594532643N00317749EA015030166000512
B1509004532632N00317770EA015020166000512
B1509014532620N00317791EA015010165800512
B1509024532609N00317813EA015000165600512
B1509034532597N00317835EA014980165400512
B1509044532585N00317857EA014960165300512
B1509054532573N00317879EA014950165200512
B1509064532560N00317902EA014950165200512
B1509074532548N00317925EA014950165300512
B1509084532536N00317948EA014970165500512
B1509094532523N00317971EA014990165700512
B1509104532511N00317993EA015010165900512
B1509114532498N00318014EA015040166100512
B1509124532484N00318035EA015060166400512
B1509134532471N00318055EA015090166600512
B1509144532458N00318075EA015110166900512
B1509154532444N00318094EA015140167100512
B1509164532430N00318112EA015150167200512
B1509174532415N00318128EA015150167200512
B1509184532399N00318141EA015150167200512
B1509194532382N00318151EA015150167200512
B1509204532365N00318157EA015140167200512
B1509214532346N00318160EA015120167000512
B1509224532328N00318158EA015110166900512
B1509234532311N00318152EA015080166700512
B1509244532294N00318144EA015080166700512
B1509254532279N00318132EA015080166800512
B1509264532266N00318118EA015100166900512
B1509274532253N00318103EA015100166900512
B1509284532242N00318087EA015100167000512
B1509294532232N00318070EA015090166800512
B1509304532221N00318053EA015060166500512
B1509314532211N00318036EA015030166200512
B1509324532201N00318018EA015010166000512
B1509334532190N00318000EA014980165700512
B1509344532180N00317981EA014970165600512
B1509354532169N00317963EA014960165500512
B1509364532158N00317945EA014960165400512
LXNA::AVGSATSNR:41
B1509374532147N00317927EA014950165400512
K150937337013
B1509384532136N00317909EA014930165100512
B1509394532124N00317890EA014880164600512
B1509404532112N00317871EA014820164000512
B1509414532100N00317851EA014770163500512
B1509424532087N00317830EA014720163000512
B1509434532075N00317809EA014680162700512
B1509444532062N00317787EA014670162500512
B1509454532049N00317766EA014660162500512
B1509464532037N00317744EA014660162500512
B1509474532025N00317723EA014660162600512
B1509484532013N00317702EA014680162600512
B1509494532001N00317681EA014680162800512
B1509504531989N00317660EA014690162900512
B1509514531978N00317639EA014710163000512
B1509524531967N00317619EA014720163100512
B1509534531956N00317598EA014720163100512
B1509544531945N00317577EA014720163100512
B1509554531934N00317556EA014710163100512
B1509564531924N00317535EA014710163100512
B1509574531913N00317514EA014720163200512
B1509584531903N00317493EA014740163300512
B1509594531892N00317473EA014750163400512
B1510004531882N00317453EA014750163400512
B1510014531872N00317433EA014750163400512
B1510024531863N00317414EA014760163500512
B1510034531853N00317395EA014770163600512
B1510044531844N00317377EA014770163600512
B1510054531835N00317359EA014760163500512
B1510064531825N00317341EA014740163300512
B1510074531815N00317322EA014710163000512
B1510084531806N00317304EA014670162600512
B1510094531795N00317285EA014630162200512
B1510104531785N00317265EA014600161800512
B1510114531774N00317245EA014570161400512
B1510124531763N00317225EA014530161100512
B1510134531752N00317204EA014520161000512
B1510144531740N00317184EA014520161100512
B1510154531728N00317164EA014540161300512
B1510164531716N00317144EA014560161500512
B1510174531704N00317125EA014580161700512
B1510184531691N00317106EA014610162000512
B1510194531679N00317088EA014630162300512
B1510204531667N00317070EA014670162500512
B1510214531655N00317052EA014680162800512
B1510224531642N00317035EA014720163000512
B1510234531630N00317018EA014730163100512
B1510244531617N00317001EA014740163200512
B1510254531604N00316984EA014740163300512
B1510264531593N00316966EA014760163500512
B1510274531585N00316946EA014780163700512
B1510284531580N00316925EA014800163900512
B1510294531578N00316903EA014810164100512
B1510304531580N00316883EA014820164100512
B1510314531585N00316865EA014820164000512
B1510324531593N00316848EA014810163800512
B1510334531604N00316833EA014790163700512
B1510344531616N00316822EA014770163600512
B1510354531630N00316814EA014770163700512
B1510364531644N00316809EA014790163800512
B1510374531659N00316810EA014810164000512
LXNA::AVGSATSNR:38
B1510384531673N00316815EA014830164100512
B1510394531687N00316825EA014830164100512
B1510404531699N00316838EA014820164100512
B1510414531710N00316855EA014810164100512
B1510424531718N00316875EA014810164000512
B1510434531723N00316897EA014800164000512
B1510444531724N00316921EA014810164000512
B1510454531722N00316946EA014820164100512
B1510464531717N00316969EA014830164200512
B1510474531711N00316992EA014850164300512
B1510484531701N00317013EA014860164500512
B1510494531689N00317032EA014880164600512
B1510504531676N00317048EA014890164700512
B1510514531662N00317064EA014900164900512
B1510524531647N00317078EA014900164900512
B1510534531631N00317091EA014910165000512
B1510544531615N00317102EA014930165100512
B1510554531598N00317112EA014950165300512
B1510564531581N00317120EA014960165500512
B1510574531563N00317127EA014990165700512
B1510584531546N00317132EA015000165900512
B1510594531528N00317135EA015020166000512
B1511004531511N00317135EA015020166000512
B1511014531493N00317131EA015030166100512
B1511024531477N00317123EA015020166000512
B1511034531462N00317111EA015010165900512
B1511044531450N00317095EA015000165900512
B1511054531441N00317075EA015010166000512
B1511064531435N00317053EA015040166300512
B1511074531433N00317031EA015050166400512
F1511073005072109112014
B1511084531433N00317010EA015060166500512
K151108324012
B1511094531438N00316990EA015050166400512
B1511104531445N00316972EA015040166100512
B1511114531455N00316957EA015010165900512
B1511124531467N00316947EA014990165700512
B1511134531481N00316941EA014980165700512
B1511144531496N00316941EA014980165700512
B1511154531511N00316945EA014980165700512
B1511164531525N00316955EA014980165700512
B1511174531538N00316968EA014980165700512
B1511184531549N00316984EA014980165800512
B1511194531558N00317003EA014990165900512
B1511204531565N00317025EA015000165900512
B1511214531570N00317048EA014990165800512
B1511224531572N00317072EA015000165900512
B1511234531572N00317096EA015010166000512
B1511244531570N00317121EA015020166100512
B1511254531568N00317145EA015050166300512
B1511264531564N00317169EA015060166500512
B1511274531560N00317193EA015070166600512
LXNA::BAT:charging,100%,4.250V,36mA
B1511284531555N00317217EA015080166600512
B1511294531550N00317241EA015090166600512
B1511304531542N00317264EA015110166700512
B1511314531532N00317286EA015130166900512
B1511324531518N00317306EA015150167200512
B1511334531503N00317323EA015170167500512
B1511344531487N00317339EA015220168000512
B1511354531469N00317352EA015260168400512
B1511364531451N00317363EA015290168800512
B1511374531432N00317368EA015330169100512
B1511384531413N00317367EA015350169400512
LXNA::AVGSATSNR:41
B1511394531395N00317359EA015370169600512
B1511404531380N00317344EA015380169800512
B1511414531369N00317326EA015390169800512
B1511424531363N00317304EA015390169900512
B1511434531362N00317282EA015390169900512
B1511444531367N00317262EA015400169900512
B1511454531376N00317245EA015400169900512
B1511464531389N00317234EA015390169800512
B1511474531403N00317228EA015400169900512
B1511484531418N00317227EA015420170000512
B1511494531433N00317231EA015440170200512
B1511504531446N00317240EA015460170300512
B1511514531459N00317253EA015460170400512
B1511524531469N00317270EA015460170500512
B1511534531477N00317291EA015490170800512
B1511544531483N00317313EA015530171200512
B1511554531486N00317336EA015570171600512
B1511564531487N00317360EA015620172100512
B1511574531484N00317385EA015670172500512
B1511584531481N00317409EA015720173000512
B1511594531475N00317433EA015750173300512
B1512004531467N00317455EA015760173400512
B1512014531456N00317475EA015780173500512
B1512024531442N00317492EA015780173400512
K151202330013
B1512034531427N00317507EA015770173400512
B1512044531410N00317518EA015770173400512
B1512054531392N00317523EA015780173500512
B1512064531373N00317524EA015780173400512
B1512074531354N00317519EA015770173400512
B1512084531337N00317510EA015770173400512
B1512094531322N00317496EA015790173600512
B1512104531310N00317478EA015830174000512
B1512114531302N00317457EA015850174200512
B1512124531297N00317436EA015870174500512
B1512134531297N00317414EA015880174800512
B1512144531300N00317394EA015900175000512
B1512154531307N00317377EA015920175100512
B1512164531316N00317363EA015920175100512
B1512174531328N00317353EA015920175100512
B1512184531341N00317349EA015920175100512
B1512194531354N00317348EA015910175100512
B1512204531368N00317353EA015910175000512
B1512214531381N00317364EA015900174800512
B1512224531393N00317380EA015900174900512
B1512234531403N00317399EA015940175400512
B1512244531410N00317421EA016010176000512
B1512254531414N00317444EA016070176700512
B1512264531415N00317467EA016140177200512
B1512274531413N00317491EA016160177600512
B1512284531410N00317514EA016190177900512
B1512294531404N00317536EA016210178000512
B1512304531397N00317558EA016210178000512
B1512314531388N00317579EA016200177800512
B1512324531377N00317599EA016180177600512
B1512334531363N00317617EA016150177400512
B1512344531347N00317631EA016140177200512
B1512354531329N00317642EA016130177200512
B1512364531310N00317648EA016130177100512
B1512374531291N00317650EA016130177100512
B1512384531273N00317646EA016140177200512
B1512394531256N00317637EA016140177300512
K151239334015
LXNA::AVGSATSNR:42
B1512404531241N00317624EA016140177400512
B1512414531228N00317609EA016160177500512
B1512424531219N00317590EA016160177600512
B1512434531212N00317570EA016180177700512
B1512444531209N00317549EA016180177700512
B1512454531209N00317528EA016190177800512
B1512464531213N00317509EA016200177800512
B1512474531220N00317491EA016190177800512
B1512484531229N00317477EA016190177800512
B1512494531241N00317466EA016190177900512
B1512504531255N00317460EA016200177900512
B1512514531270N00317460EA016210177900512
B1512524531284N00317465EA016200178000512
B1512534531299N00317475EA016220178200512
B1512544531312N00317490EA016240178300512
B1512554531323N00317509EA016260178400512
B1512564531332N00317531EA016250178400512
B1512574531338N00317555EA016250178400512
B1512584531340N00317582EA016260178500512
B1512594531338N00317610EA016290178700512
B1513004531333N00317637EA016310178900512
B1513014531324N00317663EA016330179000512
B1513024531312N00317686EA016330179100512
B1513034531297N00317707EA016330179100512
B1513044531280N00317723EA016340179200512
B1513054531261N00317735EA016340179200512
B1513064531242N00317742EA016320179100512
B1513074531222N00317744EA016320179000512
B1513084531203N00317741EA016310178900512
B1513094531185N00317733EA016300178800512
B1513104531169N00317721EA016300178900512
K151310325017
B1513114531156N00317705EA016310179100512
B1513124531145N00317687EA016330179100512
B1513134531138N00317666EA016330179200512
B1513144531133N00317644EA016330179100512
B1513154531133N00317621EA016320179100512
B1513164531135N00317600EA016310179100512
B1513174531141N00317580EA016310179100512
B1513184531149N00317563EA016320179200512
B1513194531161N00317549EA016340179400512
B1513204531174N00317540EA016350179500512
B1513214531189N00317535EA016350179500512
B1513224531204N00317535EA016350179500512
B1513234531220N00317539EA016360179600512
B1513244531236N00317546EA016380179700512
B1513254531251N00317558EA016380179700512
B1513264531265N00317573EA016380179800512
B1513274531276N00317592EA016390179900512
B1513284531285N00317615EA016410180000512
B1513294531292N00317639EA016420180100512
B1513304531297N00317666EA016430180200512
B1513314531299N00317693EA016440180400512
B1513324531298N00317721EA016460180600512
B1513334531296N00317749EA016480180800512
B1513344531292N00317776EA016500180900512
B1513354531287N00317803EA016500180900512
B1513364531279N00317829EA016490180800512
B1513374531270N00317854EA016480180800512
B1513384531259N00317878EA016470180600512
B1513394531248N00317901EA016450180300512
B1513404531235N00317923EA016410180100512
LXNA::AVGSATSNR:40
B1513414531220N00317943EA016400180000512
B1513424531205N00317961EA016410180000512
B1513434531189N00317978EA016410180000512
B1513444531173N00317994EA016400180000512
B1513454531156N00318010EA016390179800512
B1513464531140N00318025EA016370179500512
B1513474531123N00318039EA016330179200512
B1513484531105N00318053EA016310179100512
B1513494531088N00318067EA016320179100512
B1513504531070N00318080EA016310179000512
B1513514531052N00318093EA016310178900512
B1513524531034N00318105EA016290178800512
B1513534531016N00318118EA016280178700512
B1513544530999N00318132EA016270178600512
B1513554530981N00318145EA016260178500512
B1513564530964N00318158EA016260178500512
B1513574530946N00318170EA016260178600512
B1513584530929N00318181EA016250178500512
B1513594530911N00318192EA016250178300512
B1514004530894N00318203EA016210178000512
B1514014530876N00318215EA016180177600512
B1514024530859N00318228EA016140177300612
B1514034530841N00318241EA016110177100612
B1514044530824N00318255EA016100177000612
B1514054530807N00318269EA016090176900612
B1514064530790N00318284EA016100177000512
B1514074530773N00318299EA016100177000512
B1514084530757N00318315EA016100176900512
F151408300507210911062014
B1514094530741N00318331EA016100176900512
B1514104530725N00318348EA016080176800512
B1514114530709N00318366EA016060176700512
B1514124530694N00318384EA016050176500512
B1514134530679N00318402EA016030176400512
B1514144530664N00318422EA016020176200512
B1514154530650N00318441EA016000176000512
B1514164530635N00318461EA015980175900512
B1514174530620N00318482EA015960175700512
B1514184530606N00318503EA015940175500512
B1514194530592N00318524EA015920175200512
B1514204530578N00318546EA015890174900512
B1514214530563N00318569EA015860174600512
B1514224530549N00318592EA015840174400512
B1514234530534N00318615EA015820174200512
B1514244530519N00318638EA015810174100512
B1514254530504N00318662EA015800174000512
B1514264530489N00318685EA015790173900512
B1514274530473N00318708EA015790173900512
B1514284530458N00318730EA015780173800512
LXNA::BAT:charging,100%,4.251V,42mA
B1514294530443N00318753EA015770173600512
B1514304530427N00318775EA015750173500512
B1514314530411N00318798EA015740173300512
B1514324530396N00318820EA015720173200512
B1514334530380N00318842EA015700173000512
B1514344530364N00318865EA015690172900512
B1514354530348N00318887EA015670172700512
B1514364530332N00318909EA015660172500512
B1514374530317N00318931EA015650172400512
B1514384530301N00318953EA015640172300512
B1514394530285N00318976EA015620172100512
B1514404530270N00318998EA015590171800512
B1514414530255N00319021EA015580171700512
LXNA::AVGSATSNR:39
B1514424530239N00319044EA015560171500512
B1514434530224N00319067EA015550171500512
B1514444530210N00319090EA015550171400512
B1514454530195N00319112EA015550171400512
B1514464530180N00319135EA015550171400512
B1514474530165N00319156EA015540171300512
B1514484530150N00319178EA015530171200512
B1514494530136N00319200EA015510171100512
B1514504530121N00319223EA015500171000512
B1514514530107N00319245EA015480170800512
B1514524530093N00319268EA015470170700512
B1514534530078N00319291EA015460170600512
B1514544530064N00319315EA015460170600512
B1514554530050N00319338EA015460170600512
B1514564530037N00319360EA015460170600512
B1514574530023N00319383EA015450170500512
B1514584530009N00319405EA015450170500512
B1514594529995N00319427EA015440170400512
B1515004529981N00319450EA015430170300512
B1515014529967N00319472EA015410170100512
B1515024529953N00319495EA015390169900512
B1515034529939N00319519EA015370169700512
B1515044529926N00319542EA015350169500512
B1515054529912N00319565EA015350169400512
B1515064529898N00319588EA015330169300512
B1515074529884N00319612EA015320169200512
B1515084529870N00319635EA015310169100512
B1515094529856N00319658EA015300169000512
B1515104529842N00319682EA015290169000512
B1515114529829N00319705EA015290168900512
B1515124529816N00319729EA015280168800512
B1515134529804N00319752EA015270168700512
B1515144529791N00319775EA015250168500512
B1515154529779N00319798EA015230168200512
B1515164529767N00319821EA015200167900512
B1515174529754N00319844EA015170167700512
B1515184529742N00319866EA015160167600512
B1515194529730N00319888EA015170167700512
B1515204529717N00319910EA015210168000512
B1515214529705N00319931EA015260168500512
B1515224529694N00319951EA015290168900512
B1515234529683N00319971EA015320169300512
B1515244529672N00319991EA015360169600512
B1515254529661N00320011EA015390169800512
B1515264529651N00320030EA015410170000512
B1515274529641N00320050EA015410170000512
B1515284529631N00320070EA015400170000512
B1515294529620N00320089EA015390169900512
B1515304529610N00320109EA015390169700512
B1515314529600N00320130EA015360169500512
B1515324529589N00320151EA015350169200512
B1515334529578N00320172EA015330169100512
B1515344529565N00320191EA015330169200512
B1515354529551N00320209EA015350169400512
B1515364529536N00320225EA015360169500512
B1515374529521N00320238EA015370169700512
B1515384529504N00320250EA015370169700512
B1515394529487N00320260EA015390169800512
B1515404529470N00320266EA015390169900512
B1515414529452N00320271EA015390169900512
B1515424529434N00320273EA015400170000512
LXNA::AVGSATSNR:40
B1515434529416N00320274EA015390169900512
B1515444529398N00320271EA015390169800512
B1515454529381N00320266EA015390169900512
B1515464529364N00320258EA015390170000512
B1515474529349N00320248EA015400170100512
B1515484529334N00320237EA015410170100512
B1515494529321N00320224EA015390170000512
B1515504529309N00320210EA015370169800512
B1515514529297N00320195EA015350169400512
B1515524529287N00320177EA015310169100512
B1515534529278N00320159EA015290168800512
B1515544529270N00320139EA015270168600512
B1515554529264N00320118EA015260168400512
B1515564529258N00320098EA015230168200512
B1515574529254N00320077EA015220168100512
B1515584529251N00320056EA015230168100512
B1515594529249N00320035EA015230168100512
B1516004529248N00320015EA015220168100512
B1516014529248N00319996EA015220168100512
B1516024529250N00319977EA015220168100512
B1516034529252N00319959EA015210168000512
B1516044529255N00319941EA015190167800512
B1516054529260N00319923EA015160167600512
B1516064529266N00319905EA015150167400512
B1516074529273N00319889EA015140167400512
B1516084529282N00319875EA015130167300512
B1516094529292N00319861EA015130167300512
B1516104529303N00319849EA015140167300512
B1516114529313N00319837EA015150167500512
K151611321018
B1516124529324N00319826EA015170167700512
B1516134529336N00319817EA015190167900512
B1516144529348N00319810EA015200168000512
B1516154529360N00319804EA015200168100512
B1516164529372N00319797EA015210168000512
B1516174529384N00319790EA015210168000512
B1516184529396N00319784EA015190167900512
B1516194529409N00319781EA015180167800512
B1516204529422N00319779EA015170167600512
B1516214529436N00319779EA015150167500512
B1516224529449N00319781EA015150167400512
B1516234529462N00319783EA015140167300512
B1516244529476N00319785EA015130167200512
B1516254529489N00319785EA015110166800512
B1516264529504N00319783EA015060166400512
B1516274529519N00319780EA015010165900512
B1516284529534N00319775EA014970165400512
B1516294529550N00319768EA014930165000512
B1516304529567N00319759EA014890164700512
B1516314529583N00319749EA014860164400512
B1516324529599N00319737EA014830164100512
B1516334529614N00319725EA014790163800512
B1516344529630N00319712EA014780163600512
B1516354529645N00319699EA014770163600512
B1516364529660N00319686EA014770163600512
B1516374529675N00319673EA014780163700512
B1516384529689N00319660EA014790163800512
B1516394529703N00319647EA014790163800512
B1516404529717N00319634EA014790163800512
B1516414529730N00319622EA014790163800512
B1516424529744N00319610EA014780163800512
B1516434529758N00319597EA014770163600512
LXNA::AVGSATSNR:40
B1516444529772N00319585EA014750163500512
B1516454529785N00319572EA014740163300512
B1516464529799N00319558EA014720163100512
B1516474529813N00319545EA014700162900512
B1516484529827N00319531EA014680162800512
B1516494529840N00319517EA014660162600512
B1516504529854N00319503EA014650162400512
B1516514529867N00319489EA014630162300512
B1516524529880N00319475EA014630162300512
B1516534529894N00319462EA014620162200512
B1516544529907N00319448EA014610162200512
B1516554529921N00319434EA014610162100512
B1516564529934N00319421EA014590161900512
B1516574529947N00319408EA014580161800512
B1516584529961N00319395EA014560161500512
B1516594529975N00319381EA014540161300512
B1517004529989N00319368EA014520161100512
B1517014530002N00319354EA014500161000512
B1517024530016N00319341EA014490160800512
B1517034530029N00319327EA014480160600512
B1517044530043N00319313EA014460160500512
B1517054530056N00319299EA014440160200512
B1517064530070N00319285EA014420160000512
B1517074530083N00319272EA014410159800512
B1517084530097N00319257EA014390159700512
B1517094530110N00319243EA014380159500512
F1517093005072109110620
B1517104530123N00319228EA014360159300512
B1517114530136N00319213EA014350159200512
B1517124530149N00319198EA014330159100512
B1517134530162N00319184EA014330159100512
B1517144530175N00319169EA014340159200512
B1517154530187N00319155EA014350159200512
B1517164530198N00319140EA014350159300512
B1517174530209N00319125EA014360159400512
B1517184530220N00319111EA014370159500512
B1517194530231N00319097EA014370159600512
B1517204530241N00319083EA014380159700512
B1517214530251N00319069EA014380159700512
B1517224530261N00319055EA014380159600512
B1517234530271N00319041EA014370159500512
B1517244530281N00319027EA014350159400512
B1517254530291N00319012EA014340159200512
B1517264530301N00318997EA014330159200512
B1517274530312N00318982EA014340159300512
B1517284530322N00318968EA014350159400512
B1517294530332N00318953EA014360159500512
LXNA::BAT:charging,100%,4.252V,42mA
B1517304530342N00318939EA014370159600512
B1517314530352N00318925EA014380159800512
B1517324530361N00318910EA014390159900512
B1517334530371N00318895EA014400160000512
B1517344530380N00318880EA014410160100512
B1517354530389N00318865EA014420160100512
B1517364530398N00318850EA014420160200512
B1517374530408N00318835EA014430160400512
B1517384530417N00318821EA014470160700512
B1517394530426N00318807EA014500161000512
B1517404530437N00318795EA014510161100512
B1517414530448N00318786EA014520161200512
B1517424530461N00318781EA014520161300512
B1517434530474N00318781EA014510161200512
B1517444530488N00318785EA014490160900512
LXNA::AVGSATSNR:40
B1517454530501N00318794EA014460160600512
B1517464530513N00318806EA014450160500512
B1517474530525N00318820EA014440160400512
B1517484530535N00318836EA014430160200512
B1517494530545N00318852EA014400159900512
B1517504530555N00318868EA014370159700512
B1517514530565N00318883EA014350159600512
B1517524530577N00318897EA014350159500512
B1517534530588N00318908EA014360159500512
B1517544530601N00318918EA014370159500512
B1517554530614N00318924EA014350159400512
B1517564530627N00318928EA014320159100512
B1517574530640N00318929EA014310158900512
B1517584530654N00318928EA014300158700512
B1517594530668N00318924EA014280158600512
B1518004530682N00318916EA014280158700512
B1518014530694N00318906EA014290158700512
B1518024530706N00318894EA014290158700512
B1518034530717N00318879EA014290158700512
B1518044530727N00318863EA014290158700512
B1518054530736N00318844EA014280158700512
B1518064530743N00318825EA014290158700512
B1518074530749N00318805EA014290158700512
B1518084530753N00318783EA014300158800512
B1518094530755N00318761EA014320158900512
B1518104530756N00318738EA014320159000512
B1518114530756N00318715EA014310159000512
B1518124530755N00318693EA014310158900512
B1518134530753N00318670EA014300158700512
B1518144530750N00318647EA014270158500512
B1518154530746N00318624EA014260158300512
B1518164530741N00318602EA014250158200512
B1518174530735N00318579EA014250158200512
B1518184530729N00318557EA014270158400512
B1518194530722N00318536EA014290158600512
B1518204530714N00318516EA014310158800512
B1518214530706N00318496EA014320158900512
B1518224530698N00318476EA014330159000512
B1518234530689N00318458EA014330159000512
B1518244530679N00318439EA014330159000512
B1518254530670N00318421EA014320159000512
B1518264530661N00318402EA014310158900512
B1518274530653N00318383EA014310158900512
B1518284530646N00318363EA014310158900512
B1518294530639N00318344EA014320159000512
B1518304530635N00318324EA014320159100512
B1518314530631N00318304EA014320159100512
B1518324530629N00318284EA014320159000512
B1518334530629N00318265EA014310158900512
B1518344530631N00318246EA014290158600512
B1518354530635N00318228EA014260158300512
B1518364530641N00318210EA014240158100512
B1518374530648N00318193EA014210157900512
B1518384530657N00318176EA014200157800512
B1518394530666N00318161EA014210157800512
B1518404530675N00318147EA014220157900512
B1518414530685N00318135EA014220158000512
B1518424530696N00318123EA014240158100512
B1518434530706N00318112EA014240158100512
B1518444530716N00318102EA014230158100512
B1518454530727N00318092EA014230158000512
LXNA::AVGSATSNR:39
B1518464530737N00318082EA014220158000512
B1518474530748N00318073EA014220157900512
B1518484530759N00318065EA014210157800512
B1518494530771N00318057EA014200157600512
B1518504530783N00318050EA014180157500512
B1518514530795N00318043EA014170157400512
B1518524530807N00318036EA014160157300512
B1518534530819N00318031EA014150157200512
B1518544530831N00318025EA014150157100512
B1518554530843N00318021EA014140157100512
B1518564530855N00318018EA014150157100512
B1518574530867N00318016EA014150157100512
B1518584530880N00318016EA014160157100512
B1518594530892N00318018EA014150156900512
B1519004530904N00318022EA014120156700512
B1519014530915N00318029EA014100156600512
B1519024530927N00318040EA014090156500512
B1519034530937N00318053EA014090156400512
B1519044530946N00318068EA014080156400512
B1519054530954N00318085EA014080156400512
B1519064530961N00318104EA014080156300512
B1519074530966N00318124EA014070156200512
B1519084530970N00318145EA014050155900512
B1519094530972N00318168EA014020155600512
B1519104530973N00318192EA013980155200512
B1519114530971N00318217EA013950154900512
B1519124530966N00318242EA013910154600512
K151912321018
B1519134530960N00318266EA013890154400512
B1519144530951N00318289EA013900154300512
B1519154530941N00318311EA013910154500512
B1519164530929N00318331EA013920154600512
B1519174530915N00318349EA013920154600512
B1519184530901N00318366EA013910154500512
B1519194530886N00318382EA013890154300512
B1519204530871N00318397EA013850154000512
B1519214530854N00318411EA013840153800512
B1519224530837N00318425EA013810153600512
B1519234530820N00318438EA013800153500512
B1519244530802N00318451EA013790153400512
B1519254530785N00318464EA013790153300512
B1519264530767N00318476EA013790153400512
B1519274530750N00318488EA013800153500512
B1519284530733N00318500EA013810153600512
B1519294530716N00318512EA013820153600512
B1519304530699N00318523EA013810153600512
B1519314530683N00318535EA013800153500512
B1519324530667N00318547EA013790153400512
B1519334530650N00318558EA013790153200512
B1519344530634N00318569EA013770153100512
B1519354530617N00318580EA013750152900512
B1519364530600N00318591EA013740152700512
B1519374530584N00318603EA013720152600512
B1519384530567N00318614EA013720152600512
B1519394530550N00318624EA013720152700512
B1519404530533N00318635EA013740152800512
B1519414530516N00318645EA013750152900512
B1519424530500N00318655EA013750152900512
B1519434530484N00318665EA013740152800512
B1519444530468N00318674EA013720152600512
B1519454530451N00318683EA013690152300512
B1519464530435N00318691EA013670152100512
LXNA::AVGSATSNR:39
B1519474530418N00318698EA013660152000512
B1519484530400N00318703EA013650151900512
B1519494530383N00318707EA013640151800512
B1519504530366N00318711EA013640151800512
B1519514530348N00318713EA013630151700512
B1519524530331N00318713EA013600151500512
B1519534530313N00318711EA013590151200512
B1519544530296N00318708EA013560150900512
B1519554530279N00318703EA013540150700512
B1519564530262N00318696EA013530150500512
B1519574530245N00318686EA013530150500512
B1519584530230N00318674EA013520150500512
B1519594530216N00318660EA013520150400512
B1520004530203N00318645EA013510150400512
B1520014530192N00318627EA013510150300512
B1520024530182N00318608EA013500150200512
B1520034530174N00318588EA013490150100512
B1520044530167N00318566EA013490150100512
B1520054530161N00318544EA013480150000512
B1520064530156N00318521EA013480150000512
B1520074530153N00318498EA013470149900512
B1520084530151N00318474EA013470149900512
B1520094530151N00318450EA013460149900512
B1520104530152N00318427EA013470150000512
F15201030050721091106201422
B1520114530154N00318403EA013480150100512
B1520124530156N00318380EA013500150300512
B1520134530158N00318357EA013520150500512
B1520144530160N00318335EA013520150500512
B1520154530162N00318312EA013520150500512
B1520164530165N00318290EA013510150400512
B1520174530168N00318269EA013500150300512
B1520184530171N00318247EA013480150200512
B1520194530175N00318225EA013460150000512
B1520204530178N00318203EA013440149700512
B1520214530181N00318180EA013420149500512
B1520224530184N00318157EA013380149100512
B1520234530187N00318133EA013350148800512
B1520244530190N00318109EA013330148500512
B1520254530193N00318086EA013310148400512
B1520264530196N00318061EA013310148300512
B1520274530198N00318037EA013310148300512
B1520284530200N00318013EA013310148300512
B1520294530201N00317988EA013310148400512
B1520304530203N00317964EA013310148300512
LXNA::BAT:charging,100%,4.252V,36mA
B1520314530204N00317940EA013300148300512
B1520324530205N00317916EA013300148300512
B1520334530206N00317892EA013300148200512
B1520344530207N00317869EA013290148200512
B1520354530208N00317845EA013290148200512
B1520364530208N00317823EA013300148200512
B1520374530209N00317800EA013300148100512
B1520384530210N00317777EA013290148100512
B1520394530211N00317755EA013280147900512
B1520404530212N00317732EA013260147700512
B1520414530214N00317710EA013240147500512
B1520424530216N00317687EA013220147300512
B1520434530217N00317664EA013210147100512
B1520444530220N00317642EA013190146900512
B1520454530222N00317620EA013170146700512
B1520464530225N00317598EA013160146500512
B1520474530230N00317577EA013140146300512
LXNA::AVGSATSNR:41
B1520484530236N00317557EA013130146200512
B1520494530244N00317539EA013120146200512
B1520504530253N00317523EA013120146200512
B1520514530263N00317508EA013130146300512
B1520524530273N00317494EA013130146400512
B1520534530284N00317480EA013130146400512
B1520544530294N00317467EA013130146400512
B1520554530305N00317455EA013130146400512
B1520564530316N00317444EA013120146300512
B1520574530327N00317433EA013100146200512
B1520584530339N00317423EA013090146000512
B1520594530351N00317413EA013060145700512
B1521004530363N00317403EA013030145400512
B1521014530376N00317393EA013000145100512
B1521024530390N00317383EA012980144800512
B1521034530403N00317373EA012960144700512
B1521044530417N00317364EA012960144700512
B1521054530430N00317354EA012970144800512
B1521064530444N00317345EA012980144900512
B1521074530457N00317337EA012990145000512
B1521084530471N00317328EA012990145000512
B1521094530484N00317321EA012990145000512
B1521104530498N00317313EA013000145000512
B1521114530511N00317305EA013000145000512
B1521124530525N00317297EA013000145000512
B1521134530538N00317289EA012990144900512
B1521144530552N00317282EA012990144800512
B1521154530566N00317274EA012980144800512
B1521164530580N00317267EA012980144700512
B1521174530594N00317260EA012980144700512
B1521184530608N00317253EA012990144800512
B1521194530622N00317246EA013000145000512
B1521204530636N00317239EA013030145300512
B1521214530650N00317233EA013050145600512
B1521224530663N00317226EA013080145800512
B1521234530677N00317220EA013100146100512
B1521244530690N00317215EA013120146200512
B1521254530703N00317209EA013110146100512
B1521264530716N00317203EA013100146000512
B1521274530729N00317196EA013090145800512
B1521284530743N00317189EA013080145800512
B1521294530756N00317182EA013080145900512
B1521304530769N00317174EA013100146100512
B1521314530782N00317168EA013120146300512
B1521324530795N00317161EA013130146300512
B1521334530807N00317155EA013120146200512
B1521344530820N00317148EA013110146100512
B1521354530833N00317141EA013100146000512
B1521364530846N00317135EA013080145700512
B1521374530859N00317128EA013050145400512
B1521384530873N00317122EA013030145200512
B1521394530886N00317115EA013020145200512
B1521404530900N00317108EA013020145200512
B1521414530914N00317101EA013030145200512
B1521424530927N00317094EA013030145300512
B1521434530940N00317087EA013030145400512
B1521444530952N00317079EA013030145400512
B1521454530965N00317072EA013030145300512
B1521464530979N00317064EA013020145200512
B1521474530992N00317055EA013020145300512
B1521484531006N00317047EA013040145400512
LXNA::AVGSATSNR:40
B1521494531019N00317039EA013060145700512
B1521504531033N00317033EA013090146100512
B1521514531047N00317030EA013130146400512
B1521524531060N00317031EA013150146600512
B1521534531073N00317035EA013150146600512
B1521544531086N00317043EA013130146400512
B1521554531097N00317055EA013100146000512
B1521564531106N00317071EA013050145600512
B1521574531114N00317090EA013010145100512
B1521584531119N00317112EA012980144800512
B1521594531122N00317136EA012960144600512
B1522004531121N00317160EA012950144500512
B1522014531117N00317184EA012970144700512
B1522024531110N00317207EA012990144900512
B1522034531102N00317228EA013020145100512
B1522044531091N00317246EA013030145200512
B1522054531078N00317262EA013040145400512
B1522064531064N00317277EA013060145700512
B1522074531049N00317290EA013070145800512
B1522084531034N00317302EA013070145700512
B1522094531018N00317314EA013050145600512
B1522104531001N00317325EA013030145300512
B1522114530984N00317335EA013020145000512
B1522124530965N00317343EA013010144900512
B1522134530946N00317348EA012990144900512
K152213321018
B1522144530926N00317352EA013000144900512
B1522154530907N00317351EA013010145000512
B1522164530889N00317346EA013010145100512
B1522174530872N00317337EA013020145200512
B1522184530857N00317325EA013030145200512
B1522194530843N00317311EA013030145300512
B1522204530831N00317295EA013030145300512
B1522214530820N00317278EA013030145300512
B1522224530810N00317261EA013040145400512
B1522234530801N00317242EA013040145400512
B1522244530793N00317223EA013050145500512
B1522254530785N00317204EA013050145500512
B1522264530777N00317185EA013050145500512
B1522274530770N00317167EA013040145500512
B1522284530763N00317147EA013030145300512
B1522294530757N00317127EA013030145200512
B1522304530753N00317107EA013010145100512
B1522314530752N00317087EA013010145000512
B1522324530751N00317067EA012990144900512
B1522334530751N00317047EA012970144700512
B1522344530752N00317026EA012960144700512
B1522354530754N00317006EA012960144600512
B1522364530756N00316986EA012950144500512
B1522374530758N00316966EA012940144400512
B1522384530762N00316946EA012920144200512
B1522394530766N00316927EA012900144100512
B1522404530771N00316907EA012880143800512
B1522414530776N00316888EA012860143600512
B1522424530782N00316868EA012840143400512
B1522434530788N00316849EA012820143200512
B1522444530795N00316830EA012810143000512
B1522454530803N00316811EA012790142900512
B1522464530812N00316793EA012780142700512
B1522474530821N00316776EA012770142700512
B1522484530830N00316760EA012760142600512
B1522494530840N00316745EA012760142500512
LXNA::AVGSATSNR:39
B1522504530850N00316730EA012740142400512
B1522514530861N00316716EA012730142200512
B1522524530871N00316702EA012710142100512
B1522534530882N00316688EA012690141800512
B1522544530893N00316673EA012660141500512
B1522554530903N00316658EA012620141200512
B1522564530914N00316642EA012570140700512
B1522574530926N00316625EA012540140300512
B1522584530938N00316609EA012510140000512
B1522594530951N00316593EA012490139800512
B1523004530963N00316577EA012480139700512
B1523014530976N00316561EA012480139800512
B1523024530988N00316545EA012500140000512
B1523034531000N00316530EA012510140100512
B1523044531012N00316515EA012530140300512
B1523054531023N00316500EA012540140400512
B1523064531034N00316485EA012550140500512
B1523074531045N00316470EA012550140500512
B1523084531056N00316455EA012540140300512
B1523094531067N00316440EA012520140100512
B1523104531078N00316426EA012490139900512
B1523114531090N00316411EA012480139800512
F152311300507210911201422
B1523124531102N00316397EA012460139600512
B1523134531114N00316382EA012440139400512
B1523144531126N00316368EA012430139200512
B1523154531138N00316355EA012400139000512
B1523164531151N00316341EA012380138800512
B1523174531163N00316327EA012370138600512
B1523184531176N00316313EA012360138500512
B1523194531188N00316299EA012350138400512
B1523204531200N00316285EA012340138300512
B1523214531212N00316271EA012330138200512
B1523224531224N00316257EA012320138100512
B1523234531236N00316243EA012310137900512
B1523244531248N00316229EA012280137700512
B1523254531260N00316216EA012270137600512
B1523264531273N00316204EA012240137300512
B1523274531286N00316192EA012220137000512
B1523284531300N00316182EA012190136600512
B1523294531314N00316172EA012160136300512
B1523304531328N00316163EA012120135900512
B1523314531343N00316154EA012090135600512
LXNA::BAT:charging,100%,4.252V,30mA
B1523324531358N00316145EA012060135300512
B1523334531373N00316136EA012040135100512
B1523344531388N00316127EA012030134900512
B1523354531403N00316118EA012010134800512
B1523364531418N00316109EA012000134700512
B1523374531433N00316101EA011990134500512
B1523384531447N00316092EA011970134400512
B1523394531462N00316084EA011960134300512
B1523404531477N00316076EA011960134200512
B1523414531491N00316069EA011950134100512
B1523424531506N00316062EA011930134000512
B1523434531520N00316055EA011920133900512
B1523444531535N00316049EA011910133800512
B1523454531549N00316042EA011910133700512
B1523464531564N00316036EA011900133600512
B1523474531578N00316030EA011890133600512
B1523484531592N00316024EA011900133700512
B1523494531606N00316019EA011920133900512
B1523504531620N00316014EA011940134100512
LXNA::AVGSATSNR:38
B1523514531633N00316010EA011950134100512
B1523524531647N00316006EA011940134100512
B1523534531660N00316002EA011920133900512
B1523544531674N00315997EA011920133800512
B1523554531688N00315993EA011910133700512
B1523564531702N00315989EA011910133600512
B1523574531717N00315985EA011900133500512
B1523584531731N00315981EA011890133400512
B1523594531746N00315977EA011870133200512
B1524004531761N00315973EA011860133100512
B1524014531775N00315969EA011850133100512
B1524024531790N00315966EA011850133000512
B1524034531805N00315963EA011850133000512
B1524044531820N00315960EA011850132900512
B1524054531835N00315956EA011840132900512
B1524064531849N00315953EA011840132900512
B1524074531864N00315950EA011840132900512
B1524084531879N00315946EA011840132900512
B1524094531893N00315942EA011840133000512
B1524104531908N00315939EA011850133100512
B1524114531923N00315936EA011860133200512
B1524124531938N00315933EA011870133200512
B1524134531953N00315930EA011870133200512
B1524144531968N00315928EA011870133200512
B1524154531983N00315925EA011850133100512
B1524164531999N00315922EA011840132900512
B1524174532014N00315920EA011840132900512
B1524184532030N00315918EA011830132800512
B1524194532045N00315915EA011820132700512
B1524204532061N00315913EA011820132800512
B1524214532076N00315911EA011840133000512
B1524224532091N00315910EA011870133200512
B1524234532105N00315909EA011900133500512
B1524244532119N00315908EA011940133900512
B1524254532133N00315908EA011970134100512
B1524264532146N00315907EA011980134300512
B1524274532160N00315907EA012000134400512
B1524284532174N00315906EA012000134600512
B1524294532188N00315906EA012020134700512
B1524304532203N00315906EA012020134700512
B1524314532217N00315907EA012010134600512
B1524324532232N00315912EA012010134700512
B1524334532245N00315921EA012020134800512
B1524344532257N00315935EA012030134800512
B1524354532265N00315954EA012020134700512
B1524364532270N00315976EA012010134600512
B1524374532271N00316001EA012000134500512
B1524384532268N00316027EA011990134400512
B1524394532259N00316051EA011970134200512
B1524404532246N00316072EA011960134100512
B1524414532230N00316090EA011960134000512
B1524424532212N00316104EA011950133900512
B1524434532192N00316113EA011940133900512
B1524444532172N00316119EA011950134000512
B1524454532153N00316120EA011960134100512
B1524464532133N00316117EA011950134000512
B1524474532115N00316111EA011950134000512
B1524484532098N00316101EA011930133900512
B1524494532082N00316088EA011930133800512
B1524504532068N00316071EA011910133700512
B1524514532056N00316051EA011910133700512
LXNA::AVGSATSNR:38
B1524524532046N00316030EA011930133800512
B1524534532038N00316009EA011950134000512
B1524544532031N00315987EA011970134300512
B1524554532027N00315965EA011990134500512
B1524564532026N00315943EA012010134800512
B1524574532027N00315922EA012030135000512
B1524584532029N00315901EA012040135100512
B1524594532032N00315881EA012050135200512
B1525004532036N00315862EA012050135200512
B1525014532042N00315844EA012050135200512
B1525024532049N00315827EA012050135200512
B1525034532058N00315811EA012050135200512
B1525044532069N00315798EA012050135200512
B1525054532081N00315788EA012040135100512
B1525064532094N00315781EA012040135100512
B1525074532108N00315779EA012050135100512
B1525084532123N00315782EA012060135300512
B1525094532137N00315788EA012090135600512
B1525104532149N00315798EA012110135800512
B1525114532159N00315813EA012130136000512
K152511330021
B1525124532166N00315832EA012130136000512
B1525134532169N00315854EA012120135800512
B1525144532169N00315877EA012110135700512
B1525154532165N00315901EA012090135600512
B1525164532157N00315924EA012080135300512
B1525174532145N00315945EA012050135100512
B1525184532131N00315963EA012020134800512
B1525194532114N00315977EA012010134800512
B1525204532095N00315986EA012040135000512
B1525214532077N00315991EA012050135200512
B1525224532058N00315992EA012070135400512
B1525234532040N00315988EA012080135500512
B1525244532023N00315980EA012100135700512
B1525254532007N00315968EA012120135900512
B1525264531992N00315955EA012130136000512
B1525274531979N00315939EA012140136300512
B1525284531967N00315923EA012170136500512
B1525294531955N00315906EA012180136600512
B1525304531946N00315888EA012190136600512
B1525314531939N00315868EA012190136600512
K152531335022
B1525324531934N00315846EA012170136400512
B1525334531932N00315824EA012150136300512
B1525344531932N00315802EA012130136100512
B1525354531936N00315780EA012120135900512
B1525364531942N00315760EA012110135900512
B1525374531951N00315742EA012120136000512
B1525384531961N00315725EA012130136100512
B1525394531971N00315710EA012130136200512
B1525404531982N00315695EA012140136300512
B1525414531993N00315680EA012140136300512
B1525424532005N00315668EA012150136300512
B1525434532018N00315658EA012150136300512
B1525444532032N00315650EA012150136300512
B1525454532047N00315647EA012150136400512
B1525464532062N00315647EA012170136500512
B1525474532076N00315650EA012190136700512
B1525484532091N00315655EA012200136900512
B1525494532104N00315664EA012200136900512
B1525504532116N00315676EA012220137000512
B1525514532126N00315691EA012210137000512
B1525524532134N00315709EA012220137100512
LXNA::AVGSATSNR:39
B1525534532140N00315730EA012220137100512
B1525544532142N00315752EA012230137100512
B1525554532141N00315775EA012220137000512
B1525564532138N00315799EA012210136900512
B1525574532131N00315822EA012210137000512
B1525584532122N00315843EA012230137100512
B1525594532110N00315862EA012250137200512
B1526004532096N00315879EA012260137300512
B1526014532080N00315892EA012250137200512
B1526024532064N00315903EA012230137000512
B1526034532046N00315911EA012200136700512
B1526044532027N00315916EA012180136500512
B1526054532008N00315918EA012160136300512
B1526064531989N00315917EA012150136200512
B1526074531970N00315912EA012140136100512
B1526084531952N00315904EA012150136200512
B1526094531935N00315894EA012170136300512
B1526104531918N00315883EA012190136600512
B1526114531902N00315871EA012220136800512
B1526124531887N00315858EA012240137000512
B1526134531874N00315844EA012250137200512
B1526144531861N00315827EA012260137300512
B1526154531850N00315810EA012280137500512
B1526164531840N00315792EA012300137700512
B1526174531831N00315773EA012320137900512
B1526184531822N00315755EA012330138000512
B1526194531814N00315736EA012340138100512
B1526204531805N00315717EA012350138100512
B1526214531797N00315698EA012330138000512
B1526224531791N00315677EA012320137800512
K152622330019
B1526234531786N00315656EA012300137600512
B1526244531784N00315634EA012300137600512
B1526254531785N00315612EA012290137600512
B1526264531788N00315591EA012310137800512
B1526274531794N00315570EA012340138200512
B1526284531800N00315552EA012380138500512
B1526294531809N00315536EA012410138700512
B1526304531820N00315523EA012410138800512
B1526314531831N00315514EA012410138800512
B1526324531844N00315509EA012410138800512
LXNA::BAT:charging,100%,4.252V,30mA
B1526334531857N00315508EA012420138900512
B1526344531870N00315512EA012430139000512
B1526354531882N00315521EA012430138900512
B1526364531893N00315533EA012410138800512
B1526374531901N00315548EA012400138800512
B1526384531908N00315566EA012410138900512
B1526394531911N00315586EA012430139000512
B1526404531911N00315607EA012430139000512
B1526414531907N00315629EA012430139000512
B1526424531901N00315650EA012430139100512
B1526434531892N00315670EA012440139200512
B1526444531881N00315689EA012470139400512
B1526454531869N00315705EA012490139700512
B1526464531855N00315720EA012510139800512
B1526474531841N00315733EA012510139900512
B1526484531825N00315744EA012510139900512
B1526494531808N00315752EA012510139900512
B1526504531791N00315758EA012510139900512
B1526514531773N00315761EA012510139900512
B1526524531756N00315761EA012510139900512
F1526523005072109112022
B1526534531738N00315757EA012520140000512
LXNA::AVGSATSNR:39
B1526544531721N00315751EA012530140100512
B1526554531705N00315743EA012530140100512
B1526564531690N00315732EA012530140100512
B1526574531676N00315718EA012520140000512
B1526584531664N00315702EA012510139900512
B1526594531653N00315684EA012510139800512
B1527004531644N00315665EA012490139700512
B1527014531638N00315644EA012490139600512
B1527024531634N00315623EA012490139600512
B1527034531631N00315602EA012500139700512
B1527044531631N00315581EA012510139800512
B1527054531632N00315559EA012520140000512
B1527064531635N00315538EA012530140200512
K152706357015
B1527074531640N00315518EA012560140400512
B1527084531645N00315499EA012580140700512
B1527094531651N00315481EA012620141000512
B1527104531658N00315464EA012640141300512
B1527114531667N00315449EA012660141500512
B1527124531676N00315438EA012660141500512
B1527134531687N00315428EA012670141600512
B1527144531698N00315422EA012660141600512
B1527154531709N00315419EA012650141400512
B1527164531722N00315420EA012630141200512
B1527174531734N00315424EA012600141000512
B1527184531745N00315433EA012580140800512
B1527194531755N00315446EA012580140800512
B1527204531763N00315461EA012590141000512
B1527214531769N00315479EA012610141100512
B1527224531771N00315498EA012620141200512
B1527234531771N00315518EA012630141200512
B1527244531767N00315538EA012630141100512
B1527254531760N00315558EA012600140900512
B1527264531751N00315576EA012590140700512
B1527274531738N00315593EA012580140600512
B1527284531723N00315606EA012570140600512
B1527294531707N00315616EA012580140600512
B1527304531689N00315622EA012590140800512
B1527314531670N00315623EA012600140900512
B1527324531652N00315620EA012630141100512
B1527334531635N00315612EA012650141400512
B1527344531619N00315603EA012680141800512
B1527354531604N00315590EA012720142200512
B1527364531591N00315576EA012750142500512
B1527374531579N00315560EA012780142800512
B1527384531570N00315542EA012800143000512
B1527394531562N00315523EA012820143200512
B1527404531557N00315503EA012840143500512
B1527414531553N00315482EA012860143600512
B1527424531551N00315462EA012870143700512
B1527434531553N00315441EA012860143700512
B1527444531557N00315421EA012870143700512
B1527454531564N00315404EA012870143600512
B1527464531574N00315389EA012840143400512
B1527474531586N00315379EA012830143300512
B1527484531599N00315374EA012820143200512
B1527494531612N00315375EA012800143000512
B1527504531625N00315383EA012790142900512
B1527514531636N00315396EA012790143000512
B1527524531644N00315413EA012800142900512
B1527534531649N00315432EA012790142900512
B1527544531650N00315454EA012800143000512
LXNA::AVGSATSNR:37
B1527554531647N00315477EA012810143000512
B1527564531641N00315499EA012810143200512
B1527574531632N00315520EA012830143300512
B1527584531620N00315538EA012850143500512
B1527594531607N00315554EA012860143700512
B1528004531592N00315567EA012870143800512
B1528014531575N00315576EA012890144000512
B1528024531557N00315581EA012910144100512
B1528034531540N00315583EA012930144300512
B1528044531522N00315580EA012950144600512
B1528054531505N00315574EA012980144800512
B1528064531489N00315565EA012990145000512
B1528074531474N00315554EA013010145100512
B1528084531460N00315539EA013010145100512
B1528094531448N00315522EA013010145200512
B1528104531438N00315502EA013010145200512
B1528114531430N00315482EA013020145300512
B1528124531424N00315460EA013050145500512
B1528134531421N00315437EA013070145700512
B1528144531421N00315414EA013070145800512
B1528154531425N00315393EA013080145900512
B1528164531432N00315374EA013090146000512
B1528174531442N00315358EA013100146100512
B1528184531454N00315347EA013090146000512
B1528194531468N00315340EA013070145900512
B1528204531483N00315339EA013080145900512
B1528214531497N00315343EA013080145900512
B1528224531510N00315352EA013090145900512
B1528234531521N00315367EA013090146000512
B1528244531528N00315385EA013100146100512
B1528254531532N00315404EA013120146300512
B1528264531533N00315425EA013120146300512
B1528274531531N00315447EA013130146400512
B1528284531526N00315469EA013130146400512
B1528294531519N00315490EA013130146500512
B1528304531509N00315510EA013150146700512
B1528314531498N00315528EA013170147000512
B1528324531485N00315545EA013190147100512
B1528334531472N00315561EA013190147200512
B1528344531457N00315576EA013200147200512
B1528354531442N00315588EA013200147300512
B1528364531425N00315597EA013210147300512
B1528374531407N00315602EA013210147400512
B1528384531389N00315603EA013220147400512
B1528394531372N00315600EA013230147500512
B1528404531355N00315592EA013240147700512
B1528414531340N00315579EA013260148000512
B1528424531327N00315563EA013300148200512
B1528434531317N00315544EA013320148500512
B1528444531310N00315523EA013350148900512
B1528454531306N00315501EA013390149200512
B1528464531305N00315479EA013410149500512
B1528474531307N00315458EA013420149600512
B1528484531312N00315438EA013440149800512
B1528494531320N00315420EA013450149900512
B1528504531330N00315405EA013460150000512
B1528514531342N00315394EA013480150200512
K152851358014
B1528524531355N00315387EA013510150500512
B1528534531368N00315384EA013550150900512
B1528544531382N00315384EA013580151200512
B1528554531395N00315388EA013590151400512
LXNA::AVGSATSNR:39
B1528564531408N00315396EA013610151500512
B1528574531419N00315408EA013620151700512
B1528584531428N00315424EA013640151800512
B1528594531434N00315442EA013650151900512
B1529004531438N00315462EA013660152100512
B1529014531439N00315484EA013690152200512
B1529024531436N00315506EA013700152400512
B1529034531431N00315528EA013710152600512
B1529044531422N00315548EA013730152800512
B1529054531410N00315565EA013740152900512
B1529064531395N00315577EA013740153000512
B1529074531379N00315586EA013740152900512
B1529084531362N00315591EA013740152900512
B1529094531345N00315590EA013750153000512
B1529104531328N00315584EA013760153100512
B1529114531312N00315573EA013780153400512
B1529124531299N00315558EA013820153700512
B1529134531288N00315541EA013860154200512
B1529144531280N00315523EA013890154500512
B1529154531275N00315503EA013930154800512
B1529164531273N00315483EA013940154900512
B1529174531274N00315462EA013950155100512
B1529184531277N00315443EA013960155300512
B1529194531283N00315425EA013980155400512
B1529204531291N00315409EA013990155500512
B1529214531302N00315396EA014000155600512
B1529224531314N00315387EA014000155600512
B1529234531327N00315382EA014010155800512
B1529244531340N00315382EA014040155900512
B1529254531354N00315387EA014030156000512
B1529264531366N00315398EA014030156000512
B1529274531376N00315412EA014030156000512
B1529284531384N00315430EA014030155900512
B1529294531388N00315450EA014020155800512
B1529304531388N00315473EA014010155800512
B1529314531384N00315496EA014030156000512
B1529324531376N00315518EA014070156300512
B1529334531365N00315537EA014100156600512
LXNA::BAT:charging,100%,4.252V,30mA
B1529344531351N00315553EA014130156900512
B1529354531335N00315565EA014160157300512
B1529364531319N00315574EA014170157500512
B1529374531302N00315578EA014190157600512
B1529384531285N00315578EA014180157600512
B1529394531268N00315573EA014180157500512
B1529404531253N00315563EA014170157500512
B1529414531239N00315549EA014180157600512
B1529424531228N00315531EA014190157800512
B1529434531220N00315510EA014220158100512
B1529444531216N00315488EA014250158300512
B1529454531215N00315465EA014280158700512
B1529464531217N00315443EA014310158900512
B1529474531223N00315424EA014330159200512
B1529484531231N00315407EA014350159500512
B1529494531242N00315394EA014370159800512
B1529504531254N00315385EA014400160000512
B1529514531266N00315379EA014410160100512
B1529524531279N00315378EA014410160100512
B1529534531293N00315382EA014400160000512
F152953300507210911201422
B1529544531305N00315390EA014390160000512
B1529554531317N00315401EA014380159800512
B1529564531327N00315415EA014370159700512
LXNA::AVGSATSNR:39
B1529574531335N00315433EA014350159500512
B1529584531340N00315454EA014340159400512
B1529594531342N00315477EA014330159200512
B1530004531341N00315502EA014320159100512
B1530014531336N00315526EA014330159200512
K153001352014
B1530024531328N00315549EA014340159300512
B1530034531319N00315572EA014350159500512
B1530044531308N00315593EA014380159700512
B1530054531298N00315615EA014400160000512
B1530064531286N00315635EA014420160100512
B1530074531273N00315655EA014430160200512
B1530084531259N00315671EA014420160100512
B1530094531244N00315686EA014430160200512
B1530104531227N00315696EA014440160400512
B1530114531210N00315703EA014460160600512
B1530124531192N00315706EA014470160700512
B1530134531175N00315705EA014500160700512
B1530144531158N00315699EA014470160700512
B1530154531142N00315690EA014470160700512
B1530164531127N00315676EA014480160900512
B1530174531115N00315660EA014510161200512
B1530184531104N00315641EA014540161500512
B1530194531096N00315622EA014570161900512
B1530204531089N00315602EA014600162200512
B1530214531084N00315581EA014620162400512
B1530224531082N00315559EA014640162500512
B1530234531083N00315538EA014650162600512
B1530244531087N00315516EA014660162700512
B1530254531094N00315497EA014660162600512
B1530264531105N00315480EA014630162400512
B1530274531118N00315468EA014620162300512
B1530284531134N00315463EA014640162400512
B1530294531150N00315465EA014660162500512
B1530304531165N00315473EA014670162600512
B1530314531178N00315487EA014680162800512
B1530324531190N00315505EA014690163000512
B1530334531198N00315526EA014720163300512
B1530344531201N00315552EA014760163600512
B1530354531201N00315578EA014790163900512
B1530364531197N00315604EA014810164100512
B1530374531191N00315631EA014810164200512
B1530384531182N00315655EA014830164400512
B1530394531170N00315678EA014860164700512
B1530404531156N00315698EA014890165000512
K153040343012
B1530414531140N00315712EA014910165100512
B1530424531122N00315722EA014920165200512
B1530434531103N00315725EA014930165100512
B1530444531084N00315723EA014920165200512
B1530454531067N00315715EA014930165400512
B1530464531051N00315702EA014970165800512
B1530474531037N00315686EA015030166400512
B1530484531026N00315669EA015080166800512
B1530494531017N00315650EA015110167100512
B1530504531011N00315630EA015120167100512
B1530514531007N00315609EA015120167100512
B1530524531006N00315588EA015120167100512
K153052334012
B1530534531008N00315567EA015110167100512
B1530544531013N00315546EA015120167100512
B1530554531021N00315527EA015130167300512
B1530564531031N00315511EA015160167500512
B1530574531042N00315498EA015180167800512
LXNA::AVGSATSNR:40
B1530584531056N00315489EA015190167900512
B1530594531070N00315486EA015210168200512
B1531004531084N00315488EA015240168400512
B1531014531097N00315495EA015260168600512
B1531024531110N00315507EA015280168800512
B1531034531120N00315522EA015290169000512
B1531044531127N00315542EA015300169100512
B1531054531131N00315564EA015310169200512
B1531064531132N00315588EA015330169300512
B1531074531129N00315612EA015340169400512
B1531084531122N00315636EA015350169500512
B1531094531112N00315657EA015350169500512
B1531104531098N00315675EA015360169600512
B1531114531082N00315689EA015380169800512
B1531124531065N00315696EA015400170100512
B1531134531047N00315697EA015430170400512
B1531144531030N00315694EA015450170500512
B1531154531014N00315685EA015470170700512
B1531164531000N00315672EA015480170800512
B1531174530989N00315654EA015500171000512
B1531184530980N00315635EA015520171300512
B1531194530975N00315614EA015550171600512
B1531204530973N00315592EA015580171800512
B1531214530975N00315570EA015590171900512
B1531224530980N00315550EA015590172100512
B1531234530988N00315532EA015610172200512
B1531244530998N00315518EA015620172200512
B1531254531011N00315507EA015630172300512
B1531264531025N00315502EA015650172300512
B1531274531039N00315503EA015650172500512
B1531284531053N00315507EA015670172700512
B1531294531067N00315516EA015690173000512
B1531304531079N00315529EA015720173100512
B1531314531089N00315546EA015720173300512
B1531324531096N00315566EA015730173300512
B1531334531101N00315589EA015750173400512
B1531344531103N00315613EA015750173500512
B1531354531101N00315637EA015760173600512
B1531364531095N00315661EA015750173600512
B1531374531085N00315684EA015750173500512
B1531384531073N00315705EA015740173400512
B1531394531058N00315722EA015730173400512
B1531404531041N00315736EA015740173400512
B1531414531023N00315746EA015750173600512
B1531424531005N00315752EA015790173900512
B1531434530986N00315754EA015820174200512
B1531444530969N00315753EA015850174500512
B1531454530952N00315747EA015880174800512
B1531464530936N00315738EA015900175000512
B1531474530921N00315727EA015930175200512
B1531484530909N00315713EA015930175300512
B1531494530898N00315696EA015940175300512
B1531504530891N00315676EA015940175300512
B1531514530887N00315655EA015940175300512
B1531524530885N00315633EA015950175400512
B1531534530887N00315612EA015960175500512
B1531544530892N00315593EA015980175700512
B1531554530900N00315575EA015980175800512
B1531564530910N00315561EA016000175900512
B1531574530922N00315550EA016000176000512
B1531584530936N00315544EA016010176000512
LXNA::AVGSATSNR:39
B1531594530950N00315543EA016020175900512
K153159328013
B1532004530964N00315548EA016010175900512
B1532014530978N00315557EA015980175800512
B1532024530990N00315571EA015970175800512
B1532034531000N00315588EA015980175900512
B1532044531008N00315609EA016000176000512
B1532054531014N00315632EA016020176200512
B1532064531016N00315656EA016030176300512
B1532074531017N00315681EA016040176400512
B1532084531017N00315706EA016050176600512
B1532094531016N00315732EA016060176600512
B1532104531014N00315757EA016060176600512
B1532114531010N00315783EA016050176600512
B1532124531004N00315808EA016040176600512
B1532134530995N00315832EA016050176600512
B1532144530984N00315854EA016060176700512
B1532154530972N00315874EA016070176900512
B1532164530959N00315893EA016090177100512
B1532174530945N00315910EA016100177200512
B1532184530930N00315925EA016110177200512
B1532194530914N00315938EA016110177200512
B1532204530898N00315950EA016090177100512
B1532214530880N00315959EA016080177000512
B1532224530862N00315966EA016070176800512
B1532234530844N00315969EA016050176700512
B1532244530825N00315968EA016030176500512
B1532254530807N00315963EA016030176500512
B1532264530790N00315954EA016040176600512
B1532274530775N00315942EA016050176700512
B1532284530761N00315926EA016070176900512
B1532294530750N00315909EA016070176900512
B1532304530742N00315890EA016070176900512
B1532314530736N00315869EA016070176800512
B1532324530733N00315847EA016050176600512
B1532334530733N00315826EA016030176400512
B1532344530736N00315805EA016020176300512
LXNA::BAT:charging,100%,4.252V,24mA
B1532354530742N00315786EA016010176200512
B1532364530750N00315770EA016010176300512
B1532374530760N00315756EA016020176300512
B1532384530771N00315744EA016030176400512
B1532394530783N00315734EA016020176300512
B1532404530796N00315724EA016010176200512
B1532414530809N00315716EA016000176100512
B1532424530823N00315708EA015990176100512
B1532434530837N00315701EA016000176100512
B1532444530852N00315694EA015990176100512
B1532454530866N00315688EA016000176200512
B1532464530881N00315683EA016020176400512
B1532474530895N00315678EA016050176600512
B1532484530909N00315673EA016060176700512
B1532494530924N00315669EA016070176800512
B1532504530938N00315667EA016080176900512
B1532514530952N00315667EA016090176900512
B1532524530966N00315671EA016080176900512
B1532534530980N00315679EA016070176800512
B1532544530993N00315690EA016060176700512
B1532554531003N00315705EA016050176600512
B1532564531012N00315723EA016050176500512
B1532574531019N00315743EA016040176400512
B1532584531023N00315765EA016040176400512
B1532594531025N00315788EA016040176500512
LXNA::AVGSATSNR:37
B1533004531025N00315812EA016050176500512
B1533014531023N00315836EA016050176500512
B1533024531020N00315859EA016050176500512
B1533034531015N00315883EA016050176500512
B1533044531010N00315906EA016040176400512
B1533054531004N00315929EA016030176300512
B1533064530997N00315951EA016020176200512
B1533074530989N00315973EA016000176000512
B1533084530979N00315993EA015980175900512
B1533094530967N00316012EA015960175700512
B1533104530953N00316028EA015940175500512
B1533114530938N00316041EA015910175200512
B1533124530922N00316052EA015890174900512
B1533134530905N00316060EA015870174700512
B1533144530887N00316065EA015860174600512
F1533143005072111201422
B1533154530869N00316065EA015860174600512
B1533164530852N00316062EA015870174700512
B1533174530835N00316056EA015870174800512
B1533184530820N00316048EA015870174800512
B1533194530805N00316038EA015860174700512
B1533204530791N00316026EA015850174600512
B1533214530779N00316013EA015830174400512
B1533224530767N00315998EA015810174200512
B1533234530757N00315981EA015790174000512
B1533244530748N00315963EA015780173900512
B1533254530740N00315944EA015780173800512
B1533264530734N00315925EA015770173800512
B1533274530730N00315905EA015780173900512
B1533284530728N00315884EA015780174000512
B1533294530727N00315865EA015800174200512
B1533304530727N00315845EA015810174300512
B1533314530728N00315827EA015810174200512
B1533324530729N00315808EA015800174200512
B1533334530732N00315789EA015790174100512
B1533344530735N00315771EA015790174100512
B1533354530739N00315753EA015810174300512
B1533364530744N00315736EA015830174500512
B1533374530748N00315719EA015860174800512
B1533384530751N00315703EA015880174900512
B1533394530755N00315687EA015890175000512
B1533404530760N00315672EA015880174900512
B1533414530766N00315657EA015860174800512
B1533424530772N00315644EA015840174600512
B1533434530780N00315631EA015820174400512
B1533444530788N00315618EA015810174200512
B1533454530797N00315605EA015780173900512
B1533464530806N00315593EA015760173700512
B1533474530816N00315582EA015750173600512
B1533484530826N00315572EA015730173400512
B1533494530837N00315562EA015730173300512
B1533504530848N00315553EA015710173100512
B1533514530860N00315544EA015690172900512
B1533524530872N00315536EA015660172700512
B1533534530885N00315530EA015640172500512
B1533544530899N00315524EA015630172300512
B1533554530913N00315521EA015610172200512
B1533564530928N00315520EA015610172300512
B1533574530943N00315521EA015630172400512
B1533584530958N00315524EA015640172600512
B1533594530972N00315529EA015660172800512
B1534004530986N00315535EA015680173000512
LXNA::AVGSATSNR:39
B1534014531000N00315543EA015700173300512
B1534024531013N00315551EA015750173500512
B1534034531026N00315561EA015760173800512
B1534044531037N00315573EA015780174000512
B1534054531046N00315588EA015790174100512
B1534064531053N00315607EA015800174100512
B1534074531057N00315627EA015800174100512
B1534084531057N00315649EA015790174000512
B1534094531053N00315672EA015780173800512
B1534104531046N00315694EA015750173600512
B1534114531035N00315715EA015740173500512
B1534124531021N00315733EA015740173400512
B1534134531004N00315746EA015740173400512
B1534144530986N00315756EA015750173600512
B1534154530967N00315761EA015770173900512
B1534164530948N00315763EA015810174300512
B1534174530930N00315761EA015850174700512
B1534184530913N00315757EA015870174900512
B1534194530898N00315749EA015890175000512
B1534204530884N00315737EA015880175000512
B1534214530871N00315723EA015890175000512
B1534224530861N00315708EA015880175000512
B1534234530852N00315690EA015870174900512
B1534244530847N00315671EA015860174800512
B1534254530844N00315652EA015860174800512
B1534264530843N00315632EA015870174800512
B1534274530844N00315614EA015860174800512
B1534284530848N00315596EA015850174600512
B1534294530853N00315579EA015830174400512
B1534304530861N00315564EA015810174300512
B1534314530869N00315549EA015800174200512
B1534324530879N00315536EA015790174100512
B1534334530891N00315524EA015790174100512
B1534344530903N00315513EA015790174100512
B1534354530916N00315505EA015800174100512
B1534364530930N00315499EA015790174200512
B1534374530944N00315495EA015800174300512
B1534384530958N00315492EA015810174400512
B1534394530972N00315491EA015830174500512
B1534404530986N00315490EA015840174500512
B1534414531000N00315490EA015840174500512
B1534424531014N00315491EA015830174400512
B1534434531028N00315495EA015810174200512
B1534444531042N00315501EA015810174000512
B1534454531055N00315510EA015760173800512
B1534464531068N00315520EA015750173500512
B1534474531082N00315530EA015720173200512
B1534484531095N00315541EA015680172800512
B1534494531109N00315552EA015650172400512
B1534504531123N00315562EA015610172100512
B1534514531138N00315571EA015590171900512
B1534524531153N00315580EA015580171800512
B1534534531168N00315588EA015570171700512
B1534544531183N00315596EA015550171600512
B1534554531199N00315603EA015540171400512
B1534564531214N00315609EA015520171200512
B1534574531230N00315614EA015480170900512
B1534584531246N00315620EA015450170600512
B1534594531262N00315627EA015430170300512
B1535004531278N00315633EA015400170000512
K153500328014
B1535014531295N00315640EA015370169700512
LXNA::AVGSATSNR:38
B1535024531311N00315646EA015330169500512
B1535034531328N00315653EA015310169200512
B1535044531345N00315659EA015300169000512
B1535054531362N00315665EA015280169000512
B1535064531379N00315671EA015280168900512
B1535074531395N00315677EA015280168900512
B1535084531412N00315683EA015290168900512
B1535094531428N00315688EA015290169000512
B1535104531445N00315694EA015300169100512
B1535114531461N00315699EA015300169100512
B1535124531477N00315703EA015300169200512
B1535134531493N00315708EA015310169300512
B1535144531508N00315712EA015320169300512
B1535154531524N00315717EA015320169300512
B1535164531539N00315721EA015310169300512
B1535174531555N00315725EA015300169100512
B1535184531570N00315730EA015280169000512
B1535194531586N00315734EA015260168800512
B1535204531601N00315738EA015250168700512
B1535214531617N00315742EA015250168700512
B1535224531633N00315746EA015260168700512
B1535234531649N00315749EA015280168900512
B1535244531664N00315752EA015310169200512
B1535254531679N00315754EA015340169600512
B1535264531695N00315756EA015380169900512
B1535274531710N00315757EA015400170100512
B1535284531724N00315758EA015420170200512
B1535294531739N00315759EA015420170200512
B1535304531754N00315759EA015410170200512
B1535314531769N00315760EA015400170100512
B1535324531784N00315761EA015390170000512
B1535334531800N00315763EA015380169900512
B1535344531815N00315765EA015380169900512
B1535354531830N00315767EA015380169900512
LXNA::BAT:charging,100%,4.252V,18mA
B1535364531846N00315769EA015380169800512
B1535374531861N00315771EA015370169800512
B1535384531876N00315773EA015370169800512
B1535394531890N00315775EA015370169700512
B1535404531905N00315778EA015350169400512
B1535414531920N00315782EA015320169200512
B1535424531934N00315787EA015320169200512
B1535434531947N00315794EA015320169200512
B1535444531960N00315802EA015340169400512
B1535454531972N00315812EA015340169400512
B1535464531984N00315821EA015330169200512
B1535474531996N00315831EA015300168900512
B1535484532009N00315841EA015270168600512
B1535494532022N00315851EA015240168300512
B1535504532035N00315861EA015220168200612
B1535514532049N00315871EA015200168100612
B1535524532063N00315882EA015200168100612
B1535534532077N00315891EA015210168100512
B1535544532091N00315900EA015210168200512
B1535554532106N00315908EA015220168300512
B1535564532120N00315915EA015240168400512
B1535574532134N00315921EA015240168500512
B1535584532148N00315925EA015250168500512
B1535594532161N00315929EA015260168600512
B1536004532175N00315932EA015250168500512
B1536014532189N00315935EA015240168400512
B1536024532203N00315937EA015230168300512
LXNA::AVGSATSNR:38
B1536034532217N00315939EA015230168200512
B1536044532232N00315941EA015220168200512
B1536054532246N00315942EA015210168200512
B1536064532261N00315943EA015220168200512
B1536074532276N00315945EA015230168400512
B1536084532290N00315947EA015260168500512
B1536094532304N00315951EA015290168800512
B1536104532317N00315958EA015320169200512
B1536114532329N00315968EA015350169500512
B1536124532339N00315981EA015370169700512
B1536134532348N00315996EA015370169800512
B1536144532355N00316013EA015390170000512
B1536154532361N00316032EA015410170200512
F153615300507210911201422
B1536164532366N00316051EA015430170300512
B1536174532370N00316070EA015440170400512
B1536184532373N00316091EA015450170500512
B1536194532373N00316111EA015450170500512
B1536204532369N00316132EA015450170400512
B1536214532362N00316153EA015420170200512
B1536224532351N00316170EA015400170000512
B1536234532336N00316184EA015370169600512
B1536244532319N00316192EA015330169200512
B1536254532300N00316195EA015300168800512
B1536264532281N00316190EA015270168600512
B1536274532263N00316178EA015270168800512
B1536284532248N00316162EA015320169200512
B1536294532235N00316144EA015380169900512
B1536304532224N00316124EA015440170500512
B1536314532216N00316105EA015490171100512
B1536324532209N00316086EA015540171600512
B1536334532204N00316066EA015590171900512
B1536344532200N00316047EA015610172000512
B1536354532198N00316027EA015620172000512
B1536364532199N00316008EA015580171800512
B1536374532202N00315988EA015560171500512
B1536384532208N00315970EA015520171200512
B1536394532218N00315955EA015490170900512
B1536404532231N00315944EA015470170700512
B1536414532246N00315939EA015470170800512
B1536424532261N00315939EA015500171000512
B1536434532275N00315944EA015510171200512
B1536444532288N00315954EA015530171400512
B1536454532299N00315969EA015550171500512
B1536464532306N00315988EA015550171500512
B1536474532310N00316010EA015540171500512
B1536484532311N00316034EA015570171700512
B1536494532307N00316058EA015600171900512
B1536504532300N00316081EA015590172000512
B1536514532289N00316102EA015610172100512
B1536524532276N00316120EA015620172200512
B1536534532261N00316134EA015630172300512
B1536544532244N00316144EA015640172300512
B1536554532227N00316150EA015630172300512
B1536564532209N00316150EA015610172200512
B1536574532191N00316146EA015610172100512
B1536584532173N00316138EA015610172100512
B1536594532157N00316126EA015620172300512
B1537004532143N00316112EA015650172600512
B1537014532130N00316096EA015680172800512
B1537024532118N00316079EA015700173100512
B1537034532108N00316062EA015710173200512
LXNA::AVGSATSNR:40
B1537044532099N00316043EA015730173300512
B1537054532092N00316023EA015730173300512
B1537064532088N00316002EA015710173200512
B1537074532087N00315981EA015710173100512
B1537084532088N00315960EA015700172900512
B1537094532092N00315940EA015680172700512
B1537104532100N00315922EA015660172500512
B1537114532110N00315907EA015640172400512
B1537124532122N00315896EA015640172500512
B1537134532136N00315889EA015660172700512
B1537144532150N00315886EA015680172800512
K153714335011
B1537154532164N00315888EA015690173000512
B1537164532178N00315895EA015690173000512
B1537174532190N00315906EA015700173100512
B1537184532201N00315920EA015720173200512
B1537194532211N00315936EA015730173400512
B1537204532218N00315954EA015740173500512
B1537214532224N00315974EA015750173600512
B1537224532227N00315995EA015750173600512
B1537234532228N00316017EA015760173700512
B1537244532227N00316039EA015770173700512
B1537254532224N00316062EA015770173600512
B1537264532219N00316085EA015770173700512
B1537274532211N00316107EA015780173800512
B1537284532202N00316128EA015790173900512
B1537294532192N00316148EA015800173900512
B1537304532180N00316166EA015790173900512
B1537314532167N00316183EA015790174000512
B1537324532152N00316198EA015800174000512
B1537334532137N00316210EA015800174000512
B1537344532120N00316218EA015810174000512
B1537354532102N00316222EA015790174000512
B1537364532084N00316223EA015800174000512
B1537374532066N00316221EA015810174100512
K153737341012
B1537384532049N00316215EA015820174100512
B1537394532032N00316206EA015810174100512
B1537404532017N00316193EA015800174000512
B1537414532004N00316177EA015790174000512
B1537424531994N00316158EA015800174100512
B1537434531988N00316137EA015820174300512
B1537444531983N00316117EA015840174400512
B1537454531982N00316096EA015850174500512
B1537464531982N00316076EA015850174500512
B1537474531986N00316057EA015840174300512
B1537484531992N00316039EA015820174200512
B1537494532000N00316024EA015800174100512
B1537504532010N00316010EA015780173900512
B1537514532022N00315999EA015770173700512
B1537524532035N00315991EA015750173700512
B1537534532049N00315986EA015750173700512
B1537544532063N00315983EA015760173800512
B1537554532077N00315981EA015770173900512
B1537564532091N00315983EA015790174000512
B1537574532105N00315986EA015800174100512
B1537584532118N00315992EA015800174100512
B1537594532131N00316001EA015800174100512
B1538004532142N00316013EA015810174200512
B1538014532152N00316027EA015810174200512
B1538024532161N00316045EA015800174200512
B1538034532167N00316064EA015800174200512
B1538044532172N00316085EA015810174300512
LXNA::AVGSATSNR:39
B1538054532175N00316106EA015820174300512
B1538064532176N00316129EA015830174400512
B1538074532175N00316151EA015830174400512
B1538084532172N00316173EA015840174500512
B1538094532167N00316195EA015840174500512
B1538104532159N00316215EA015840174500512
B1538114532149N00316233EA015840174400512
B1538124532137N00316249EA015830174400512
B1538134532123N00316263EA015820174400512
B1538144532108N00316275EA015810174300512
B1538154532092N00316285EA015800174200512
B1538164532076N00316293EA015790174000512
B1538174532060N00316301EA015770173800512
B1538184532042N00316307EA015760173600512
B1538194532025N00316311EA015750173600512
B1538204532007N00316313EA015750173600512
B1538214531989N00316314EA015760173600512
B1538224531972N00316314EA015760173700512
B1538234531954N00316312EA015770173800512
B1538244531937N00316308EA015770173800512
B1538254531921N00316303EA015770173800512
B1538264531905N00316297EA015770173900512
B1538274531889N00316290EA015780173900512
B1538284531874N00316283EA015780173900512
B1538294531858N00316275EA015790174000512
B1538304531844N00316265EA015780173900512
B1538314531829N00316255EA015790173900512
B1538324531815N00316244EA015780173900512
B1538334531802N00316233EA015780173900512
B1538344531788N00316221EA015770173800512
B1538354531775N00316208EA015760173700512
B1538364531762N00316193EA015750173600512
LXNA::BAT:charging,100%,4.252V,18mA
B1538374531751N00316178EA015750173400512
B1538384531740N00316161EA015720173300512
B1538394531730N00316142EA015710173100512
B1538404531721N00316123EA015690172800512
B1538414531713N00316103EA015660172600512
B1538424531706N00316082EA015650172500512
B1538434531701N00316060EA015650172500512
B1538444531698N00316038EA015660172600512
B1538454531697N00316017EA015660172600512
B1538464531698N00315996EA015650172600512
B1538474531701N00315976EA015660172700512
B1538484531706N00315957EA015670172900512
B1538494531712N00315940EA015690173000512
B1538504531720N00315925EA015710173100512
B1538514531730N00315911EA015710173000512
B1538524531741N00315901EA015690172900512
B1538534531754N00315892EA015670172800512
B1538544531767N00315885EA015670172800512
B1538554531780N00315880EA015690172900512
B1538564531793N00315876EA015690173000512
B1538574531806N00315873EA015690173000512
B1538584531819N00315870EA015690173000512
B1538594531833N00315868EA015680172900512
B1539004531846N00315866EA015680172800512
B1539014531861N00315865EA015670172800512
B1539024531875N00315865EA015660172700512
B1539034531890N00315865EA015660172700512
B1539044531906N00315866EA015660172700512
B1539054531921N00315867EA015660172700512
LXNA::AVGSATSNR:38
B1539064531937N00315869EA015650172600512
B1539074531953N00315871EA015660172700512
B1539084531968N00315872EA015680172800512
B1539094531984N00315874EA015670172800512
B1539104531999N00315875EA015690172700512
B1539114532015N00315875EA015690172600512
B1539124532031N00315876EA015650172200512
B1539134532048N00315876EA015600171900512
B1539144532065N00315877EA015570171800512
B1539154532083N00315878EA015570171800512
B1539164532101N00315879EA015580171900512
F15391630050721091120142215
B1539174532119N00315880EA015620172100512
B1539184532136N00315880EA015650172200512
B1539194532153N00315881EA015640172100512
B1539204532171N00315882EA015600171900512
B1539214532188N00315884EA015560171600512
B1539224532206N00315885EA015520171300512
B1539234532224N00315887EA015510171200512
B1539244532242N00315889EA015540171300512
B1539254532259N00315891EA015580171500512
B1539264532276N00315893EA015600171700512
B1539274532292N00315896EA015590171800512
B1539284532308N00315898EA015570171800512
B1539294532323N00315901EA015560171700512
B1539304532339N00315903EA015550171500512
B1539314532354N00315906EA015520171200512
B1539324532370N00315909EA015500170800512
B1539334532386N00315912EA015480170300512
B1539344532402N00315914EA015400169600512
B1539354532420N00315917EA015300168800512
B1539364532438N00315919EA015230168200512
B1539374532457N00315922EA015180167800512
B1539384532476N00315924EA015160167700512
B1539394532495N00315927EA015180167800512
B1539404532514N00315929EA015210168000512
B1539414532532N00315932EA015230168300512
B1539424532550N00315934EA015240168500512
B1539434532568N00315937EA015260168700512
B1539444532585N00315940EA015280168900512
B1539454532602N00315943EA015300169100512
B1539464532619N00315947EA015320169300512
B1539474532637N00315950EA015330169300512
B1539484532654N00315953EA015330169300512
B1539494532671N00315954EA015310169200512
B1539504532687N00315955EA015300169200512
B1539514532704N00315952EA015310169300512
B1539524532720N00315946EA015330169300512
B1539534532734N00315937EA015350169400512
B1539544532747N00315925EA015340169400512
B1539554532759N00315910EA015340169400512
B1539564532769N00315893EA015340169400512
B1539574532776N00315874EA015350169500512
B1539584532781N00315854EA015360169600512
B1539594532784N00315833EA015380169700512
B1540004532785N00315811EA015370169700512
B1540014532783N00315790EA015360169600512
B1540024532780N00315768EA015360169500512
B1540034532774N00315747EA015340169200512
B1540044532767N00315726EA015320169000512
B1540054532757N00315707EA015300168800512
B1540064532747N00315690EA015290168800512
LXNA::AVGSATSNR:40
B1540074532734N00315674EA015280168700512
B1540084532721N00315659EA015280168700512
B1540094532707N00315646EA015290168800512
B1540104532693N00315635EA015300168800512
B1540114532677N00315625EA015300168800512
B1540124532661N00315617EA015290168800512
B1540134532644N00315610EA015280168800512
B1540144532627N00315606EA015290168800512
B1540154532609N00315603EA015290168800512
B1540164532590N00315602EA015270168600512
B1540174532572N00315602EA015240168400512
B1540184532553N00315603EA015230168300512
B1540194532534N00315606EA015230168400512
B1540204532515N00315610EA015240168500512
B1540214532497N00315615EA015270168600512
B1540224532479N00315620EA015300168800512
B1540234532461N00315626EA015310168900512
B1540244532443N00315633EA015300168900512
B1540254532426N00315639EA015300168900512
B1540264532408N00315646EA015290168900512
B1540274532390N00315652EA015290168900512
B1540284532372N00315659EA015290168900512
B1540294532354N00315666EA015320169000512
B1540304532336N00315674EA015330169000512
B1540314532317N00315681EA015310168800512
B1540324532299N00315689EA015260168400512
B1540334532281N00315697EA015200168000512
B1540344532262N00315705EA015180167700512
B1540354532244N00315714EA015140167400512
B1540364532226N00315724EA015120167100512
B1540374532208N00315734EA015100166800512
B1540384532189N00315746EA015080166700512
K154038342013
B1540394532171N00315757EA015040166500512
B1540404532153N00315769EA015020166300512
B1540414532135N00315781EA015000166100512
B1540424532117N00315793EA015010166100512
B1540434532099N00315805EA015010166000512
B1540444532082N00315817EA015010166000512
B1540454532064N00315828EA014990165900512
B1540464532047N00315840EA014970165700512
B1540474532029N00315852EA014970165700512
B1540484532012N00315863EA014970165600512
B1540494531994N00315875EA014950165400512
B1540504531976N00315886EA014940165300512
B1540514531959N00315897EA014930165300512
B1540524531940N00315908EA014920165200512
B1540534531922N00315917EA014920165200512
B1540544531903N00315925EA014910165100512
B1540554531883N00315930EA014900164900512
B1540564531864N00315933EA014860164600512
B1540574531843N00315933EA014830164300512
B1540584531823N00315929EA014810164100512
B1540594531803N00315921EA014790163900512
B1541004531784N00315909EA014780163800512
B1541014531767N00315893EA014790163700512
B1541024531751N00315874EA014770163600512
B1541034531739N00315852EA014750163500512
B1541044531728N00315827EA014750163400512
B1541054531722N00315801EA014740163400512
B1541064531719N00315774EA014760163300512
B1541074531720N00315747EA014740163300512
LXNA::AVGSATSNR:38
B1541084531724N00315721EA014730163200512
B1541094531731N00315697EA014730163200512
B1541104531742N00315676EA014730163200512
B1541114531756N00315659EA014740163300512
B1541124531771N00315645EA014730163400512
B1541134531788N00315636EA014750163600512
B1541144531805N00315630EA014780164000512
B1541154531822N00315628EA014840164400512
B1541164531838N00315628EA014870164800512
B1541174531854N00315629EA014920165300512
B1541184531869N00315630EA014970165700512
B1541194531883N00315632EA015010165900512
B1541204531898N00315633EA015020165900512
B1541214531912N00315634EA015020165900512
B1541224531927N00315635EA014990165700512
B1541234531941N00315636EA014960165400512
B1541244531956N00315637EA014920165100512
B1541254531972N00315639EA014900164800512
B1541264531987N00315642EA014880164600512
B1541274532003N00315644EA014850164300512
B1541284532018N00315648EA014830164100512
B1541294532034N00315652EA014810163900512
B1541304532049N00315656EA014790163800512
B1541314532064N00315661EA014780163700512
B1541324532079N00315666EA014770163600512
B1541334532094N00315672EA014770163500512
B1541344532110N00315677EA014750163300512
B1541354532125N00315683EA014720163100512
B1541364532141N00315689EA014710162900512
B1541374532156N00315694EA014680162600512
LXNA::BAT:charging,100%,4.250V,18mA
B1541384532171N00315699EA014670162300512
B1541394532186N00315704EA014660162200512
B1541404532202N00315708EA014630162000512
B1541414532217N00315712EA014610161900512
B1541424532233N00315715EA014620162000512
B1541434532248N00315719EA014630162100512
B1541444532264N00315723EA014650162400512
B1541454532280N00315726EA014680162600512
B1541464532295N00315730EA014710163000512
B1541474532310N00315734EA014740163300512
B1541484532324N00315738EA014760163500512
B1541494532338N00315741EA014780163700512
B1541504532353N00315746EA014810163800512
B1541514532366N00315752EA014830163900512
B1541524532380N00315760EA014830164000512
B1541534532393N00315770EA014810163800512
B1541544532405N00315783EA014780163500512
B1541554532416N00315799EA014750163200512
B1541564532425N00315818EA014700162700512
B1541574532432N00315841EA014660162300512
B1541584532436N00315866EA014610161700512
B1541594532437N00315893EA014570161100512
B1542004532434N00315921EA014520160500512
B1542014532427N00315949EA014450160000512
B1542024532415N00315976EA014420159700512
B1542034532399N00315999EA014420159700512
B1542044532381N00316017EA014430159700512
B1542054532361N00316031EA014450159800512
B1542064532339N00316040EA014440160000512
B1542074532317N00316043EA014440160000512
B1542084532296N00316041EA014420159900512
LXNA::AVGSATSNR:40
B1542094532275N00316033EA014410159700512
B1542104532256N00316021EA014410159700512
B1542114532239N00316005EA014430159900512
B1542124532223N00315986EA014450160200512
B1542134532209N00315965EA014480160500512
B1542144532197N00315943EA014500160900512
B1542154532187N00315921EA014550161300512
B1542164532178N00315899EA014590161800512
B1542174532170N00315878EA014630162200512
F1542173005072109112014221815
B1542184532163N00315856EA014650162500512
B1542194532157N00315835EA014690162900512
B1542204532150N00315814EA014730163100512
B1542214532144N00315793EA014760163200512
B1542224532139N00315773EA014740163100512
B1542234532134N00315751EA014740163000512
B1542244532132N00315729EA014700162500512
B1542254532133N00315706EA014640161900512
B1542264532136N00315682EA014570161200512
B1542274532143N00315659EA014510160700512
B1542284532152N00315637EA014470160300512
B1542294532164N00315617EA014430160000512
B1542304532179N00315599EA014430159900512
B1542314532195N00315586EA014440159900512
B1542324532213N00315576EA014450160100512
B1542334532231N00315570EA014460160300512
B1542344532249N00315568EA014480160700512
B1542354532267N00315570EA014520161200512
B1542364532284N00315575EA014570161600512
B1542374532300N00315582EA014600161900512
B1542384532315N00315592EA014630162200512
B1542394532329N00315604EA014640162400512
B1542404532341N00315619EA014660162500512
B1542414532351N00315637EA014660162600512
B1542424532357N00315657EA014680162700512
B1542434532361N00315678EA014700162800512
B1542444532364N00315700EA014700162800512
B1542454532365N00315722EA014680162600512
B1542464532364N00315745EA014660162300512
B1542474532363N00315768EA014620162000512
B1542484532361N00315792EA014580161700512
B1542494532357N00315815EA014560161500512
B1542504532351N00315838EA014550161400512
B1542514532343N00315860EA014540161300512
B1542524532333N00315881EA014530161300512
B1542534532322N00315899EA014530161200512
B1542544532309N00315915EA014530161200512
B1542554532294N00315928EA014520161000512
B1542564532278N00315940EA014490160700512
B1542574532261N00315950EA014450160300512
B1542584532244N00315960EA014410159900512
B1542594532226N00315969EA014370159500512
B1543004532207N00315977EA014340159200512
B1543014532187N00315985EA014320159000512
B1543024532168N00315992EA014320159000512
B1543034532148N00315999EA014330159100512
B1543044532129N00316006EA014350159300512
B1543054532110N00316013EA014360159500512
B1543064532091N00316020EA014390159700512
B1543074532073N00316027EA014400159900512
B1543084532054N00316033EA014410160000512
B1543094532036N00316040EA014420160100512
LXNA::AVGSATSNR:39
B1543104532019N00316047EA014430160200512
B1543114532001N00316055EA014430160200512
B1543124531983N00316062EA014430160200512
B1543134531966N00316069EA014430160300512
B1543144531948N00316075EA014430160300512
B1543154531930N00316082EA014430160200512
B1543164531912N00316088EA014410160000512
B1543174531894N00316094EA014390159800512
B1543184531876N00316101EA014380159700512
B1543194531857N00316109EA014380159700512
B1543204531838N00316117EA014370159700512
B1543214531820N00316126EA014380159700512
B1543224531801N00316135EA014370159700512
B1543234531782N00316143EA014380159700512
B1543244531764N00316152EA014390159700512
B1543254531746N00316160EA014380159600512
B1543264531727N00316168EA014360159400512
B1543274531709N00316176EA014340159300512
B1543284531690N00316183EA014330159100512
B1543294531671N00316188EA014310158900512
B1543304531651N00316193EA014300158800512
B1543314531632N00316197EA014280158600512
B1543324531612N00316201EA014270158400512
B1543334531592N00316204EA014260158400512
B1543344531572N00316206EA014260158400512
B1543354531552N00316208EA014260158400512
B1543364531532N00316210EA014260158400512
B1543374531512N00316211EA014260158400512
B1543384531492N00316212EA014250158300512
B1543394531472N00316213EA014240158300512
K154339342013
B1543404531452N00316213EA014230158200512
B1543414531432N00316214EA014230158100512
B1543424531412N00316214EA014220158000512
B1543434531392N00316215EA014210157900512
B1543444531372N00316216EA014200157800512
B1543454531352N00316217EA014190157700512
B1543464531333N00316218EA014180157600512
B1543474531313N00316217EA014190157600512
B1543484531294N00316214EA014190157700512
B1543494531275N00316209EA014190157700512
B1543504531258N00316201EA014190157600512
B1543514531241N00316191EA014180157500512
B1543524531226N00316178EA014160157300512
B1543534531212N00316163EA014150157100512
B1543544531200N00316145EA014120156900512
B1543554531189N00316125EA014090156600512
B1543564531181N00316104EA014080156400512
B1543574531175N00316082EA014060156400512
B1543584531170N00316059EA014060156200512
B1543594531166N00316037EA014030155900512
B1544004531162N00316013EA014010155600512
B1544014531159N00315990EA013980155300512
B1544024531156N00315966EA013950155000512
B1544034531153N00315941EA013920154700512
B1544044531151N00315916EA013910154500512
B1544054531151N00315891EA013900154300512
B1544064531153N00315866EA013880154200512
B1544074531157N00315842EA013860154100512
B1544084531164N00315820EA013860154100512
B1544094531173N00315798EA013870154300512
B1544104531181N00315776EA013880154400512
LXNA::AVGSATSNR:39
B1544114531190N00315754EA013880154400512
B1544124531198N00315732EA013880154400512
B1544134531207N00315709EA013890154400512
B1544144531215N00315686EA013890154500512
B1544154531223N00315663EA013880154400512
B1544164531231N00315639EA013870154200512
B1544174531238N00315614EA013850154100512
B1544184531246N00315590EA013850154000512
B1544194531253N00315566EA013860154100512
B1544204531262N00315543EA013870154300512
B1544214531272N00315522EA013880154400512
B1544224531283N00315503EA013900154700512
B1544234531294N00315485EA013920154900512
B1544244531306N00315468EA013930155000512
B1544254531318N00315452EA013950155200512
B1544264531330N00315436EA013970155400512
B1544274531343N00315421EA013990155500512
B1544284531355N00315407EA014010155700512
B1544294531368N00315395EA014020155900512
B1544304531381N00315385EA014030156100512
B1544314531395N00315379EA014050156200512
B1544324531409N00315376EA014040156100512
B1544334531423N00315375EA014020155800512
B1544344531436N00315375EA013980155500512
B1544354531451N00315376EA013960155100512
B1544364531465N00315376EA013920154800512
B1544374531481N00315376EA013880154300512
B1544384531496N00315376EA013830153800512
LXNA::BAT:charging,100%,4.250V,18mA
B1544394531512N00315376EA013790153400512
B1544404531528N00315377EA013750153000512
B1544414531544N00315377EA013720152800512
B1544424531561N00315377EA013710152600512
B1544434531577N00315378EA013690152400512
B1544444531593N00315378EA013660152100512
B1544454531609N00315378EA013620151700512
B1544464531625N00315378EA013600151400512
B1544474531641N00315379EA013580151200512
B1544484531657N00315379EA013570151100512
B1544494531673N00315380EA013560151100512
B1544504531689N00315381EA013560151100512
B1544514531704N00315382EA013580151200512
B1544524531719N00315383EA013570151200512
B1544534531734N00315385EA013570151200512
B1544544531749N00315387EA013580151200512
B1544554531764N00315389EA013570151200512
B1544564531780N00315390EA013570151200512
B1544574531795N00315390EA013570151100512
B1544584531811N00315390EA013570151100512
B1544594531827N00315389EA013570151100512
B1545004531843N00315390EA013570151100512
B1545014531858N00315390EA013570151200512
B1545024531873N00315391EA013580151300512
B1545034531888N00315393EA013590151300512
B1545044531903N00315395EA013600151400512
B1545054531918N00315398EA013600151500512
B1545064531932N00315400EA013620151500512
B1545074531947N00315402EA013610151500512
B1545084531962N00315404EA013610151500512
B1545094531978N00315406EA013610151500512
B1545104531993N00315409EA013610151500512
B1545114532009N00315411EA013610151600512
LXNA::AVGSATSNR:38
B1545124532025N00315413EA013620151600512
B1545134532041N00315415EA013630151800512
B1545144532058N00315417EA013650152000512
B1545154532074N00315419EA013680152300512
B1545164532090N00315421EA013720152700512
B1545174532106N00315425EA013760153100512
B1545184532120N00315431EA013800153500512
B1545194532133N00315442EA013840153900512
B1545204532144N00315456EA013860154100512
B1545214532153N00315473EA013880154200512
B1545224532158N00315493EA013870154200512
B1545234532159N00315514EA013860154000512
B1545244532156N00315536EA013830153700512
B1545254532150N00315558EA013800153400512
B1545264532141N00315579EA013770153100512
B1545274532128N00315597EA013750152900512
B1545284532113N00315612EA013740152900512
B1545294532097N00315622EA013760153000512
B1545304532080N00315628EA013770153100512
B1545314532063N00315630EA013780153200512
B1545324532047N00315627EA013790153200512
B1545334532032N00315620EA013790153200512
B1545344532017N00315611EA013790153300512
B1545354532004N00315598EA013790153200512
B1545364531993N00315583EA013780153200512
B1545374531983N00315566EA013780153200512
B1545384531975N00315548EA013780153200512
B1545394531967N00315528EA013780153200512
B1545404531961N00315508EA013790153300512
B1545414531956N00315487EA013800153400512
B1545424531953N00315465EA013800153500512
B1545434531951N00315443EA013810153600512
B1545444531950N00315421EA013820153700512
B1545454531950N00315398EA013840153900512
B1545464531951N00315376EA013850154000512
B1545474531953N00315354EA013860154100512
B1545484531956N00315332EA013870154200512
B1545494531961N00315311EA013880154400512
B1545504531968N00315291EA013910154700512
B1545514531975N00315272EA013960155100512
B1545524531983N00315254EA013990155400512
B1545534531992N00315238EA014010155600512
B1545544532003N00315225EA014030155900512
B1545554532015N00315215EA014050156100512
B1545564532028N00315209EA014070156300512
B1545574532042N00315209EA014080156400512
B1545584532055N00315213EA014080156400512
B1545594532067N00315222EA014070156400512
B1546004532078N00315235EA014080156400512
B1546014532086N00315251EA014080156400512
B1546024532091N00315270EA014070156400512
B1546034532092N00315291EA014070156300512
B1546044532090N00315313EA014050156100512
B1546054532084N00315333EA014030155900512
B1546064532074N00315352EA014020155800512
B1546074532060N00315367EA014040155800512
F15460730050721091120142215
B1546084532045N00315379EA014040155900512
B1546094532028N00315386EA014050155900512
B1546104532010N00315388EA014060155900512
B1546114531992N00315386EA014050155900512
K154611014012
B1546124531975N00315377EA014080156200512
LXNA::AVGSATSNR:40
B1546134531959N00315366EA014110156600512
B1546144531945N00315350EA014150157000512
B1546154531933N00315333EA014200157500512
B1546164531922N00315315EA014230157800512
B1546174531913N00315294EA014250158100512
B1546184531906N00315273EA014260158200512
B1546194531901N00315251EA014270158300512
B1546204531899N00315229EA014280158500512
B1546214531899N00315206EA014280158500512
B1546224531903N00315185EA014280158600512
B1546234531910N00315165EA014280158500512
B1546244531919N00315149EA014270158400512
B1546254531931N00315136EA014260158300512
B1546264531944N00315128EA014240158100512
B1546274531958N00315125EA014230157900512
B1546284531973N00315126EA014200157600512
B1546294531987N00315132EA014170157300512
B1546304532000N00315143EA014170157200512
B1546314532012N00315158EA014170157300512
B1546324532021N00315175EA014180157400512
B1546334532028N00315195EA014200157600512
B1546344532031N00315217EA014220157900512
B1546354532032N00315238EA014250158300512
B1546364532030N00315259EA014280158500512
B1546374532027N00315280EA014300158700512
B1546384532022N00315300EA014300158700512
B1546394532014N00315319EA014290158600512
B1546404532005N00315338EA014270158400512
B1546414531995N00315356EA014260158400512
B1546424531983N00315372EA014260158400512
B1546434531970N00315387EA014280158400512
B1546444531955N00315400EA014290158500512
B1546454531939N00315409EA014300158700512
B1546464531923N00315414EA014320158900512
B1546474531906N00315415EA014340159000512
B1546484531890N00315413EA014360159200512
B1546494531874N00315406EA014380159500512
B1546504531859N00315396EA014400159600512
B1546514531845N00315384EA014420159900512
B1546524531832N00315369EA014440160100512
B1546534531822N00315352EA014450160300512
B1546544531813N00315333EA014470160400512
B1546554531806N00315312EA014470160600512
B1546564531800N00315291EA014490160700512
B1546574531797N00315269EA014500160700512
B1546584531797N00315246EA014500160700512
B1546594531799N00315225EA014500160800512
B1547004531804N00315204EA014500160800512
B1547014531811N00315186EA014500160800512
B1547024531821N00315171EA014490160700512
B1547034531833N00315159EA014490160600512
B1547044531847N00315152EA014470160500512
B1547054531861N00315149EA014460160400512
B1547064531876N00315150EA014480160400512
B1547074531890N00315156EA014470160500512
B1547084531903N00315165EA014480160600512
B1547094531915N00315178EA014500160800512
B1547104531925N00315194EA014530161100512
B1547114531933N00315212EA014550161300512
B1547124531939N00315231EA014570161500512
B1547134531943N00315251EA014590161800512
LXNA::AVGSATSNR:38
B1547144531944N00315271EA014610161900512
B1547154531943N00315292EA014630162100512
B1547164531940N00315312EA014640162200512
B1547174531935N00315332EA014630162200512
B1547184531927N00315350EA014620162100512
B1547194531916N00315367EA014630162200512
K154719012010
B1547204531904N00315381EA014650162300512
B1547214531890N00315393EA014670162600512
B1547224531876N00315404EA014700162900512
B1547234531861N00315413EA014730163200512
B1547244531846N00315420EA014740163200512
B1547254531831N00315424EA014750163200512
B1547264531815N00315424EA014750163300512
B1547274531798N00315421EA014760163400512
B1547284531782N00315412EA014780163700512
B1547294531768N00315400EA014810164000512
B1547304531755N00315385EA014830164300512
B1547314531745N00315367EA014850164300512
B1547324531737N00315346EA014850164300512
B1547334531733N00315323EA014840164200512
B1547344531732N00315300EA014830164100512
B1547354531735N00315277EA014820164100512
B1547364531741N00315256EA014830164300512
B1547374531749N00315237EA014840164400512
B1547384531760N00315222EA014850164400512
B1547394531773N00315211EA014840164300512
LXNA::BAT:charging,100%,4.250V,18mA
B1547404531788N00315204EA014840164200512
B1547414531803N00315202EA014830164100512
B1547424531819N00315204EA014820164000512
B1547434531834N00315210EA014810164000512
B1547444531849N00315220EA014820164200512
B1547454531861N00315234EA014850164400512
B1547464531872N00315250EA014880164700512
B1547474531880N00315268EA014910164900512
B1547484531885N00315289EA014930165100512
B1547494531887N00315310EA014930165200512
B1547504531887N00315332EA014940165300512
B1547514531886N00315354EA014970165500512
B1547524531882N00315375EA014980165600512
K154752023009
B1547534531877N00315396EA014990165700512
B1547544531869N00315416EA014980165600512
B1547554531860N00315434EA014980165600512
B1547564531849N00315452EA014980165700512
B1547574531838N00315468EA014980165700512
B1547584531825N00315483EA015000165800512
B1547594531811N00315497EA015000165900512
B1548004531797N00315509EA015010165900512
B1548014531782N00315518EA015010165800512
B1548024531765N00315524EA014990165700512
B1548034531748N00315526EA014970165500512
B1548044531731N00315522EA014970165500512
B1548054531715N00315514EA014960165500512
B1548064531700N00315503EA014980165700512
B1548074531686N00315488EA015010166000512
B1548084531674N00315471EA015050166400512
B1548094531664N00315454EA015100166800512
B1548104531654N00315436EA015140167100512
B1548114531645N00315417EA015140167300512
B1548124531638N00315398EA015140167300512
B1548134531633N00315376EA015150167400512
B1548144531632N00315354EA015150167500512
LXNA::AVGSATSNR:39
B1548154531634N00315333EA015130167400512
K154815025007
B1548164531639N00315312EA015130167400512
B1548174531646N00315294EA015120167200512
B1548184531656N00315279EA015110167100512
B1548194531669N00315268EA015100167100512
B1548204531683N00315262EA015110167200512
B1548214531697N00315260EA015130167300512
B1548224531712N00315260EA015140167400512
B1548234531726N00315264EA015140167300512
B1548244531740N00315271EA015130167200512
B1548254531753N00315281EA015130167100512
K154825017006
B1548264531765N00315294EA015130167200512
B1548274531776N00315308EA015140167400512
B1548284531785N00315325EA015160167600512
B1548294531792N00315344EA015190167700512
B1548304531796N00315364EA015190167800512
B1548314531798N00315386EA015190167800512
B1548324531798N00315408EA015190167800512
B1548334531794N00315431EA015200167800512
B1548344531788N00315452EA015200167900512
B1548354531779N00315472EA015200168000512
B1548364531767N00315490EA015220168100512
B1548374531754N00315505EA015210168000512
B1548384531738N00315516EA015210167900512
B1548394531721N00315523EA015210167900512
B1548404531704N00315526EA015200167900512
B1548414531687N00315525EA015230168000512
B1548424531671N00315520EA015230168100512
B1548434531655N00315512EA015230168200512
B1548444531640N00315499EA015250168400512
B1548454531627N00315484EA015280168700512
B1548464531617N00315466EA015310168900512
B1548474531609N00315446EA015320169100512
B1548484531604N00315425EA015320169200512
B1548494531601N00315402EA015330169300512
K154849010007
B1548504531602N00315380EA015350169500512
B1548514531606N00315359EA015350169600512
B1548524531613N00315340EA015350169500512
B1548534531623N00315323EA015340169500512
B1548544531635N00315310EA015340169400512
B1548554531649N00315301EA015330169400512
B1548564531663N00315298EA015330169300512
B1548574531678N00315298EA015320169200512
B1548584531693N00315303EA015320169200512
B1548594531707N00315312EA015320169200512
B1549004531720N00315324EA015330169200512
B1549014531731N00315339EA015330169200512
B1549024531741N00315357EA015340169300512
B1549034531749N00315377EA015350169400512
B1549044531755N00315397EA015360169500512
B1549054531761N00315418EA015380169600512
B1549064531764N00315441EA015400169800512
B1549074531764N00315464EA015410169900512
B1549084531763N00315487EA015410169900512
F1549083005072109112014221815
B1549094531759N00315510EA015400169900512
B1549104531752N00315533EA015400169900512
B1549114531744N00315554EA015390169700512
B1549124531733N00315573EA015370169600512
B1549134531720N00315589EA015360169400512
B1549144531705N00315602EA015340169200512
B1549154531688N00315611EA015320169100512
LXNA::AVGSATSNR:42
B1549164531670N00315617EA015310169000512
B1549174531653N00315619EA015310169000512
K154917004007
B1549184531635N00315618EA015320168900512
B1549194531619N00315613EA015330168900512
B1549204531603N00315604EA015320168900512
B1549214531588N00315592EA015310169000512
B1549224531575N00315577EA015320169100512
B1549234531564N00315561EA015340169400512
B1549244531554N00315543EA015370169700512
B1549254531545N00315525EA015390170000512
B1549264531536N00315506EA015430170200512
B1549274531527N00315487EA015450170400512
B1549284531519N00315468EA015450170400512
B1549294531512N00315448EA015450170400512
B1549304531506N00315427EA015450170400512
B1549314531503N00315405EA015440170400512
B1549324531503N00315382EA015450170500512
K154932356007
B1549334531505N00315361EA015460170700512
B1549344531511N00315340EA015470170900512
B1549354531519N00315323EA015490171000512
B1549364531529N00315308EA015490170900512
B1549374531541N00315298EA015480170700512
B1549384531555N00315292EA015430170300512
B1549394531570N00315291EA015400170000512
B1549404531586N00315295EA015370169700512
B1549414531600N00315305EA015370169600512
B1549424531612N00315319EA015380169600512
B1549434531622N00315338EA015380169600512
B1549444531628N00315360EA015370169600512
B1549454531630N00315383EA015380169700512
B1549464531629N00315407EA015390169900512
B1549474531625N00315429EA015400169900512
B1549484531617N00315451EA015400169900512
K154948349008
B1549494531606N00315470EA015400169800512
B1549504531593N00315486EA015390169700512
B1549514531578N00315500EA015380169700512
B1549524531562N00315512EA015380169700512
B1549534531545N00315520EA015400169900512
B1549544531528N00315525EA015420170100512
B1549554531510N00315527EA015440170400512
B1549564531493N00315527EA015480170800512
B1549574531476N00315526EA015530171100512
B1549584531459N00315521EA015540171300512
B1549594531443N00315513EA015550171400512
B1550004531428N00315503EA015570171700512
B1550014531415N00315488EA015590171800512
B1550024531404N00315470EA015590171800512
B1550034531397N00315449EA015580171800512
B1550044531394N00315426EA015590171900512
K155004343008
B1550054531397N00315404EA015590171900512
B1550064531404N00315384EA015580171800512
B1550074531415N00315368EA015560171600512
B1550084531430N00315358EA015550171500512
B1550094531446N00315355EA015550171500512
B1550104531462N00315359EA015540171300512
B1550114531477N00315370EA015520171100512
B1550124531490N00315386EA015510171100512
B1550134531498N00315408EA015520171200512
B1550144531503N00315431EA015550171500512
B1550154531505N00315455EA015580171800512
B1550164531503N00315478EA015610172200512
LXNA::AVGSATSNR:39
B1550174531499N00315501EA015650172600512
B1550184531493N00315522EA015670172800512
B1550194531485N00315542EA015680172900512
B1550204531474N00315559EA015690173000512
B1550214531461N00315574EA015690173100512
B1550224531447N00315586EA015700173200512
B1550234531431N00315594EA015720173400512
B1550244531414N00315599EA015740173400512
B1550254531397N00315598EA015760173500512
B1550264531380N00315593EA015760173600512
B1550274531365N00315584EA015770173700512
B1550284531351N00315570EA015780173800512
B1550294531339N00315553EA015770173800512
B1550304531331N00315532EA015780173800512
B1550314531325N00315510EA015790173900512
B1550324531323N00315487EA015790173800512
B1550334531325N00315464EA015790173800512
K155033335006
B1550344531330N00315442EA015810173900512
B1550354531338N00315423EA015800174000512
B1550364531349N00315408EA015810174200512
B1550374531362N00315396EA015830174400512
B1550384531376N00315389EA015850174500512
B1550394531391N00315387EA015860174600512
B1550404531406N00315389EA015860174600512
LXNA::BAT:charging,100%,4.251V,18mA
B1550414531421N00315396EA015860174600512
B1550424531434N00315407EA015860174600512
B1550434531446N00315422EA015850174400512
K155043329006
B1550444531456N00315441EA015820174300512
B1550454531463N00315462EA015810174100512
B1550464531467N00315485EA015800174100512
B1550474531469N00315509EA015790174000512
B1550484531467N00315534EA015800174100512
B1550494531463N00315558EA015810174100512
B1550504531456N00315582EA015830174300512
B1550514531447N00315603EA015850174400512
B1550524531436N00315623EA015860174500512
K155052337005
B1550534531423N00315639EA015880174600512
B1550544531408N00315653EA015890174700512
B1550554531392N00315663EA015900174800512
B1550564531375N00315669EA015910175000512
B1550574531358N00315671EA015940175200512
B1550584531341N00315669EA015950175300512
B1550594531324N00315662EA015950175400512
B1551004531308N00315650EA015960175500512
B1551014531295N00315635EA015970175700512
B1551024531283N00315617EA015990175900512
B1551034531275N00315596EA015990176000512
B1551044531270N00315574EA016010176200512
B1551054531268N00315551EA016030176300512
B1551064531270N00315530EA016040176300512
B1551074531275N00315510EA016030176400512
B1551084531283N00315492EA016040176400512
B1551094531295N00315478EA016050176500512
B1551104531308N00315469EA016040176400512
B1551114531322N00315464EA016030176400512
B1551124531338N00315465EA016020176300512
B1551134531353N00315469EA016020176300512
B1551144531368N00315479EA016020176200512
B1551154531381N00315492EA016020176200512
B1551164531392N00315509EA016010176100512
B1551174531401N00315529EA016010176200512
LXNA::AVGSATSNR:38
B1551184531407N00315551EA016020176300512
B1551194531410N00315574EA016030176400512
B1551204531410N00315598EA016050176400512
B1551214531407N00315622EA016050176500512
B1551224531401N00315645EA016050176600512
B1551234531393N00315667EA016050176600512
B1551244531382N00315687EA016060176600512
B1551254531370N00315704EA016050176600512
B1551264531356N00315720EA016040176500512
B1551274531340N00315733EA016050176500512
B1551284531323N00315743EA016050176400512
B1551294531306N00315752EA016030176400512
B1551304531288N00315757EA016020176400512
B1551314531270N00315759EA016030176400512
B1551324531252N00315757EA016040176500512
B1551334531234N00315751EA016060176700512
B1551344531217N00315742EA016080177100512
B1551354531201N00315733EA016100177200512
B1551364531185N00315722EA016120177300512
B1551374531170N00315711EA016120177300512
B1551384531156N00315697EA016130177300512
B1551394531142N00315682EA016110177300512
B1551404531131N00315664EA016130177400512
B1551414531120N00315646EA016150177600512
B1551424531111N00315626EA016150177600512
B1551434531102N00315605EA016150177600512
B1551444531097N00315584EA016130177500512
B1551454531094N00315561EA016110177300512
B1551464531095N00315539EA016100177100512
B1551474531099N00315518EA016090177200512
B1551484531106N00315499EA016110177300512
K155148330008
B1551494531115N00315484EA016130177500512
B1551504531127N00315472EA016140177600512
B1551514531140N00315464EA016140177500512
B1551524531155N00315460EA016150177600512
B1551534531169N00315459EA016160177700512
B1551544531184N00315462EA016170177800512
B1551554531198N00315469EA016190177800512
B1551564531211N00315480EA016190177900512
B1551574531222N00315493EA016190178100512
B1551584531233N00315509EA016200178100512
B1551594531241N00315527EA016210178100512
B1552004531247N00315547EA016210178100512
B1552014531251N00315569EA016200178100512
B1552024531252N00315592EA016200178100512
B1552034531251N00315615EA016210178200512
B1552044531247N00315638EA016220178200512
B1552054531240N00315660EA016230178300512
B1552064531231N00315680EA016230178300512
B1552074531219N00315698EA016240178500512
B1552084531206N00315714EA016250178600512
B1552094531190N00315725EA016260178700512
B1552104531174N00315732EA016280178800512
B1552114531157N00315735EA016290178900512
B1552124531140N00315733EA016300179100512
B1552134531124N00315727EA016320179300512
B1552144531109N00315717EA016340179500512
B1552154531095N00315705EA016350179500512
B1552164531083N00315690EA016350179400512
B1552174531074N00315672EA016320179200512
B1552184531066N00315652EA016300179100512
LXNA::AVGSATSNR:37
B1552194531061N00315630EA016290179000512
B1552204531058N00315608EA016290179000512
B1552214531058N00315586EA016280178900512
K155221336010
B1552224531060N00315565EA016280178900512
B1552234531064N00315545EA016290179000512
B1552244531071N00315527EA016310179100512
B1552254531080N00315511EA016310179200512
B1552264531090N00315499EA016320179200512
B1552274531103N00315489EA016320179300512
B1552284531116N00315483EA016320179400512
B1552294531130N00315481EA016330179300512
B1552304531144N00315483EA016330179200512
B1552314531158N00315490EA016300179000512
B1552324531171N00315500EA016270178800512
B1552334531183N00315515EA016250178600512
B1552344531193N00315532EA016240178400512
B1552354531201N00315553EA016220178200512
B1552364531205N00315577EA016190178100512
B1552374531207N00315601EA016190178000512
B1552384531207N00315626EA016190178000512
B1552394531205N00315651EA016200178200512
B1552404531201N00315675EA016230178400512
B1552414531197N00315699EA016240178500512
B1552424531192N00315722EA016260178600512
B1552434531188N00315746EA016260178600512
B1552444531184N00315769EA016240178500512
B1552454531182N00315793EA016230178300512
B1552464531181N00315818EA016220178100512
B1552474531182N00315842EA016190177800512
B1552484531184N00315867EA016160177500512
B1552494531187N00315891EA016120177100512
B1552504531192N00315915EA016080176800512
B1552514531199N00315939EA016040176400512
B1552524531207N00315961EA016020176200512
B1552534531217N00315982EA016000176000512
B1552544531228N00316000EA015980175800512
B1552554531240N00316017EA015960175700512
B1552564531254N00316031EA015950175500512
B1552574531269N00316042EA015940175400512
F15525730050721092014221815
B1552584531284N00316051EA015940175400512
B1552594531299N00316059EA015940175400512
B1553004531314N00316066EA015940175300512
B1553014531330N00316071EA015930175300512
B1553024531345N00316076EA015930175300512
B1553034531361N00316080EA015920175400512
B1553044531377N00316083EA015920175500512
B1553054531393N00316087EA015930175400512
B1553064531408N00316090EA015930175400512
B1553074531423N00316093EA015950175400512
B1553084531438N00316095EA015950175400512
B1553094531453N00316098EA015930175200512
B1553104531468N00316101EA015880174800512
B1553114531484N00316104EA015810174200512
B1553124531500N00316106EA015760173800512
B1553134531516N00316109EA015710173300512
B1553144531534N00316110EA015700173000512
B1553154531551N00316111EA015690172900512
B1553164531568N00316112EA015680172800512
B1553174531586N00316113EA015670172800512
B1553184531603N00316114EA015660172800512
B1553194531619N00316116EA015660172900512
LXNA::AVGSATSNR:38
B1553204531636N00316117EA015670172900512
B1553214531652N00316119EA015680172900512
B1553224531668N00316121EA015700173000512
B1553234531684N00316123EA015710173000512
B1553244531699N00316124EA015700172900512
B1553254531715N00316127EA015690172900512
B1553264531730N00316129EA015670172800512
B1553274531745N00316132EA015660172700512
B1553284531760N00316136EA015650172600512
B1553294531775N00316140EA015640172500512
B1553304531789N00316144EA015630172500512
B1553314531804N00316149EA015620172400512
B1553324531819N00316154EA015620172300512
B1553334531834N00316159EA015630172300512
B1553344531849N00316164EA015620172200512
B1553354531864N00316170EA015600172200512
B1553364531878N00316175EA015580172000512
B1553374531893N00316181EA015570171900512
B1553384531908N00316188EA015570171800512
B1553394531922N00316194EA015570171800512
B1553404531937N00316201EA015560171700512
B1553414531952N00316207EA015560171700512
LXNA::BAT:charging,100%,4.252V,18mA
B1553424531966N00316212EA015570171800512
B1553434531981N00316216EA015580171900512
B1553444531996N00316220EA015590171900512
B1553454532010N00316223EA015610171900512
B1553464532024N00316225EA015620172000512
B1553474532038N00316227EA015600172100512
B1553484532052N00316230EA015580172000512
B1553494532065N00316234EA015570171900512
B1553504532079N00316238EA015550171700512
B1553514532093N00316243EA015560171700512
B1553524532108N00316247EA015560171600512
B1553534532122N00316252EA015550171500512
B1553544532136N00316257EA015540171300512
B1553554532151N00316263EA015510171200512
B1553564532166N00316268EA015490171000512
B1553574532180N00316274EA015470170900512
B1553584532195N00316281EA015450170700512
B1553594532210N00316287EA015440170600512
B1554004532225N00316292EA015430170500512
B1554014532239N00316296EA015440170500512
B1554024532254N00316298EA015420170400512
B1554034532269N00316297EA015410170300512
B1554044532284N00316294EA015400170200512
B1554054532298N00316287EA015390170000512
B1554064532311N00316276EA015360169700512
B1554074532324N00316262EA015340169400512
B1554084532335N00316245EA015330169100512
B1554094532345N00316226EA015310168700512
B1554104532354N00316206EA015260168600512
B1554114532363N00316184EA015240168500512
B1554124532372N00316162EA015250168400512
B1554134532381N00316141EA015230168400512
B1554144532390N00316119EA015230168400512
B1554154532398N00316098EA015240168500512
B1554164532407N00316077EA015250168600512
B1554174532415N00316057EA015250168600512
B1554184532424N00316036EA015240168500512
B1554194532432N00316016EA015250168600512
B1554204532441N00315996EA015250168600512
LXNA::AVGSATSNR:37
B1554214532449N00315976EA015250168700512
B1554224532457N00315957EA015270168700512
B1554234532464N00315937EA015280168700512
B1554244532471N00315918EA015270168600512
B1554254532479N00315898EA015250168500512
B1554264532486N00315880EA015240168400512
B1554274532494N00315861EA015220168200512
B1554284532502N00315843EA015220168000512
B1554294532511N00315826EA015220168000512
B1554304532522N00315811EA015210167900512
B1554314532533N00315797EA015190167600512
B1554324532546N00315786EA015140167400512
B1554334532561N00315778EA015130167400512
B1554344532576N00315774EA015140167400512
B1554354532592N00315774EA015170167500512
B1554364532608N00315778EA015180167600512
B1554374532624N00315784EA015180167700512
B1554384532639N00315794EA015190167800512
B1554394532653N00315807EA015190167800512
B1554404532666N00315823EA015180167800512
B1554414532677N00315842EA015190167800512
B1554424532687N00315864EA015200167800512
B1554434532694N00315887EA015190167700512
B1554444532700N00315912EA015160167500512
B1554454532703N00315939EA015140167400512
B1554464532703N00315967EA015140167300512
B1554474532700N00315994EA015160167500512
B1554484532694N00316020EA015180167800512
B1554494532686N00316045EA015220168100512
B1554504532676N00316068EA015250168400512
B1554514532665N00316090EA015270168500512
B1554524532653N00316109EA015280168600512
B1554534532639N00316126EA015270168500512
B1554544532624N00316140EA015260168400512
B1554554532607N00316150EA015250168200512
B1554564532590N00316158EA015230168000512
B1554574532571N00316163EA015210167800512
B1554584532552N00316165EA015190167500512
B1554594532533N00316163EA015170167200512
B1555004532514N00316158EA015120166800512
B1555014532496N00316150EA015070166500512
B1555024532478N00316137EA015050166200512
B1555034532462N00316121EA015040166200512
B1555044532448N00316102EA015050166200512
B1555054532436N00316081EA015060166300512
B1555064532425N00316059EA015060166300512
B1555074532418N00316036EA015050166300512
B1555084532412N00316012EA015040166300512
B1555094532410N00315988EA015040166200512
B1555104532409N00315963EA015020166000512
B1555114532412N00315940EA015000165800512
B1555124532416N00315917EA014990165700512
B1555134532422N00315896EA014970165500512
B1555144532430N00315876EA014970165500512
B1555154532439N00315858EA014980165500512
B1555164532450N00315842EA014980165500512
B1555174532462N00315829EA014980165500512
B1555184532476N00315819EA014960165400512
B1555194532491N00315812EA014940165300512
B1555204532506N00315809EA014930165200512
B1555214532523N00315810EA014940165200512
LXNA::AVGSATSNR:39
B1555224532539N00315815EA014950165200512
K155522332010
B1555234532555N00315824EA014950165300512
B1555244532569N00315836EA014970165500512
B1555254532583N00315851EA015000165800512
B1555264532595N00315867EA015010166000512
B1555274532606N00315886EA015040166200512
B1555284532615N00315906EA015080166500512
B1555294532622N00315928EA015090166700512
B1555304532627N00315950EA015100166700512
B1555314532630N00315973EA015090166700512
B1555324532631N00315998EA015080166600512
B1555334532629N00316023EA015060166500512
B1555344532626N00316048EA015050166300512
B1555354532619N00316073EA015040166100512
B1555364532611N00316097EA015010165800512
B1555374532600N00316121EA014970165500512
B1555384532587N00316142EA014950165400512
B1555394532572N00316161EA014930165300512
B1555404532556N00316177EA014940165200512
B1555414532538N00316190EA014950165200512
B1555424532520N00316200EA014950165200512
B1555434532502N00316207EA014950165200512
B1555444532483N00316209EA014940165100512
K155544333008
B1555454532463N00316208EA014920165000512
B1555464532444N00316204EA014890164700512
B1555474532426N00316195EA014860164600512
B1555484532408N00316184EA014850164500512
B1555494532392N00316170EA014860164400512
B1555504532377N00316153EA014870164500512
B1555514532364N00316136EA014870164500512
B1555524532352N00316117EA014860164400512
B1555534532341N00316096EA014850164300512
B1555544532333N00316075EA014850164200512
B1555554532326N00316052EA014830164000512
B1555564532321N00316029EA014810163800512
B1555574532318N00316005EA014800163600512
B1555584532318N00315981EA014770163400512
F1555583005072109112014221815
B1555594532320N00315958EA014750163200512
B1556004532325N00315935EA014730163000512
B1556014532332N00315915EA014710162800512
B1556024532341N00315896EA014700162700512
B1556034532352N00315880EA014680162500512
B1556044532366N00315866EA014650162300512
B1556054532380N00315856EA014620162000512
B1556064532396N00315850EA014600161900512
B1556074532413N00315848EA014610161900512
B1556084532430N00315850EA014630162000512
B1556094532446N00315856EA014650162100512
B1556104532461N00315866EA014650162300512
B1556114532474N00315879EA014650162400512
B1556124532486N00315896EA014660162600512
B1556134532496N00315915EA014690162700512
B1556144532505N00315936EA014710162800512
B1556154532512N00315958EA014700162900512
B1556164532517N00315981EA014690162900512
B1556174532522N00316004EA014710163000512
B1556184532525N00316027EA014730163100512
K155618340010
B1556194532529N00316049EA014760163300512
B1556204532532N00316071EA014770163400512
B1556214532535N00316093EA014760163200512
B1556224532537N00316115EA014740162900512
LXNA::AVGSATSNR:40
B1556234532539N00316139EA014700162600512
B1556244532541N00316163EA014650162100512
B1556254532540N00316187EA014600161700512
B1556264532538N00316213EA014550161300512
B1556274532533N00316238EA014510160800512
B1556284532526N00316264EA014480160500512
B1556294532517N00316288EA014460160300512
B1556304532505N00316311EA014450160100512
B1556314532492N00316331EA014450160000512
B1556324532478N00316350EA014440160000512
B1556334532462N00316366EA014440160000512
B1556344532445N00316379EA014440160100512
B1556354532427N00316388EA014440160100512
B1556364532409N00316394EA014450160100512
B1556374532390N00316395EA014450160100512
B1556384532371N00316393EA014450160100512
B1556394532353N00316387EA014450160000512
B1556404532335N00316378EA014430159900512
B1556414532319N00316365EA014410159800512
B1556424532304N00316350EA014390159700512
LXNA::BAT:charging,100%,4.252V,12mA
B1556434532292N00316331EA014380159500512
B1556444532281N00316311EA014380159500512
B1556454532272N00316290EA014370159400512
B1556464532264N00316267EA014360159300512
B1556474532257N00316244EA014340159100512
B1556484532251N00316220EA014320158900512
B1556494532244N00316196EA014300158700512
K155649316008
B1556504532239N00316171EA014290158600512
B1556514532233N00316147EA014280158500512
B1556524532229N00316123EA014270158300512
B1556534532225N00316098EA014250158100512
B1556544532222N00316073EA014230157900512
B1556554532221N00316048EA014220157800512
B1556564532219N00316023EA014200157700512
B1556574532219N00315999EA014190157500512
B1556584532218N00315974EA014180157300512
B1556594532219N00315950EA014160157200512
B1557004532220N00315926EA014150157100512
B1557014532222N00315902EA014140157100512
B1557024532224N00315879EA014150157100512
B1557034532227N00315856EA014150157100512
B1557044532231N00315834EA014150157100512
B1557054532236N00315813EA014160157200512
B1557064532240N00315791EA014160157200512
B1557074532244N00315770EA014160157200512
B1557084532249N00315749EA014160157200512
B1557094532253N00315728EA014160157200512
B1557104532259N00315707EA014160157300512
B1557114532265N00315687EA014160157300512
B1557124532271N00315667EA014170157400512
B1557134532278N00315647EA014170157400512
B1557144532286N00315628EA014180157500512
B1557154532295N00315611EA014180157500512
B1557164532306N00315595EA014190157700512
B1557174532318N00315582EA014210157900512
B1557184532330N00315571EA014250158200512
B1557194532344N00315562EA014280158500512
B1557204532357N00315557EA014300158700512
B1557214532371N00315557EA014310158900512
B1557224532384N00315562EA014310158800512
B1557234532396N00315573EA014280158600512
LXNA::AVGSATSNR:37
B1557244532406N00315590EA014260158300512
B1557254532413N00315611EA014250158100512
B1557264532415N00315635EA014240158000512
B1557274532413N00315660EA014250158100512
B1557284532404N00315684EA014260158200512
B1557294532392N00315703EA014280158300512
B1557304532375N00315718EA014300158400512
B1557314532357N00315727EA014330158700512
B1557324532337N00315731EA014360159100512
B1557334532318N00315730EA014400159600512
B1557344532299N00315724EA014460160100512
B1557354532282N00315713EA014500160700512
B1557364532268N00315697EA014540161000512
B1557374532257N00315679EA014560161300512
B1557384532250N00315658EA014570161500512
B1557394532247N00315636EA014590161700512
B1557404532249N00315614EA014590161700512
B1557414532255N00315595EA014590161600512
B1557424532266N00315580EA014570161500512
B1557434532279N00315570EA014570161400512
B1557444532294N00315567EA014570161500512
B1557454532308N00315571EA014590161600512
K155745334018
B1557464532322N00315581EA014590161500512
B1557474532333N00315595EA014570161400512
B1557484532341N00315614EA014570161400512
B1557494532346N00315637EA014570161400512
B1557504532345N00315661EA014580161500512
B1557514532340N00315685EA014590161600512
B1557524532328N00315706EA014590161500512
B1557534532313N00315723EA014600161700512
B1557544532296N00315736EA014610162000512
B1557554532277N00315743EA014640162000512
B1557564532257N00315744EA014640162100512
B1557574532238N00315739EA014640162100512
B1557584532220N00315728EA014650162300512
B1557594532204N00315712EA014680162500512
B1558004532190N00315693EA014700162700512
B1558014532181N00315671EA014710162900512
B1558024532177N00315647EA014730163100512
B1558034532177N00315623EA014740163200512
B1558044532182N00315600EA014750163300512
B1558054532190N00315580EA014740163300512
B1558064532201N00315563EA014720163100512
B1558074532214N00315550EA014720163000512
B1558084532229N00315541EA014710162900512
B1558094532245N00315536EA014690162800512
B1558104532261N00315535EA014680162600512
B1558114532278N00315537EA014660162500512
B1558124532295N00315542EA014650162300512
B1558134532311N00315550EA014630162100512
B1558144532327N00315561EA014610162000512
B1558154532341N00315576EA014600162000512
B1558164532353N00315595EA014610162000512
B1558174532361N00315618EA014610162000512
B1558184532366N00315642EA014610162000512
B1558194532367N00315668EA014620162100512
B1558204532363N00315694EA014630162100512
B1558214532355N00315718EA014620162100512
K155821342015
B1558224532344N00315740EA014620162200512
B1558234532329N00315759EA014620162100512
B1558244532313N00315775EA014620162100512
LXNA::AVGSATSNR:39
B1558254532295N00315788EA014620162100512
B1558264532276N00315797EA014620162000512
B1558274532256N00315801EA014620161900512
B1558284532235N00315801EA014610161900512
B1558294532214N00315797EA014620162000512
B1558304532194N00315789EA014640162200512
B1558314532175N00315778EA014650162400512
B1558324532157N00315765EA014670162600512
B1558334532140N00315750EA014700162900512
B1558344532124N00315734EA014720163000512
B1558354532110N00315715EA014720163200512
B1558364532099N00315694EA014740163300512
B1558374532093N00315670EA014760163500512
B1558384532092N00315646EA014750163400512
B1558394532094N00315623EA014750163300512
B1558404532101N00315603EA014720163000512
B1558414532113N00315586EA014690162800512
B1558424532127N00315575EA014680162800512
B1558434532143N00315570EA014690162800512
B1558444532159N00315570EA014710163000512
B1558454532174N00315576EA014730163200512
B1558464532188N00315585EA014760163400512
B1558474532200N00315599EA014770163700512
B1558484532209N00315616EA014800163800512
B1558494532217N00315636EA014800163900512
B1558504532221N00315657EA014800163900512
B1558514532222N00315680EA014810164000512
B1558524532221N00315704EA014820164000512
B1558534532217N00315727EA014820164300512
B1558544532211N00315749EA014840164500512
B1558554532205N00315771EA014860164700512
B1558564532197N00315792EA014880164800512
B1558574532189N00315813EA014890164900512
B1558584532180N00315832EA014910165000512
B1558594532169N00315850EA014920165100512
B1559004532156N00315867EA014910165100512
B1559014532141N00315881EA014920165300512
B1559024532125N00315892EA014920165300512
B1559034532109N00315901EA014920165200512
B1559044532091N00315906EA014900165000512
B1559054532072N00315905EA014890164800512
B1559064532054N00315899EA014870164600512
B1559074532038N00315888EA014850164400512
B1559084532023N00315873EA014830164200512
K155908003016
B1559094532013N00315854EA014810164000512
B1559104532006N00315832EA014770163800512
B1559114532004N00315810EA014770163700512
B1559124532006N00315788EA014760163700512
B1559134532011N00315768EA014770163700512
B1559144532019N00315751EA014770163600512
B1559154532030N00315737EA014750163500512
B1559164532042N00315725EA014740163400512
B1559174532055N00315718EA014740163300512
B1559184532069N00315714EA014730163200512
B1559194532084N00315715EA014710163000512
B1559204532099N00315720EA014710163000512
B1559214532113N00315729EA014710163100512
B1559224532126N00315741EA014720163200512
B1559234532139N00315754EA014730163300512
B1559244532150N00315768EA014740163300512
B1559254532162N00315783EA014730163400512
B1559264532172N00315800EA014740163400512
LXNA::AVGSATSNR:40
B1559274532180N00315818EA014750163500512
B1559284532188N00315837EA014760163700512
B1559294532196N00315857EA014780163800512
B1559304532202N00315877EA014800164000512
B1559314532207N00315898EA014810164200512
B1559324532211N00315920EA014830164300512
B1559334532214N00315942EA014840164500512
B1559344532217N00315964EA014860164600512
B1559354532218N00315987EA014870164700512
B1559364532219N00316010EA014880164800512
B1559374532218N00316033EA014890164900512
B1559384532214N00316057EA014900164900512
B1559394532207N00316079EA014880164900512
B1559404532196N00316099EA014880164800512
B1559414532182N00316115EA014870164700512
K155941005013
B1559424532166N00316125EA014850164400512
B1559434532147N00316130EA014820164100512
LXNA::BAT:charging,100%,4.252V,12mA
B1559444532128N00316129EA014790163800512
B1559454532110N00316122EA014780163700512
B1559464532094N00316109EA014770163700512
B1559474532081N00316092EA014790163700512
B1559484532071N00316071EA014790163800512
B1559494532065N00316048EA014800163900512
B1559504532062N00316024EA014810164000512
B1559514532062N00316001EA014820164000512
B1559524532066N00315979EA014800163900512
B1559534532072N00315958EA014770163600512
B1559544532082N00315940EA014740163400512
B1559554532093N00315924EA014730163300512
B1559564532106N00315912EA014740163400512
B1559574532120N00315903EA014760163600512
B1559584532134N00315897EA014780163800512
B1559594532149N00315894EA014790163900512
B1600004532163N00315894EA014800163900512
B1600014532178N00315897EA014800164000512
B1600024532192N00315903EA014800164100512
B1600034532206N00315911EA014830164100512
B1600044532220N00315919EA014820164100512
B1600054532233N00315930EA014810164000512
B1600064532246N00315941EA014800164000512
B1600074532257N00315955EA014790163900512
B1600084532268N00315970EA014780163700512
B1600094532277N00315986EA014750163500512
B1600104532288N00316002EA014730163200512
B1600114532298N00316018EA014690162900512
B1600124532310N00316034EA014680162700512
B1600134532322N00316048EA014660162500512
B1600144532336N00316061EA014650162400512
B1600154532350N00316074EA014640162200512
B1600164532365N00316084EA014610162000512
B1600174532380N00316093EA014590161800512
B1600184532396N00316101EA014570161700512
B1600194532413N00316107EA014560161600512
B1600204532429N00316111EA014570161600512
B1600214532445N00316114EA014570161700512
B1600224532461N00316116EA014570161800512
B1600234532477N00316115EA014580161800512
B1600244532493N00316114EA014580161800512
B1600254532508N00316112EA014580161800512
B1600264532523N00316109EA014580161800512
B1600274532539N00316106EA014570161700512
LXNA::AVGSATSNR:37
B1600284532554N00316103EA014560161600512
B1600294532569N00316100EA014550161500512
B1600304532584N00316098EA014530161300512
B1600314532599N00316095EA014520161200512
B1600324532614N00316092EA014500161000512
B1600334532629N00316088EA014490160900512
B1600344532644N00316085EA014480160800512
B1600354532659N00316081EA014470160700512
B1600364532674N00316076EA014460160600512
B1600374532689N00316072EA014440160400512
B1600384532704N00316066EA014420160300512
B1600394532719N00316060EA014420160100512
B1600404532733N00316054EA014400160000512
B1600414532748N00316048EA014390159900512
B1600424532762N00316042EA014390159800512
B1600434532776N00316036EA014370159600512
B1600444532791N00316030EA014360159500512
B1600454532805N00316024EA014340159300512
B1600464532819N00316017EA014320159100512
B1600474532832N00316010EA014310159000512
B1600484532846N00316003EA014290158800512
B1600494532860N00315996EA014280158700512
B1600504532873N00315989EA014270158600512
B1600514532887N00315982EA014260158400512
B1600524532900N00315974EA014240158300512
B1600534532914N00315966EA014220158100512
B1600544532927N00315958EA014200158000512
B1600554532941N00315951EA014200157900512
B1600564532955N00315943EA014190157800512
B1600574532968N00315936EA014190157800512
B1600584532982N00315928EA014200157900512
B1600594532995N00315920EA014200157900512
B1601004533008N00315912EA014200157900512
B1601014533021N00315904EA014190157900512
B1601024533033N00315895EA014190157800512
B1601034533046N00315886EA014190157700512
B1601044533058N00315878EA014180157700512
B1601054533071N00315869EA014170157500512
B1601064533083N00315861EA014150157400512
B1601074533096N00315854EA014140157300512
B1601084533109N00315846EA014140157300512
B1601094533122N00315838EA014140157200512
B1601104533135N00315830EA014130157200512
B1601114533148N00315822EA014130157200512
B1601124533161N00315813EA014120157200512
B1601134533174N00315805EA014130157200512
B1601144533188N00315796EA014130157200512
B1601154533201N00315788EA014130157300512
B1601164533214N00315779EA014130157300512
B1601174533228N00315771EA014140157300512
B1601184533242N00315763EA014140157400512
B1601194533255N00315756EA014150157500512
B1601204533269N00315749EA014160157600512
B1601214533283N00315742EA014160157600512
B1601224533297N00315735EA014160157600512
B1601234533312N00315727EA014160157700512
B1601244533325N00315719EA014170157700512
B1601254533339N00315711EA014180157800512
B1601264533353N00315704EA014190157900512
B1601274533367N00315698EA014230158300512
B1601284533381N00315696EA014280158700512
LXNA::AVGSATSNR:39
B1601294533395N00315695EA014310159100512
B1601304533409N00315698EA014340159300512
B1601314533423N00315705EA014350159400512
B1601324533436N00315716EA014340159300512
B1601334533448N00315730EA014320159000512
B1601344533457N00315749EA014280158600512
B1601354533464N00315771EA014260158300512
B1601364533466N00315796EA014240158100512
B1601374533465N00315823EA014220158000512
B1601384533459N00315849EA014220158000512
B1601394533448N00315873EA014240158200512
B1601404533435N00315893EA014290158500512
B1601414533421N00315911EA014300158800512
B1601424533405N00315926EA014320159000512
B1601434533388N00315939EA014330159000512
B1601444533371N00315952EA014320159000512
B1601454533354N00315964EA014300158700512
B1601464533336N00315975EA014280158500512
B1601474533318N00315986EA014260158300512
K160147324018
B1601484533299N00315994EA014250158200512
B1601494533280N00316000EA014270158400512
B1601504533260N00316003EA014310158900512
B1601514533241N00316003EA014360159400512
B1601524533222N00316001EA014400159800512
B1601534533205N00315994EA014430160000512
B1601544533189N00315983EA014420159900512
B1601554533176N00315967EA014410159800512
B1601564533167N00315948EA014390159500512
B1601574533162N00315926EA014350159200512
B1601584533163N00315903EA014320158900512
B1601594533169N00315882EA014300158700512
B1602004533180N00315866EA014300158700512
B1602014533194N00315855EA014310158900512
B1602024533208N00315850EA014350159300512
B1602034533223N00315851EA014380159600512
B1602044533237N00315858EA014400159800512
B1602054533249N00315872EA014410159900512
F16020530050721091120142215
B1602064533258N00315891EA014410159800512
B1602074533264N00315914EA014390159600512
B1602084533266N00315941EA014390159700512
B1602094533265N00315969EA014400159800512
B1602104533260N00315996EA014430160100512
B1602114533254N00316022EA014450160300512
B1602124533246N00316046EA014470160500512
B1602134533234N00316068EA014490160600512
B1602144533220N00316087EA014510160900512
B1602154533204N00316103EA014550161200512
B1602164533187N00316116EA014570161500512
B1602174533170N00316125EA014580161600512
B1602184533151N00316130EA014590161700512
B1602194533132N00316131EA014590161600512
B1602204533114N00316127EA014580161500512
B1602214533096N00316118EA014570161400512
K160221322014
B1602224533080N00316103EA014560161400512
B1602234533068N00316085EA014570161500512
B1602244533059N00316063EA014600161700512
B1602254533056N00316040EA014610161800512
B1602264533056N00316017EA014610162000512
B1602274533061N00315997EA014640162200512
B1602284533070N00315981EA014650162300512
B1602294533082N00315970EA014660162400512
LXNA::AVGSATSNR:38
B1602304533096N00315964EA014670162500512
B1602314533110N00315964EA014680162700512
B1602324533124N00315970EA014720163000512
B1602334533136N00315982EA014760163300512
B1602344533146N00315998EA014780163600512
B1602354533153N00316018EA014790163700512
B1602364533156N00316040EA014800163800512
B1602374533156N00316064EA014810164000512
B1602384533154N00316088EA014830164100512
B1602394533147N00316111EA014840164100512
B1602404533136N00316132EA014850164200512
B1602414533122N00316151EA014850164200512
B1602424533106N00316165EA014850164300512
B1602434533087N00316174EA014850164300512
B1602444533068N00316177EA014840164200512
LXNA::BAT:charging,100%,4.252V,18mA
B1602454533048N00316175EA014830164100512
B1602464533029N00316167EA014810164000512
B1602474533012N00316153EA014820164100512
K160247328015
B1602484532998N00316136EA014830164200512
B1602494532988N00316115EA014850164400512
B1602504532982N00316093EA014870164600512
B1602514532980N00316071EA014890164700512
B1602524532981N00316049EA014890164700512
B1602534532987N00316029EA014890164600512
B1602544532995N00316012EA014870164500512
B1602554533005N00315997EA014870164500512
B1602564533018N00315985EA014880164600512
B1602574533032N00315978EA014890164700512
B1602584533046N00315975EA014910164900512
B1602594533061N00315979EA014930165100512
B1603004533075N00315987EA014960165400512
B1603014533087N00316000EA014990165700512
B1603024533096N00316017EA015000165800512
B1603034533103N00316038EA015000165900512
B1603044533107N00316061EA015010165900512
B1603054533108N00316085EA015020166000512
B1603064533104N00316110EA015020166100512
B1603074533096N00316134EA015040166300512
B1603084533084N00316156EA015050166400512
K160308334015
B1603094533070N00316175EA015060166400512
B1603104533053N00316189EA015060166600512
B1603114533033N00316199EA015090166800512
B1603124533013N00316203EA015120166900512
B1603134532994N00316203EA015120167000512
B1603144532975N00316196EA015130167100512
B1603154532958N00316185EA015140167200512
B1603164532943N00316169EA015140167300512
B1603174532932N00316150EA015150167400512
B1603184532925N00316128EA015140167300512
B1603194532922N00316105EA015140167300512
B1603204532924N00316083EA015150167400512
B1603214532928N00316062EA015150167400512
B1603224532936N00316044EA015160167500512
B1603234532948N00316030EA015150167400512
B1603244532961N00316019EA015130167300512
B1603254532975N00316014EA015130167400512
B1603264532990N00316012EA015150167600512
B1603274533005N00316013EA015190168000512
B1603284533019N00316017EA015220168300512
B1603294533033N00316023EA015250168500512
B1603304533046N00316032EA015260168600512
LXNA::AVGSATSNR:38
B1603314533057N00316046EA015250168500512
B1603324533067N00316063EA015240168500512
B1603334533074N00316084EA015240168500512
B1603344533077N00316107EA015240168400512
B1603354533076N00316132EA015240168400512
B1603364533072N00316158EA015240168400512
B1603374533063N00316182EA015240168500512
B1603384533051N00316203EA015280168800512
B1603394533038N00316222EA015320169100512
B1603404533022N00316237EA015340169300512
B1603414533006N00316249EA015360169500512
B1603424532988N00316258EA015370169600512
B1603434532969N00316263EA015350169500512
B1603444532950N00316265EA015350169500512
B1603454532931N00316263EA015340169400512
B1603464532912N00316256EA015330169300512
B1603474532895N00316244EA015330169300512
K160347341016
B1603484532879N00316230EA015330169400512
B1603494532866N00316212EA015350169600512
B1603504532855N00316193EA015370169800512
B1603514532846N00316173EA015370169800512
B1603524532841N00316152EA015380169800512
B1603534532838N00316130EA015370169800512
B1603544532838N00316108EA015370169800512
B1603554532839N00316087EA015380169800512
B1603564532842N00316067EA015370169800512
B1603574532848N00316048EA015370169700512
B1603584532857N00316031EA015360169600512
B1603594532868N00316017EA015350169500512
B1604004532880N00316006EA015350169500512
B1604014532893N00315998EA015350169600512
B1604024532907N00315993EA015380169800512
B1604034532921N00315991EA015390169900512
B1604044532935N00315994EA015390169800512
B1604054532948N00316001EA015380169800512
B1604064532960N00316012EA015370169700512
B1604074532971N00316026EA015360169700512
B1604084532980N00316045EA015360169600512
B1604094532987N00316067EA015340169400512
B1604104532991N00316091EA015320169300512
B1604114532990N00316116EA015330169400512
B1604124532987N00316141EA015350169600512
B1604134532981N00316165EA015370169700512
B1604144532973N00316188EA015390169900512
B1604154532962N00316209EA015410170000512
B1604164532949N00316228EA015400170000512
B1604174532934N00316244EA015400170000512
B1604184532918N00316258EA015410170100512
B1604194532900N00316270EA015420170100512
B1604204532882N00316279EA015420170200512
B1604214532863N00316287EA015420170100512
B1604224532843N00316291EA015420170100512
B1604234532822N00316291EA015410170000512
B1604244532802N00316287EA015400170000512
B1604254532783N00316279EA015410170000512
B1604264532766N00316267EA015420170000512
B1604274532751N00316250EA015410170000512
B1604284532739N00316231EA015410170100512
B1604294532730N00316209EA015420170100512
B1604304532726N00316186EA015420170000512
B1604314532725N00316163EA015400169700512
LXNA::AVGSATSNR:38
B1604324532728N00316141EA015370169500512
B1604334532735N00316121EA015340169300512
B1604344532745N00316104EA015320169100512
B1604354532758N00316092EA015290168800512
B1604364532773N00316084EA015260168700512
B1604374532788N00316082EA015260168600512
B1604384532804N00316085EA015260168600512
B1604394532818N00316093EA015260168700512
B1604404532831N00316105EA015280168900512
B1604414532842N00316120EA015310169200512
B1604424532852N00316137EA015340169500512
B1604434532861N00316155EA015350169700512
B1604444532868N00316174EA015370169800512
B1604454532874N00316195EA015380169900512
B1604464532877N00316216EA015410170100512
B1604474532878N00316239EA015410170100512
B1604484532877N00316263EA015400170100512
B1604494532873N00316287EA015390170100512
B1604504532867N00316310EA015390170100512
B1604514532859N00316333EA015390170100512
B1604524532849N00316355EA015400170100512
B1604534532837N00316377EA015410170200512
B1604544532825N00316397EA015420170400512
K160454347016
B1604554532812N00316417EA015430170400512
B1604564532799N00316436EA015430170400512
B1604574532785N00316455EA015420170300512
B1604584532770N00316472EA015410170000512
B1604594532755N00316489EA015370169700512
B1605004532738N00316504EA015340169600512
B1605014532721N00316517EA015330169500512
B1605024532703N00316527EA015330169500512
B1605034532684N00316535EA015340169500512
B1605044532665N00316540EA015340169500512
B1605054532646N00316543EA015350169500512
B1605064532627N00316542EA015330169400512
F1605063005072109112014221815
B1605074532608N00316540EA015320169300512
B1605084532589N00316536EA015320169200512
B1605094532571N00316530EA015310169100512
B1605104532554N00316522EA015300169000512
B1605114532537N00316511EA015290168900512
B1605124532522N00316499EA015280168900512
B1605134532508N00316484EA015280168800512
B1605144532495N00316468EA015260168600512
B1605154532484N00316450EA015240168400512
B1605164532475N00316431EA015220168300512
B1605174532467N00316411EA015200168100512
B1605184532461N00316391EA015190167900512
B1605194532457N00316369EA015160167700512
B1605204532454N00316348EA015140167400512
B1605214532454N00316327EA015120167200512
B1605224532455N00316306EA015080166800512
B1605234532458N00316286EA015050166500512
B1605244532462N00316266EA015030166300512
B1605254532468N00316247EA015010166200512
B1605264532475N00316229EA015000166000512
B1605274532484N00316213EA014990165900512
B1605284532493N00316197EA014980165900512
B1605294532502N00316182EA014980165900512
B1605304532512N00316168EA014980165800512
B1605314532522N00316154EA014970165800512
B1605324532532N00316140EA014960165600512
LXNA::AVGSATSNR:36
B1605334532543N00316127EA014940165500512
B1605344532554N00316113EA014920165300512
B1605354532565N00316100EA014910165100512
B1605364532576N00316088EA014890165000512
B1605374532588N00316075EA014870164900512
B1605384532599N00316064EA014870164900512
B1605394532611N00316053EA014880165000512
B1605404532623N00316042EA014900165100512
B1605414532635N00316032EA014920165300512
B1605424532646N00316023EA014940165500512
B1605434532658N00316015EA014950165600512
B1605444532669N00316007EA014950165500512
B1605454532681N00316000EA014930165300512
LXNA::BAT:charging,100%,4.252V,18mA
B1605464532693N00315993EA014910165100512
B1605474532705N00315988EA014880164900512
B1605484532719N00315983EA014850164500512
B1605494532732N00315979EA014810164100512
B1605504532747N00315976EA014760163800512
B1605514532761N00315972EA014740163500512
B1605524532776N00315969EA014720163400512
B1605534532791N00315966EA014720163300512
B1605544532806N00315963EA014720163300512
B1605554532821N00315961EA014710163300512
B1605564532836N00315958EA014700163200512
B1605574532850N00315956EA014690163100512
B1605584532865N00315955EA014670162900512
B1605594532880N00315952EA014650162800512
B1606004532895N00315950EA014640162600512
B1606014532910N00315947EA014630162400512
B1606024532925N00315944EA014610162300512
B1606034532940N00315941EA014590162200512
B1606044532955N00315938EA014600162200512
B1606054532969N00315936EA014600162300512
B1606064532984N00315933EA014610162400512
B1606074532999N00315931EA014620162500512
B1606084533013N00315928EA014620162600512
B1606094533027N00315926EA014630162600512
B1606104533041N00315924EA014630162600512
B1606114533055N00315921EA014630162500512
B1606124533069N00315919EA014610162400512
B1606134533083N00315916EA014600162200512
B1606144533097N00315913EA014580162100512
B1606154533112N00315909EA014560161900512
B1606164533126N00315906EA014550161700512
B1606174533141N00315902EA014530161500512
B1606184533156N00315899EA014510161400512
B1606194533171N00315895EA014500161300512
B1606204533187N00315892EA014500161200512
B1606214533202N00315888EA014490161100512
B1606224533217N00315885EA014490161100512
B1606234533232N00315883EA014490161100512
B1606244533247N00315881EA014490161100512
B1606254533261N00315879EA014490161200512
B1606264533276N00315877EA014490161200512
B1606274533290N00315876EA014490161200512
B1606284533305N00315874EA014490161100512
B1606294533319N00315871EA014480161000512
B1606304533333N00315869EA014470160900512
B1606314533348N00315866EA014450160700512
B1606324533362N00315862EA014430160500512
B1606334533377N00315859EA014410160300512
LXNA::AVGSATSNR:37
B1606344533392N00315855EA014400160100512
B1606354533407N00315852EA014380159900512
B1606364533422N00315848EA014360159700512
B1606374533437N00315844EA014350159600512
B1606384533452N00315839EA014330159400512
B1606394533467N00315833EA014320159300512
B1606404533482N00315827EA014320159200512
B1606414533497N00315821EA014310159200512
B1606424533511N00315814EA014310159200512
B1606434533526N00315809EA014310159200512
B1606444533540N00315804EA014320159200512
B1606454533555N00315801EA014320159200512
B1606464533569N00315799EA014320159200512
B1606474533584N00315799EA014320159100512
B1606484533598N00315800EA014310159100512
B1606494533613N00315801EA014310159100512
B1606504533627N00315803EA014320159100512
B1606514533641N00315806EA014310159100512
B1606524533655N00315808EA014300159000512
B1606534533669N00315810EA014290158900512
B1606544533683N00315811EA014270158700512
B1606554533698N00315813EA014260158500512
B1606564533712N00315814EA014230158300512
B1606574533727N00315814EA014220158100512
B1606584533742N00315815EA014200157900512
B1606594533757N00315814EA014180157700512
B1607004533772N00315814EA014160157500512
B1607014533787N00315814EA014140157300512
B1607024533801N00315814EA014130157100512
B1607034533816N00315814EA014120157000512
B1607044533831N00315814EA014110157000512
B1607054533846N00315814EA014120157100512
B1607064533860N00315814EA014130157100512
B1607074533874N00315814EA014130157100512
B1607084533888N00315814EA014120157100512
B1607094533901N00315813EA014120157000512
B1607104533915N00315812EA014110157000512
B1607114533928N00315810EA014120157000512
B1607124533941N00315808EA014110156900512
B1607134533954N00315804EA014100156800512
B1607144533967N00315801EA014100156800512
B1607154533980N00315796EA014110156900512
B1607164533993N00315792EA014100156700512
B1607174534005N00315787EA014070156500512
B1607184534018N00315782EA014040156200512
B1607194534031N00315777EA014010155800512
B1607204534045N00315771EA013990155600512
B1607214534058N00315765EA013970155300512
B1607224534071N00315758EA013960155200512
B1607234534085N00315751EA013970155200512
B1607244534098N00315744EA013970155300512
B1607254534112N00315738EA013980155400512
B1607264534125N00315733EA014000155700512
B1607274534138N00315727EA014030155900512
B1607284534151N00315721EA014050156100512
B1607294534164N00315716EA014050156200512
B1607304534177N00315710EA014040156100512
B1607314534190N00315704EA014030155900512
B1607324534203N00315698EA014000155600512
B1607334534215N00315691EA013970155200512
B1607344534228N00315682EA013950154900512
LXNA::AVGSATSNR:38
B1607354534241N00315673EA013910154600512
B1607364534253N00315662EA013890154400512
B1607374534266N00315651EA013890154500512
B1607384534278N00315639EA013900154500512
B1607394534289N00315627EA013900154600512
B1607404534301N00315615EA013910154700512
B1607414534311N00315602EA013920154800512
B1607424534322N00315588EA013930154900512
B1607434534332N00315575EA013940155000512
B1607444534342N00315561EA013950155100512
B1607454534351N00315546EA013960155200512
B1607464534361N00315531EA013960155100512
B1607474534370N00315515EA013950155100512
B1607484534380N00315498EA013940155000512
B1607494534389N00315481EA013940154900512
B1607504534399N00315463EA013930154800512
B1607514534408N00315445EA013930154800512
B1607524534418N00315426EA013940154800512
B1607534534426N00315408EA013940155000512
B1607544534435N00315389EA013950155100512
B1607554534444N00315371EA013970155200512
K160755350016
B1607564534452N00315353EA013970155300512
B1607574534460N00315334EA013990155500512
B1607584534468N00315316EA014000155600512
B1607594534475N00315298EA014020155800512
B1608004534481N00315279EA014030155800512
B1608014534488N00315261EA014030155800512
B1608024534494N00315242EA014020155700512
B1608034534500N00315224EA014000155600512
B1608044534506N00315205EA014000155500512
B1608054534513N00315186EA014000155500512
B1608064534520N00315168EA014000155500512
B1608074534528N00315151EA014000155500512
B1608084534538N00315136EA014000155400512
B1608094534549N00315124EA014000155500512
B1608104534561N00315115EA013990155500512
B1608114534574N00315108EA014000155600512
B1608124534588N00315105EA014010155600512
B1608134534601N00315104EA014010155800512
B1608144534615N00315104EA014030155900512
B1608154534629N00315105EA014030156000512
B1608164534643N00315108EA014040156000512
B1608174534656N00315112EA014050156100512
B1608184534669N00315118EA014060156200512
B1608194534681N00315127EA014060156200512
B1608204534692N00315139EA014050156100512
B1608214534701N00315154EA014030155900512
B1608224534708N00315173EA014010155800512
F16082230050721091120142218
B1608234534714N00315193EA014010155700512
B1608244534717N00315215EA014010155700512
B1608254534719N00315237EA014000155700512
B1608264534719N00315259EA014000155700512
B1608274534718N00315281EA014000155600512
B1608284534716N00315304EA013980155500512
B1608294534713N00315326EA013970155300512
B1608304534708N00315348EA013950155200512
B1608314534703N00315370EA013940155000512
B1608324534696N00315391EA013920154800512
B1608334534688N00315412EA013920154700512
B1608344534678N00315431EA013900154500512
B1608354534667N00315449EA013890154200512
LXNA::AVGSATSNR:37
B1608364534654N00315465EA013860153900512
B1608374534639N00315479EA013820153700512
B1608384534623N00315489EA013810153600512
B1608394534606N00315497EA013820153700512
B1608404534588N00315501EA013830153800512
B1608414534571N00315503EA013840153900512
B1608424534554N00315503EA013850154000512
B1608434534536N00315500EA013850154000512
B1608444534519N00315495EA013850154000512
B1608454534502N00315487EA013850154000512
B1608464534486N00315477EA013850153900512
LXNA::BAT:charging,100%,4.252V,18mA
B1608474534471N00315466EA013850153900512
B1608484534455N00315453EA013850153900512
B1608494534441N00315440EA013840153900512
B1608504534426N00315425EA013850153800512
B1608514534411N00315410EA013840153800512
B1608524534396N00315395EA013840153800512
B1608534534382N00315379EA013850153900512
B1608544534367N00315363EA013850153900512
B1608554534354N00315347EA013840153900512
B1608564534340N00315330EA013840153800512
B1608574534326N00315313EA013830153700512
B1608584534312N00315296EA013820153600512
B1608594534298N00315279EA013810153400512
B1609004534284N00315262EA013780153200512
B1609014534269N00315245EA013770153000512
B1609024534255N00315228EA013750152800512
B1609034534240N00315211EA013750152700512
B1609044534225N00315194EA013740152700512
B1609054534210N00315176EA013750152900512
B1609064534195N00315159EA013770153100512
B1609074534181N00315143EA013800153500512
B1609084534167N00315127EA013840153800512
B1609094534153N00315112EA013880154200512
B1609104534139N00315097EA013890154400512
B1609114534126N00315081EA013910154500512
B1609124534114N00315063EA013930154600512
B1609134534104N00315044EA013940154600512
B1609144534096N00315023EA013930154700512
B1609154534090N00315000EA013940154900512
B1609164534088N00314977EA013980155300512
B1609174534087N00314955EA014010155800512
B1609184534089N00314934EA014040156000512
B1609194534093N00314914EA014050156200512
B1609204534099N00314896EA014060156200512
B1609214534107N00314880EA014070156300512
B1609224534117N00314868EA014080156400512
B1609234534129N00314859EA014080156500512
B1609244534141N00314855EA014090156500512
B1609254534154N00314857EA014090156500512
B1609264534166N00314863EA014080156500512
B1609274534177N00314875EA014070156400512
B1609284534186N00314891EA014080156400512
B1609294534192N00314910EA014070156400512
B1609304534194N00314931EA014080156500512
B1609314534191N00314952EA014100156600512
B1609324534184N00314972EA014100156700512
B1609334534173N00314990EA014120156900512
B1609344534159N00315004EA014140157200512
B1609354534143N00315015EA014180157400512
B1609364534126N00315023EA014200157600512
LXNA::AVGSATSNR:41
B1609374534108N00315027EA014210157800512
B1609384534090N00315025EA014230157900512
B1609394534072N00315018EA014230158000512
B1609404534055N00315006EA014240158200512
B1609414534039N00314990EA014260158300512
B1609424534026N00314971EA014260158300512
B1609434534015N00314949EA014270158300512
B1609444534009N00314923EA014270158400512
B1609454534007N00314897EA014290158500512
B1609464534010N00314871EA014290158700512
B1609474534016N00314847EA014300158800512
B1609484534025N00314827EA014310158800512
B1609494534037N00314811EA014320158800512
B1609504534051N00314800EA014300158800512
B1609514534067N00314795EA014310159000512
B1609524534082N00314795EA014350159300512
B1609534534097N00314800EA014380159700512
B1609544534111N00314810EA014410160100512
B1609554534121N00314824EA014440160400512
B1609564534130N00314840EA014470160700512
B1609574534135N00314859EA014480160800512
B1609584534136N00314880EA014480160800512
K160958049015
B1609594534134N00314902EA014470160700512
B1610004534127N00314922EA014470160700512
B1610014534117N00314941EA014480160700512
B1610024534104N00314956EA014490160800512
B1610034534089N00314968EA014500161000512
B1610044534072N00314977EA014520161300512
B1610054534054N00314982EA014560161700512
B1610064534036N00314984EA014620162100512
B1610074534018N00314983EA014670162500512
B1610084534000N00314978EA014710162900512
B1610094533982N00314970EA014730163000512
B1610104533966N00314957EA014720163000512
B1610114533952N00314941EA014710163000512
B1610124533941N00314920EA014710162900512
B1610134533933N00314896EA014710162800512
B1610144533930N00314871EA014720162800512
B1610154533930N00314845EA014700162800512
B1610164533935N00314821EA014680162700512
B1610174533944N00314800EA014670162700512
B1610184533956N00314783EA014670162600512
B1610194533970N00314772EA014670162600512
B1610204533985N00314767EA014680162700512
B1610214534000N00314769EA014710163000512
B1610224534014N00314775EA014750163300512
B1610234534027N00314785EA014780163800512
B1610244534038N00314798EA014830164200512
B1610254534048N00314815EA014850164500512
B1610264534055N00314834EA014870164700512
B1610274534060N00314854EA014870164700512
B1610284534061N00314876EA014880164800512
B1610294534059N00314899EA014890164700512
B1610304534054N00314922EA014890164700512
B1610314534044N00314943EA014880164700512
B1610324534031N00314963EA014890164900512
B1610334534016N00314978EA014910165100512
B1610344533998N00314990EA014940165500512
B1610354533978N00314997EA014990165900512
B1610364533958N00314998EA015030166100512
B1610374533938N00314994EA015050166400512
LXNA::AVGSATSNR:38
B1610384533919N00314985EA015080166600512
B1610394533902N00314971EA015090166800512
B1610404533887N00314953EA015110166900512
B1610414533874N00314932EA015110166900512
B1610424533866N00314907EA015100166800512
B1610434533861N00314881EA015090166700512
B1610444533861N00314854EA015090166700512
B1610454533864N00314828EA015100166900512
B1610464533871N00314805EA015110167000512
B1610474533881N00314785EA015130167100512
B1610484533893N00314769EA015130167200512
B1610494533907N00314757EA015140167300512
K161049043015
B1610504533922N00314749EA015150167400512
B1610514533938N00314746EA015160167500512
B1610524533953N00314748EA015180167800512
B1610534533967N00314755EA015200168000512
B1610544533980N00314767EA015220168100512
B1610554533990N00314782EA015230168300512
B1610564533998N00314802EA015240168400512
B1610574534002N00314823EA015260168400512
B1610584534002N00314847EA015270168500512
B1610594533999N00314871EA015270168600512
B1611004533992N00314894EA015300168800512
B1611014533981N00314915EA015310168900512
B1611024533967N00314932EA015310169100512
B1611034533951N00314945EA015330169300512
K161103038016
B1611044533932N00314952EA015350169500512
B1611054533913N00314953EA015390169700512
B1611064533894N00314947EA015410170000512
B1611074533876N00314937EA015440170300512
B1611084533858N00314924EA015470170600512
B1611094533843N00314907EA015500170900512
B1611104533831N00314887EA015530171100512
B1611114533821N00314865EA015530171300512
B1611124533814N00314841EA015550171400512
B1611134533810N00314815EA015580171700512
B1611144533809N00314790EA015600171900512
B1611154533811N00314765EA015600171900512
B1611164533817N00314742EA015590171900512
B1611174533826N00314723EA015580171800512
B1611184533838N00314707EA015580171800512
B1611194533852N00314696EA015590171900512
B1611204533866N00314689EA015590172000512
B1611214533881N00314688EA015600172000512
B1611224533896N00314691EA015610172100512
B1611234533909N00314700EA015620172200512
F1611233005072109112014221815
B1611244533921N00314712EA015630172300512
B1611254533930N00314729EA015630172300512
B1611264533937N00314749EA015620172200512
B1611274533940N00314771EA015610172100512
B1611284533939N00314795EA015590171900512
B1611294533935N00314819EA015580171800512
B1611304533927N00314842EA015570171700512
B1611314533916N00314863EA015570171700512
K161131031015
B1611324533903N00314881EA015590171900512
B1611334533887N00314897EA015610172200512
B1611344533871N00314911EA015640172500512
B1611354533854N00314924EA015680172800512
B1611364533837N00314934EA015700173000512
B1611374533819N00314943EA015720173200512
B1611384533800N00314950EA015740173400512
LXNA::AVGSATSNR:40
B1611394533781N00314954EA015750173500512
B1611404533761N00314956EA015760173500512
B1611414533741N00314953EA015760173500512
B1611424533722N00314945EA015750173600512
B1611434533704N00314933EA015770173700512
B1611444533689N00314916EA015790173800512
B1611454533676N00314896EA015800174000512
B1611464533666N00314873EA015820174200512
B1611474533659N00314848EA015850174500512
LXNA::BAT:charging,100%,4.252V,12mA
B1611484533655N00314823EA015850174600512
B1611494533656N00314797EA015860174600512
B1611504533660N00314774EA015860174600512
B1611514533667N00314752EA015840174400512
B1611524533677N00314735EA015820174300512
B1611534533690N00314721EA015810174100512
B1611544533705N00314713EA015790174000512
B1611554533720N00314710EA015780173900512
B1611564533736N00314713EA015780174000512
B1611574533750N00314722EA015800174200512
B1611584533762N00314735EA015820174400512
B1611594533771N00314751EA015840174600512
B1612004533778N00314771EA015880174900512
B1612014533782N00314792EA015900175200512
B1612024533783N00314814EA015930175500512
B1612034533780N00314837EA015950175600512
B1612044533774N00314859EA015950175700512
B1612054533766N00314879EA015950175800512
B1612064533755N00314899EA015960175800512
B1612074533742N00314916EA015960175800512
B1612084533727N00314930EA015970175900512
K161208024015
B1612094533711N00314941EA015980176000512
B1612104533693N00314949EA015990176000512
B1612114533675N00314953EA016000176100512
B1612124533655N00314953EA016000176000512
B1612134533636N00314949EA015990175900512
B1612144533618N00314942EA015990176000512
B1612154533600N00314931EA016010176200512
B1612164533584N00314916EA016050176500512
B1612174533570N00314899EA016080176800512
B1612184533558N00314879EA016090177000512
B1612194533549N00314857EA016110177300512
B1612204533543N00314834EA016130177500512
B1612214533540N00314810EA016140177500512
B1612224533540N00314787EA016140177500512
B1612234533543N00314765EA016120177400512
B1612244533549N00314745EA016100177200512
B1612254533558N00314727EA016080177000512
B1612264533568N00314712EA016070176900512
B1612274533581N00314700EA016070177000512
B1612284533594N00314693EA016080177000512
B1612294533608N00314691EA016090177000512
B1612304533622N00314693EA016080177000512
B1612314533636N00314700EA016060176900512
B1612324533648N00314709EA016060176800512
B1612334533659N00314721EA016060176900512
B1612344533669N00314736EA016080177100512
B1612354533677N00314752EA016100177300512
B1612364533685N00314769EA016120177400512
B1612374533691N00314787EA016130177500512
B1612384533696N00314806EA016130177500512
B1612394533700N00314827EA016130177600512
LXNA::AVGSATSNR:39
B1612404533702N00314848EA016130177600512
B1612414533703N00314870EA016130177600512
B1612424533702N00314893EA016130177600512
B1612434533701N00314916EA016130177600512
B1612444533699N00314939EA016140177700512
B1612454533696N00314963EA016150177800512
B1612464533691N00314986EA016170177900512
B1612474533686N00315008EA016190178100512
B1612484533678N00315030EA016210178300512
B1612494533669N00315050EA016240178500512
B1612504533658N00315069EA016260178700512
B1612514533645N00315087EA016270178900512
B1612524533632N00315103EA016280179000512
B1612534533617N00315117EA016280178900512
B1612544533601N00315130EA016280178900512
B1612554533583N00315139EA016280178800512
B1612564533565N00315145EA016270178800512
B1612574533546N00315149EA016290179000512
B1612584533527N00315149EA016320179100512
B1612594533509N00315147EA016320179200512
B1613004533490N00315141EA016310179200512
B1613014533473N00315133EA016310179300512
B1613024533456N00315122EA016330179500512
K161302019016
B1613034533440N00315111EA016340179500512
B1613044533424N00315098EA016340179500512
B1613054533409N00315085EA016340179400512
B1613064533394N00315070EA016310179200512
B1613074533380N00315053EA016290178900512
B1613084533367N00315035EA016260178600512
B1613094533356N00315014EA016250178600512
B1613104533346N00314992EA016260178700512
B1613114533339N00314968EA016280178800512
B1613124533333N00314944EA016280178900512
B1613134533330N00314920EA016280178900512
B1613144533329N00314896EA016280179000512
B1613154533330N00314872EA016290179000512
B1613164533332N00314850EA016290179000512
B1613174533336N00314828EA016300179100512
B1613184533342N00314807EA016300179100512
B1613194533349N00314788EA016280178900512
B1613204533357N00314771EA016260178700512
B1613214533367N00314756EA016250178500512
B1613224533377N00314742EA016230178400512
B1613234533389N00314730EA016200178200512
B1613244533401N00314722EA016190178200512
B1613254533414N00314715EA016190178100512
B1613264533428N00314711EA016180178100512
B1613274533441N00314709EA016170178000512
B1613284533455N00314709EA016170177900512
B1613294533468N00314712EA016150177700512
B1613304533482N00314716EA016120177400512
B1613314533495N00314722EA016100177200512
K161331010018
B1613324533509N00314729EA016090177100512
B1613334533522N00314736EA016080177000512
B1613344533536N00314743EA016080177000512
B1613354533549N00314750EA016080176900512
B1613364533563N00314758EA016070176800512
B1613374533576N00314766EA016070176800512
B1613384533589N00314775EA016060176700512
B1613394533602N00314784EA016050176600512
B1613404533615N00314794EA016040176500512
LXNA::AVGSATSNR:38
B1613414533628N00314803EA016030176400512
B1613424533641N00314814EA016020176300512
B1613434533655N00314825EA016020176400512
B1613444533668N00314837EA016050176700512
B1613454533681N00314848EA016070176900512
B1613464533693N00314860EA016110177200512
B1613474533705N00314872EA016140177600512
B1613484533717N00314884EA016180177900512
B1613494533727N00314899EA016220178300512
B1613504533736N00314916EA016240178500512
B1613514533742N00314935EA016260178800512
B1613524533746N00314956EA016270178900512
B1613534533747N00314979EA016280179000512
B1613544533744N00315002EA016290179000512
B1613554533737N00315026EA016280179000512
B1613564533727N00315047EA016280178800512
B1613574533713N00315065EA016260178600512
B1613584533696N00315079EA016240178500512
B1613594533677N00315088EA016230178400512
B1614004533657N00315090EA016230178400512
B1614014533637N00315086EA016240178500512
B1614024533618N00315077EA016250178600512
B1614034533602N00315063EA016260178600512
B1614044533588N00315045EA016270178700512
B1614054533578N00315024EA016280178900512
B1614064533571N00315001EA016310179200512
B1614074533567N00314978EA016340179500512
B1614084533566N00314955EA016370179800512
B1614094533567N00314933EA016390180000512
B1614104533570N00314911EA016400180100512
B1614114533576N00314892EA016400180000512
B1614124533584N00314874EA016380179900512
B1614134533594N00314859EA016380179900512
B1614144533606N00314847EA016380179900512
B1614154533618N00314838EA016380179900512
B1614164533632N00314833EA016400180000512
B1614174533646N00314832EA016410180100512
B1614184533660N00314835EA016410180200512
B1614194533674N00314842EA016420180300512
B1614204533686N00314851EA016450180600512
B1614214533697N00314864EA016480180900512
B1614224533707N00314880EA016510181200512
B1614234533713N00314898EA016540181500512
B1614244533718N00314919EA016560181700512
F16142430050721112014221815
B1614254533719N00314940EA016570181900512
B1614264533718N00314962EA016590182100512
B1614274533713N00314984EA016600182100512
B1614284533706N00315005EA016610182200512
B1614294533695N00315024EA016590182100512
B1614304533682N00315041EA016590182100512
B1614314533666N00315054EA016600182200512
B1614324533648N00315062EA016610182200512
B1614334533629N00315065EA016610182200512
B1614344533610N00315065EA016600182000512
B1614354533590N00315062EA016590181900512
B1614364533572N00315054EA016580181900512
B1614374533555N00315042EA016590182000512
B1614384533541N00315026EA016600182200512
B1614394533529N00315007EA016630182400512
B1614404533521N00314986EA016650182500512
B1614414533515N00314964EA016650182600512
LXNA::AVGSATSNR:37
B1614424533513N00314941EA016640182600512
B1614434533514N00314919EA016640182700512
B1614444533518N00314897EA016640182700512
K161444004018
B1614454533525N00314879EA016640182700512
B1614464533533N00314862EA016640182700512
B1614474533543N00314847EA016640182600512
B1614484533554N00314833EA016630182500512
LXNA::BAT:charging,100%,4.252V,12mA
B1614494533565N00314820EA016620182500512
B1614504533577N00314810EA016620182500512
B1614514533590N00314801EA016620182500512
B1614524533603N00314794EA016630182500512
B1614534533617N00314790EA016630182500512
B1614544533631N00314787EA016630182600512
B1614554533645N00314786EA016640182600512
B1614564533659N00314786EA016630182600512
B1614574533673N00314788EA016630182500512
B1614584533688N00314793EA016630182500512
B1614594533701N00314800EA016640182600512
B1615004533714N00314810EA016650182700512
B1615014533725N00314824EA016650182800512
B1615024533735N00314841EA016650182900512
B1615034533742N00314861EA016640182800512
B1615044533748N00314882EA016650182800512
B1615054533751N00314904EA016660182800512
B1615064533751N00314928EA016670182800512
B1615074533750N00314953EA016670182800512
B1615084533746N00314977EA016660182800512
B1615094533740N00315001EA016670182900512
B1615104533731N00315023EA016680183000512
B1615114533720N00315044EA016700183300512
B1615124533708N00315063EA016730183600512
B1615134533694N00315081EA016760183900512
B1615144533680N00315097EA016790184200512
B1615154533665N00315112EA016810184400512
B1615164533650N00315126EA016840184500512
B1615174533633N00315137EA016860184600512
B1615184533615N00315144EA016860184800512
B1615194533596N00315147EA016870184900512
B1615204533577N00315145EA016880185000512
B1615214533558N00315138EA016890185200512
B1615224533542N00315125EA016900185200512
B1615234533528N00315107EA016910185300512
B1615244533517N00315087EA016910185300512
B1615254533509N00315064EA016890185100512
B1615264533505N00315040EA016870184900512
B1615274533504N00315015EA016850184600512
B1615284533507N00314991EA016830184500512
B1615294533513N00314969EA016820184400512
B1615304533521N00314949EA016800184200512
B1615314533532N00314933EA016790184200512
B1615324533546N00314920EA016790184200512
B1615334533560N00314911EA016800184400512
B1615344533575N00314905EA016830184500512
B1615354533590N00314904EA016840184700512
B1615364533606N00314907EA016840184700512
B1615374533620N00314915EA016840184700512
B1615384533633N00314927EA016830184700512
B1615394533645N00314943EA016830184600512
K161539012016
B1615404533654N00314962EA016820184600512
B1615414533662N00314984EA016830184700512
B1615424533666N00315008EA016820184700512
LXNA::AVGSATSNR:40
B1615434533668N00315033EA016830184700512
B1615444533667N00315059EA016840184800512
B1615454533664N00315085EA016850184900512
B1615464533658N00315110EA016860185100512
B1615474533650N00315135EA016880185200512
B1615484533639N00315157EA016900185400512
B1615494533627N00315178EA016920185600512
B1615504533613N00315197EA016940185900512
B1615514533599N00315214EA016970186100512
B1615524533583N00315229EA016990186300512
B1615534533566N00315244EA017010186400512
B1615544533549N00315257EA017000186300512
B1615554533531N00315269EA016980186100512
B1615564533513N00315280EA016950185800512
B1615574533493N00315290EA016930185600512
B1615584533473N00315298EA016930185600512
B1615594533452N00315305EA016930185600512
B1616004533431N00315311EA016930185700512
B1616014533411N00315315EA016940185800512
B1616024533390N00315317EA016940185800512
B1616034533370N00315318EA016950185800512
B1616044533350N00315318EA016930185700512
B1616054533330N00315316EA016910185400512
B1616064533310N00315314EA016870185000512
B1616074533290N00315312EA016830184500512
B1616084533269N00315308EA016790184200512
B1616094533248N00315304EA016780184100512
B1616104533227N00315299EA016780184100512
B1616114533206N00315293EA016780184200512
B1616124533186N00315288EA016790184300512
B1616134533166N00315283EA016820184400512
B1616144533146N00315278EA016820184400512
B1616154533126N00315273EA016810184300512
B1616164533106N00315268EA016780184100512
B1616174533086N00315262EA016760183900512
B1616184533067N00315257EA016740183700512
B1616194533047N00315251EA016730183500512
B1616204533027N00315245EA016710183400512
B1616214533007N00315239EA016710183400512
B1616224532987N00315234EA016710183300512
B1616234532966N00315228EA016710183300512
B1616244532946N00315222EA016690183200512
B1616254532927N00315215EA016670183000512
B1616264532907N00315209EA016650182900512
B1616274532887N00315202EA016640182700612
B1616284532868N00315195EA016620182500612
B1616294532848N00315188EA016620182400512
B1616304532828N00315181EA016620182300512
B1616314532809N00315174EA016600182300512
B1616324532789N00315167EA016590182300512
B1616334532770N00315161EA016590182200512
B1616344532751N00315154EA016590182200512
B1616354532732N00315148EA016600182100512
B1616364532713N00315142EA016600182000512
B1616374532694N00315136EA016560181900512
B1616384532675N00315130EA016530181700512
B1616394532656N00315123EA016520181500512
B1616404532637N00315117EA016500181300512
B1616414532618N00315111EA016490181200512
B1616424532600N00315104EA016490181100512
B1616434532581N00315098EA016480181000512
LXNA::AVGSATSNR:39
B1616444532563N00315091EA016470181000512
B1616454532545N00315085EA016470180900512
B1616464532528N00315078EA016470180800512
B1616474532510N00315073EA016470180700512
B1616484532492N00315068EA016440180600512
B1616494532473N00315064EA016420180400512
B1616504532455N00315060EA016410180200512
B1616514532435N00315057EA016390180000512
B1616524532416N00315055EA016360179900512
B1616534532396N00315053EA016350179700512
B1616544532376N00315051EA016340179600512
B1616554532357N00315049EA016320179400512
B1616564532337N00315046EA016300179300512
B1616574532317N00315044EA016290179200512
B1616584532297N00315041EA016270179000512
B1616594532278N00315038EA016260178900512
B1617004532258N00315035EA016240178700512
B1617014532239N00315031EA016240178700512
B1617024532221N00315025EA016240178600512
B1617034532203N00315017EA016240178400512
B1617044532187N00315008EA016220178200512
B1617054532171N00314997EA016190178000512
B1617064532156N00314983EA016160177700512
B1617074532143N00314967EA016120177300512
B1617084532132N00314948EA016070176900512
B1617094532122N00314927EA016020176400512
B1617104532115N00314905EA015980175900512
B1617114532110N00314881EA015950175600512
B1617124532108N00314858EA015920175500512
B1617134532108N00314835EA015930175500512
B1617144532110N00314813EA015950175700512
B1617154532114N00314793EA015970175900512
B1617164532120N00314775EA015980176000512
B1617174532127N00314758EA015990176000512
B1617184532135N00314744EA015970175900512
B1617194532145N00314732EA015950175700512
B1617204532156N00314722EA015940175400512
B1617214532167N00314713EA015900175300512
B1617224532180N00314707EA015890175000512
B1617234532194N00314703EA015860174700512
B1617244532208N00314701EA015830174400512
B1617254532222N00314702EA015800174200512
B1617264532236N00314704EA015790174000512
B1617274532251N00314708EA015780173900512
B1617284532265N00314714EA015780173800512
B1617294532279N00314720EA015770173900512
B1617304532292N00314727EA015800174100512
B1617314532305N00314733EA015820174200512
B1617324532318N00314740EA015840174300512
B1617334532330N00314747EA015830174400512
B1617344532343N00314755EA015830174400512
B1617354532354N00314763EA015830174400512
B1617364532366N00314771EA015820174300512
B1617374532378N00314779EA015820174200512
B1617384532390N00314788EA015820174100512
B1617394532401N00314796EA015810173900512
B1617404532413N00314805EA015770173700512
B1617414532425N00314815EA015730173400512
B1617424532438N00314825EA015700173100512
B1617434532450N00314835EA015680172800512
B1617444532463N00314847EA015640172500512
LXNA::AVGSATSNR:38
B1617454532475N00314858EA015650172400512
B1617464532487N00314869EA015650172400512
B1617474532499N00314880EA015630172300512
B1617484532511N00314891EA015600172100512
B1617494532522N00314902EA015580171900512
LXNA::BAT:charging,100%,4.252V,6000mA
B1617504532534N00314913EA015570171900512
B1617514532545N00314924EA015570171800512
B1617524532557N00314934EA015580171800512
B1617534532568N00314943EA015580171700512
B1617544532580N00314952EA015570171500512
B1617554532592N00314960EA015540171300512
B1617564532605N00314967EA015500171000512
B1617574532618N00314973EA015470170800512
B1617584532631N00314980EA015460170600512
B1617594532645N00314987EA015450170500512
B1618004532659N00314993EA015450170400512
B1618014532672N00315000EA015440170400512
B1618024532685N00315007EA015430170300512
B1618034532699N00315014EA015420170300512
B1618044532712N00315021EA015420170300512
B1618054532725N00315029EA015420170300512
B1618064532738N00315036EA015430170300512
B1618074532751N00315043EA015440170300512
B1618084532764N00315050EA015420170300512
B1618094532777N00315057EA015400170200512
B1618104532789N00315064EA015400170200512
B1618114532802N00315071EA015390170200512
B1618124532814N00315078EA015400170100512
B1618134532827N00315084EA015400170100512
B1618144532839N00315090EA015390169900512
B1618154532851N00315095EA015380169800512
B1618164532864N00315100EA015360169600512
B1618174532876N00315105EA015330169400512
B1618184532889N00315110EA015310169100512
B1618194532902N00315115EA015290169000512
B1618204532915N00315121EA015270168800512
B1618214532928N00315126EA015260168600512
B1618224532941N00315130EA015260168600512
B1618234532953N00315135EA015260168500512
B1618244532966N00315141EA015250168300512
B1618254532979N00315147EA015210168100512
B1618264532991N00315153EA015180167900612
B1618274533004N00315161EA015150167600612
F161827300507212014221815
B1618284533016N00315169EA015130167400612
B1618294533028N00315179EA015110167200612
B1618304533040N00315188EA015090167100612
B1618314533052N00315199EA015090167000612
B1618324533063N00315209EA015110167100612
B1618334533075N00315219EA015120167300612
B1618344533086N00315230EA015140167500612
B1618354533097N00315240EA015150167600612
B1618364533108N00315250EA015170167800612
B1618374533119N00315262EA015190167900612
B1618384533129N00315274EA015180167900612
B1618394533140N00315287EA015160167800612
B1618404533151N00315300EA015150167700612
K161840010015
B1618414533162N00315314EA015150167600612
B1618424533173N00315329EA015170167600612
B1618434533183N00315346EA015190167800612
B1618444533192N00315363EA015220168100612
B1618454533200N00315381EA015230168500612
LXNA::AVGSATSNR:40
B1618464533206N00315401EA015270168800612
B1618474533210N00315421EA015290169000612
B1618484533213N00315443EA015280168900612
B1618494533213N00315465EA015270168600612
B1618504533212N00315488EA015240168200612
B1618514533209N00315512EA015190167700612
B1618524533204N00315535EA015110167100612
B1618534533196N00315558EA015080166700612
B1618544533185N00315580EA015060166500612
B1618554533172N00315599EA015050166400612
B1618564533157N00315616EA015050166400612
B1618574533140N00315629EA015050166400612
B1618584533123N00315640EA015050166400612
B1618594533104N00315646EA015050166400612
B1619004533086N00315650EA015050166300612
B1619014533067N00315651EA015050166300612
B1619024533048N00315648EA015050166200612
B1619034533030N00315643EA015040166200612
B1619044533013N00315635EA015020166100612
B1619054532996N00315625EA015020166000612
B1619064532981N00315610EA015000165900612
B1619074532968N00315594EA014990165800612
B1619084532955N00315576EA014980165700612
B1619094532945N00315556EA014980165600612
B1619104532936N00315534EA014990165700612
B1619114532930N00315512EA014980165600612
B1619124532926N00315490EA014970165500612
B1619134532925N00315468EA014950165300612
B1619144532925N00315446EA014920165000612
B1619154532929N00315424EA014880164600612
B1619164532936N00315404EA014850164300612
B1619174532944N00315387EA014810163900612
B1619184532956N00315371EA014770163500612
B1619194532968N00315358EA014740163200612
B1619204532982N00315349EA014730163200612
B1619214532997N00315342EA014760163500612
B1619224533013N00315338EA014810164000612
B1619234533027N00315336EA014880164600612
B1619244533042N00315336EA014950165300612
B1619254533055N00315339EA015020165900612
B1619264533068N00315344EA015070166300612
B1619274533080N00315351EA015090166600612
B1619284533091N00315361EA015080166600612
B1619294533101N00315373EA015060166500612
B1619304533110N00315389EA015030166300612
B1619314533118N00315408EA015010166000612
B1619324533125N00315429EA014990165700612
B1619334533130N00315452EA014970165500612
B1619344533134N00315476EA014950165400612
B1619354533137N00315501EA014930165300612
B1619364533139N00315526EA014940165300612
B1619374533138N00315551EA014950165400612
B1619384533136N00315575EA014960165500612
B1619394533132N00315598EA014960165600612
B1619404533126N00315621EA014960165600612
B1619414533119N00315642EA014970165600612
B1619424533109N00315663EA014960165600612
B1619434533097N00315681EA014960165500612
B1619444533084N00315698EA014960165500612
B1619454533069N00315713EA014950165300612
B1619464533052N00315724EA014930165100612
LXNA::AVGSATSNR:38
B1619474533034N00315733EA014910164900612
B1619484533015N00315739EA014880164600612
B1619494532995N00315740EA014830164200612
B1619504532975N00315738EA014800164000612
B1619514532956N00315731EA014800163900612
B1619524532938N00315721EA014810163900612
B1619534532921N00315709EA014800163800612
B1619544532905N00315694EA014790163900612
B1619554532891N00315677EA014800164000612
B1619564532879N00315658EA014830164200612
B1619574532869N00315637EA014850164400612
B1619584532861N00315616EA014850164400612
B1619594532855N00315595EA014840164400612
B1620004532851N00315573EA014840164300612
B1620014532849N00315551EA014820164100612
B1620024532849N00315529EA014800163800612
B1620034532852N00315508EA014790163600612
B1620044532857N00315487EA014750163300612
B1620054532864N00315468EA014710162900612
B1620064532874N00315451EA014680162700612
B1620074532886N00315435EA014660162500612
B1620084532899N00315423EA014660162500612
B1620094532914N00315413EA014680162700612
B1620104532929N00315406EA014700163000612
B1620114532945N00315402EA014760163500612
B1620124532960N00315401EA014810164000612
B1620134532974N00315403EA014850164400612
B1620144532988N00315407EA014880164700612
B1620154533002N00315414EA014900164900612
B1620164533014N00315424EA014910165000612
B1620174533026N00315436EA014910165000612
B1620184533037N00315451EA014890164900612
B1620194533047N00315468EA014880164700612
B1620204533056N00315487EA014870164600612
B1620214533063N00315508EA014870164500612
B1620224533068N00315530EA014860164300612
B1620234533072N00315553EA014820163900612
B1620244533073N00315577EA014760163500612
B1620254533072N00315602EA014710163100612
B1620264533068N00315626EA014690162800612
B1620274533062N00315651EA014680162700612
B1620284533054N00315675EA014690162700612
B1620294533044N00315698EA014700162700612
B1620304533032N00315719EA014700162700612
B1620314533018N00315737EA014690162700612
B1620324533002N00315754EA014680162600612
B1620334532984N00315767EA014660162500612
B1620344532965N00315777EA014640162500612
B1620354532945N00315782EA014650162600612
K162035341017
B1620364532925N00315784EA014670162700612
B1620374532905N00315784EA014680162600612
B1620384532886N00315781EA014660162600612
B1620394532867N00315775EA014670162700612
B1620404532849N00315767EA014680162700612
B1620414532832N00315756EA014680162800612
B1620424532817N00315743EA014690162800612
B1620434532803N00315728EA014690162800612
B1620444532791N00315710EA014650162600612
B1620454532781N00315691EA014650162500612
B1620464532773N00315669EA014630162300612
B1620474532768N00315647EA014620162200612
LXNA::AVGSATSNR:39
B1620484532764N00315624EA014620162100612
B1620494532762N00315602EA014630162200612
B1620504532761N00315580EA014650162300612
LXNA::BAT:charging,100%,4.252V,6000mA
B1620514532761N00315558EA014660162400612
B1620524532762N00315536EA014660162500612
B1620534532765N00315516EA014670162600612
B1620544532769N00315496EA014690162700612
B1620554532775N00315477EA014710162900612
B1620564532782N00315460EA014740163100612
B1620574532791N00315444EA014740163200612
B1620584532801N00315431EA014750163400612
B1620594532813N00315421EA014770163600612
B1621004532826N00315413EA014790163800612
B1621014532839N00315409EA014810164100612
B1621024532853N00315408EA014830164300612
B1621034532866N00315410EA014840164300612
B1621044532879N00315416EA014850164400612
B1621054532892N00315425EA014830164300612
B1621064532904N00315437EA014810164100612
B1621074532915N00315452EA014780163800612
B1621084532924N00315470EA014770163700612
B1621094532932N00315490EA014780163800612
B1621104532938N00315512EA014780163700612
B1621114532942N00315535EA014770163600612
B1621124532943N00315559EA014730163300612
B1621134532941N00315584EA014710163000612
B1621144532937N00315608EA014690162900612
B1621154532929N00315631EA014690162900612
B1621164532919N00315653EA014690162900612
B1621174532907N00315672EA014710162900612
B1621184532893N00315689EA014720162900612
B1621194532878N00315704EA014700162700612
B1621204532860N00315716EA014650162400612
B1621214532841N00315723EA014630162000612
B1621224532821N00315727EA014570161500612
B1621234532800N00315726EA014510161000612
B1621244532779N00315721EA014490160700612
B1621254532759N00315712EA014460160500612
B1621264532740N00315700EA014460160500612
B1621274532722N00315686EA014480160700612
B1621284532706N00315671EA014520161000612
B1621294532691N00315654EA014550161200612
B1621304532678N00315637EA014550161300612
B1621314532666N00315618EA014540161300612
B1621324532656N00315598EA014540161300612
B1621334532647N00315576EA014520161200612
B1621344532639N00315554EA014530161300612
B1621354532632N00315531EA014550161500612
B1621364532627N00315508EA014580161600612
B1621374532623N00315485EA014600161700612
B1621384532621N00315462EA014600161700612
B1621394532620N00315439EA014580161700612
B1621404532622N00315417EA014580161600612
B1621414532625N00315396EA014580161600612
B1621424532631N00315376EA014590161500612
B1621434532638N00315357EA014580161400612
B1621444532647N00315341EA014560161200612
B1621454532659N00315326EA014530161100612
B1621464532671N00315315EA014520161000612
B1621474532686N00315307EA014520160900612
B1621484532701N00315303EA014520160900612
LXNA::AVGSATSNR:37
B1621494532717N00315301EA014530160900612
B1621504532733N00315303EA014530161000612
B1621514532748N00315309EA014530161100612
B1621524532763N00315318EA014530161100612
B1621534532777N00315331EA014540161200612
B1621544532789N00315347EA014560161200612
B1621554532799N00315366EA014560161200612
B1621564532807N00315387EA014540161200612
B1621574532812N00315411EA014530161000612
B1621584532814N00315436EA014520160800612
B1621594532814N00315463EA014490160600612
B1622004532809N00315490EA014470160500612
B1622014532802N00315517EA014480160500612
B1622024532793N00315542EA014500160800612
B1622034532781N00315565EA014530161000612
B1622044532768N00315586EA014540161200612
B1622054532753N00315604EA014550161300612
B1622064532737N00315619EA014560161300612
B1622074532720N00315632EA014550161200612
B1622084532701N00315641EA014530161000612
B1622094532681N00315648EA014480160600512
B1622104532660N00315650EA014430159900512
F1622103005072120142215
B1622114532639N00315648EA014380159300512
B1622124532617N00315642EA014350158800512
B1622134532596N00315631EA014300158600512
B1622144532576N00315616EA014310158600512
B1622154532558N00315598EA014320158700512
B1622164532542N00315578EA014320158800512
B1622174532527N00315555EA014330158800512
B1622184532515N00315531EA014340159000512
B1622194532505N00315507EA014350159200512
B1622204532497N00315481EA014400159600512
B1622214532492N00315456EA014450159900512
B1622224532488N00315431EA014460160000512
B1622234532485N00315406EA014430159900512
B1622244532484N00315382EA014400159600512
B1622254532485N00315357EA014390159400512
B1622264532488N00315334EA014380159200512
B1622274532492N00315311EA014370159200512
B1622284532498N00315289EA014370159200512
B1622294532506N00315269EA014370159400512
B1622304532516N00315250EA014400159600512
B1622314532526N00315234EA014410159800612
B1622324532538N00315221EA014430160000612
B1622334532551N00315210EA014460160300612
B1622344532565N00315203EA014470160300612
B1622354532579N00315198EA014470160300612
B1622364532595N00315198EA014450160200612
B1622374532610N00315200EA014430160000612
B1622384532625N00315207EA014420159900612
B1622394532640N00315217EA014420159900612
B1622404532653N00315231EA014410159800612
B1622414532665N00315248EA014410159700612
B1622424532676N00315266EA014410159700612
B1622434532686N00315287EA014440159900612
B1622444532694N00315308EA014480160200612
B1622454532700N00315330EA014490160300612
B1622464532705N00315353EA014490160400612
B1622474532708N00315376EA014490160500612
B1622484532709N00315401EA014490160600612
B1622494532708N00315426EA014500160600612
LXNA::AVGSATSNR:37
B1622504532704N00315451EA014500160600612
B1622514532700N00315475EA014490160500612
B1622524532693N00315500EA014480160400612
B1622534532685N00315524EA014480160400612
B1622544532674N00315547EA014470160200612
B1622554532662N00315568EA014450159900612
B1622564532648N00315588EA014420159700512
B1622574532632N00315606EA014410159600512
B1622584532614N00315621EA014390159500512
B1622594532595N00315632EA014380159400512
B1623004532574N00315639EA014380159200512
B1623014532552N00315643EA014350159000512
B1623024532530N00315642EA014330158700512
B1623034532508N00315636EA014300158500512
B1623044532487N00315626EA014280158400512
B1623054532467N00315612EA014300158400512
B1623064532450N00315594EA014290158400512
B1623074532434N00315574EA014290158300512
B1623084532420N00315553EA014290158500512
B1623094532409N00315529EA014300158600512
B1623104532399N00315506EA014320158700512
B1623114532392N00315482EA014340158900512
B1623124532386N00315458EA014350159100512
B1623134532381N00315434EA014370159100512
B1623144532378N00315410EA014360159000512
B1623154532375N00315386EA014340158800512
K162315008016
B1623164532374N00315362EA014320158700512
B1623174532375N00315338EA014320158700512
B1623184532377N00315314EA014330158800512
B1623194532379N00315290EA014340158800512
B1623204532384N00315267EA014330158800512
B1623214532390N00315245EA014330158800512
B1623224532397N00315224EA014360159000512
B1623234532406N00315205EA014360159100512
B1623244532417N00315188EA014360159100512
B1623254532429N00315173EA014360159000512
B1623264532443N00315162EA014350159000512
B1623274532459N00315153EA014350159000512
B1623284532475N00315148EA014340159000512
B1623294532491N00315145EA014350159100512
B1623304532508N00315147EA014360159300512
B1623314532525N00315152EA014380159400512
B1623324532541N00315160EA014380159600512
B1623334532556N00315169EA014400159800512
B1623344532570N00315180EA014430160000512
B1623354532583N00315193EA014450160200512
B1623364532596N00315207EA014450160400512
B1623374532606N00315223EA014460160500512
B1623384532614N00315243EA014470160700512
B1623394532618N00315264EA014490160900512
B1623404532619N00315286EA014520161200512
B1623414532617N00315308EA014550161400512
B1623424532612N00315329EA014570161600512
B1623434532604N00315349EA014580161700512
B1623444532595N00315368EA014580161700512
B1623454532585N00315386EA014580161700512
B1623464532574N00315403EA014580161600512
B1623474532562N00315419EA014560161400512
B1623484532549N00315434EA014560161200512
B1623494532534N00315448EA014530161000512
B1623504532518N00315458EA014510160900512
LXNA::AVGSATSNR:40
B1623514532501N00315466EA014490160800512
LXNA::BAT:charging,100%,4.252V,6000mA
B1623524532482N00315471EA014490160800512
B1623534532463N00315473EA014490160800512
B1623544532444N00315473EA014480160700512
B1623554532426N00315472EA014480160400512
B1623564532407N00315467EA014470160400512
B1623574532389N00315459EA014480160400512
B1623584532372N00315449EA014480160600512
B1623594532357N00315436EA014490160800512
B1624004532342N00315421EA014510160900512
B1624014532330N00315404EA014520160900512
B1624024532319N00315386EA014520160900512
B1624034532310N00315366EA014510160800512
B1624044532304N00315345EA014500160800512
B1624054532299N00315324EA014510160800512
B1624064532296N00315302EA014530161000512
B1624074532294N00315281EA014540161100512
B1624084532293N00315260EA014550161200512
B1624094532292N00315238EA014570161300512
B1624104532293N00315218EA014570161400512
B1624114532296N00315198EA014590161500512
B1624124532301N00315180EA014580161600512
B1624134532309N00315164EA014580161700512
B1624144532319N00315152EA014590161800512
B1624154532330N00315144EA014600161900512
B1624164532343N00315140EA014610161900512
B1624174532355N00315141EA014610162000512
B1624184532368N00315147EA014610161900512
B1624194532379N00315156EA014610162000512
B1624204532389N00315171EA014610162000512
B1624214532396N00315189EA014610162100512
B1624224532401N00315209EA014640162400512
B1624234532402N00315231EA014670162600512
B1624244532400N00315253EA014690162900512
B1624254532395N00315274EA014710163000512
B1624264532387N00315293EA014710163000512
B1624274532375N00315310EA014720163000512
B1624284532361N00315324EA014710162900512
B1624294532345N00315334EA014690162800512
K162429359015
B1624304532327N00315340EA014680162600512
B1624314532309N00315341EA014660162400512
B1624324532291N00315338EA014660162400512
B1624334532273N00315332EA014660162400512
B1624344532256N00315323EA014670162400512
B1624354532240N00315311EA014670162500512
B1624364532225N00315297EA014690162600512
B1624374532213N00315281EA014700162700512
B1624384532202N00315263EA014710162800512
B1624394532194N00315243EA014710162800512
B1624404532188N00315222EA014700162800512
B1624414532184N00315200EA014720163000512
B1624424532183N00315179EA014730163100512
B1624434532183N00315157EA014750163300512
B1624444532186N00315137EA014770163400512
B1624454532190N00315116EA014780163600512
B1624464532194N00315097EA014790163800512
B1624474532200N00315078EA014810164000512
B1624484532206N00315060EA014830164200512
B1624494532213N00315042EA014840164300512
B1624504532221N00315027EA014840164200512
B1624514532232N00315015EA014840164200512
LXNA::AVGSATSNR:38
B1624524532244N00315006EA014830164100512
B1624534532258N00315002EA014810164000512
B1624544532272N00315003EA014800163800512
B1624554532286N00315010EA014790163800512
B1624564532299N00315022EA014800163900512
B1624574532309N00315039EA014820164100512
B1624584532317N00315059EA014840164200512
B1624594532321N00315082EA014840164300512
B1625004532321N00315106EA014850164400612
B1625014532318N00315130EA014840164400612
B1625024532310N00315153EA014840164500612
B1625034532298N00315173EA014850164400612
B1625044532283N00315190EA014860164500612
B1625054532266N00315203EA014870164600612
B1625064532246N00315210EA014890164800612
B1625074532226N00315211EA014910165100512
B1625084532207N00315207EA014940165300512
B1625094532188N00315200EA014980165700512
B1625104532171N00315190EA015020166100512
B1625114532154N00315179EA015050166500512
K162511354016
F162511300507212014221815
B1625124532138N00315166EA015090166700512
B1625134532124N00315151EA015110167000612
B1625144532112N00315133EA015140167100612
B1625154532102N00315114EA015140167200612
B1625164532094N00315093EA015140167200612
B1625174532089N00315071EA015150167200612
B1625184532087N00315048EA015140167300612
B1625194532090N00315026EA015150167300612
B1625204532096N00315006EA015150167500612
B1625214532104N00314990EA015170167600612
B1625224532115N00314976EA015180167800612
B1625234532128N00314967EA015190167800612
B1625244532141N00314963EA015190167800612
B1625254532155N00314963EA015190167700512
B1625264532169N00314969EA015170167600512
B1625274532182N00314981EA015180167700612
B1625284532192N00314997EA015190167900612
B1625294532200N00315016EA015220168200512
B1625304532204N00315038EA015250168400612
B1625314532204N00315061EA015270168600512
B1625324532201N00315084EA015290168700512
B1625334532194N00315107EA015300168900512
B1625344532183N00315127EA015310169000512
B1625354532169N00315143EA015330169100512
B1625364532153N00315155EA015350169200512
B1625374532134N00315161EA015360169300512
B1625384532115N00315162EA015370169600512
B1625394532097N00315158EA015390169800512
B1625404532079N00315148EA015410170000512
B1625414532063N00315135EA015430170300512
B1625424532049N00315119EA015460170500512
B1625434532036N00315100EA015470170700512
B1625444532026N00315079EA015480170800512
B1625454532019N00315056EA015490170800512
B1625464532014N00315032EA015480170800512
B1625474532012N00315008EA015480170800512
B1625484532015N00314985EA015490170900512
B1625494532021N00314964EA015510171100512
B1625504532029N00314946EA015520171200512
B1625514532040N00314931EA015520171200512
B1625524532053N00314922EA015530171200512
LXNA::AVGSATSNR:39
B1625534532067N00314916EA015530171300512
B1625544532082N00314915EA015530171300512
B1625554532097N00314919EA015520171200512
B1625564532110N00314927EA015510171200512
B1625574532123N00314939EA015500171100512
B1625584532133N00314956EA015490171000512
B1625594532140N00314977EA015490170900512
B1626004532144N00315000EA015490171000512
B1626014532145N00315024EA015500171100512
B1626024532141N00315048EA015520171300512
B1626034532134N00315072EA015530171500512
B1626044532124N00315093EA015560171800512
B1626054532112N00315112EA015580172000512
B1626064532097N00315129EA015600172300512
B1626074532081N00315142EA015630172400512
B1626084532063N00315151EA015640172500512
B1626094532045N00315156EA015650172600512
B1626104532026N00315158EA015660172600512
B1626114532007N00315156EA015660172600512
B1626124531989N00315150EA015670172700612
B1626134531972N00315140EA015680172700612
B1626144531956N00315127EA015690172900612
B1626154531942N00315110EA015710173000612
B1626164531930N00315090EA015720173200612
B1626174531921N00315069EA015750173200612
B1626184531916N00315046EA015750173400612
B1626194531913N00315023EA015760173400612
B1626204531913N00315001EA015770173600612
B1626214531916N00314980EA015780173700612
B1626224531921N00314961EA015790173700512
B1626234531928N00314944EA015780173700512
B1626244531938N00314929EA015770173700512
B1626254531949N00314917EA015760173600512
B1626264531960N00314908EA015750173500512
B1626274531973N00314901EA015730173400512
B1626284531987N00314898EA015730173200512
B1626294532000N00314899EA015700173000512
B1626304532014N00314903EA015680172800512
B1626314532027N00314910EA015660172700512
B1626324532040N00314919EA015640172500512
B1626334532052N00314930EA015620172300512
B1626344532064N00314944EA015600171900512
B1626354532075N00314959EA015570171700512
B1626364532085N00314978EA015550171500512
B1626374532092N00314998EA015540171400512
B1626384532098N00315021EA015540171400512
B1626394532100N00315045EA015540171500512
B1626404532099N00315070EA015560171600512
B1626414532095N00315094EA015570171800512
B1626424532089N00315117EA015600172100512
B1626434532079N00315139EA015620172300512
B1626444532068N00315158EA015640172400512
B1626454532055N00315175EA015650172500512
B1626464532041N00315192EA015650172500512
B1626474532027N00315208EA015640172500512
B1626484532011N00315223EA015630172400512
B1626494531995N00315237EA015630172300512
B1626504531978N00315250EA015620172200512
K162650346016
B1626514531960N00315261EA015600172000512
B1626524531940N00315268EA015600172000512
LXNA::BAT:charging,100%,4.253V,12mA
B1626534531920N00315272EA015590171900512
LXNA::AVGSATSNR:39
B1626544531900N00315272EA015610172100512
B1626554531880N00315270EA015620172200512
B1626564531861N00315266EA015620172300512
B1626574531841N00315259EA015620172300512
B1626584531823N00315250EA015630172300512
B1626594531806N00315237EA015630172300512
B1627004531791N00315221EA015630172300612
B1627014531778N00315202EA015640172400612
B1627024531767N00315181EA015660172600612
B1627034531759N00315159EA015690172800612
B1627044531753N00315137EA015720173000612
B1627054531750N00315114EA015730173200612
B1627064531750N00315092EA015740173300612
B1627074531752N00315071EA015750173400612
B1627084531757N00315052EA015760173400612
B1627094531764N00315034EA015750173400612
B1627104531773N00315019EA015740173300612
B1627114531784N00315007EA015730173200612
B1627124531796N00314998EA015730173100612
B1627134531810N00314994EA015720173000612
B1627144531824N00314993EA015710173000612
B1627154531838N00314997EA015720173100612
B1627164531852N00315005EA015720173100612
B1627174531864N00315018EA015720173200612
B1627184531875N00315034EA015730173300612
B1627194531884N00315053EA015740173300612
B1627204531890N00315073EA015750173400612
B1627214531894N00315096EA015760173400612
B1627224531895N00315120EA015760173400612
B1627234531893N00315144EA015760173500612
B1627244531888N00315169EA015770173700612
B1627254531881N00315192EA015790173800612
B1627264531870N00315213EA015820174000612
B1627274531857N00315231EA015830174200612
B1627284531841N00315247EA015840174400612
B1627294531824N00315259EA015850174500612
B1627304531806N00315268EA015850174500612
B1627314531786N00315272EA015860174500612
B1627324531767N00315272EA015850174500612
B1627334531748N00315267EA015850174500612
B1627344531730N00315258EA015860174400612
B1627354531714N00315245EA015850174300612
B1627364531700N00315228EA015830174300612
K162736351020
B1627374531689N00315208EA015830174300612
B1627384531681N00315185EA015850174300612
B1627394531677N00315162EA015860174400612
B1627404531676N00315140EA015860174400612
B1627414531679N00315118EA015850174400612
B1627424531685N00315099EA015860174500612
B1627434531694N00315083EA015870174600612
B1627444531705N00315071EA015880174600612
B1627454531718N00315062EA015880174700612
B1627464531731N00315058EA015890174800612
B1627474531745N00315057EA015890174800612
B1627484531758N00315060EA015890174700612
B1627494531772N00315068EA015870174600612
B1627504531784N00315080EA015880174500612
B1627514531795N00315095EA015870174600612
B1627524531804N00315113EA015870174600612
B1627534531811N00315134EA015860174500612
B1627544531815N00315157EA015850174400612
LXNA::AVGSATSNR:40
B1627554531816N00315181EA015860174400612
B1627564531815N00315206EA015860174500612
B1627574531810N00315231EA015890174700612
B1627584531803N00315255EA015920175000612
B1627594531793N00315277EA015940175200612
B1628004531781N00315298EA015940175400612
B1628014531767N00315317EA015950175600612
B1628024531751N00315332EA015960175600612
B1628034531734N00315345EA015960175700612
B1628044531716N00315353EA015970175700612
B1628054531696N00315357EA015970175600612
B1628064531677N00315357EA015970175600612
B1628074531658N00315353EA015970175600612
B1628084531640N00315343EA015970175600612
B1628094531624N00315330EA015970175500612
B1628104531610N00315313EA015960175500612
B1628114531598N00315294EA015970175600612
B1628124531589N00315274EA015970175600612
B1628134531582N00315253EA015970175700612
B1628144531578N00315231EA015970175600612
B1628154531576N00315209EA015960175600612
B1628164531576N00315188EA015960175500612
B1628174531579N00315167EA015960175600612
B1628184531584N00315148EA015960175600612
B1628194531590N00315131EA015960175600612
B1628204531599N00315117EA015960175600612
B1628214531610N00315106EA015960175600612
B1628224531621N00315097EA015950175500612
B1628234531633N00315091EA015930175400612
B1628244531646N00315087EA015910175100612
B1628254531660N00315086EA015880174800612
B1628264531675N00315087EA015860174600612
B1628274531689N00315090EA015860174600612
B1628284531704N00315096EA015860174600612
B1628294531718N00315104EA015870174700612
B1628304531731N00315115EA015880174800612
K162830345019
B1628314531744N00315128EA015880174800612
B1628324531755N00315145EA015860174600612
B1628334531764N00315163EA015850174500612
B1628344531771N00315184EA015840174400612
B1628354531776N00315208EA015850174400612
B1628364531778N00315232EA015850174400612
B1628374531779N00315257EA015850174400612
B1628384531776N00315283EA015850174500612
B1628394531771N00315308EA015870174600612
B1628404531762N00315331EA015880174700612
B1628414531751N00315353EA015890174800612
B1628424531738N00315372EA015900175000612
B1628434531722N00315388EA015920175200612
B1628444531704N00315400EA015930175300612
B1628454531685N00315409EA015940175400612
B1628464531666N00315414EA015950175400612
B1628474531646N00315415EA015950175400612
B1628484531626N00315411EA015940175300612
B1628494531607N00315403EA015930175300612
B1628504531589N00315390EA015920175200612
B1628514531573N00315374EA015920175200612
B1628524531560N00315355EA015920175100612
B1628534531550N00315334EA015910175100612
B1628544531542N00315310EA015910175000612
B1628554531538N00315287EA015910175000612
LXNA::AVGSATSNR:40
B1628564531536N00315264EA015910175000612
B1628574531536N00315242EA015910175100612
B1628584531540N00315222EA015920175100612
B1628594531546N00315203EA015900175000612
B1629004531554N00315187EA015890174900612
B1629014531563N00315174EA015870174600612
B1629024531574N00315162EA015850174400612
B1629034531586N00315151EA015820174100612
B1629044531599N00315142EA015800173900612
B1629054531612N00315135EA015790173900612
B1629064531627N00315130EA015790173900612
B1629074531641N00315127EA015790173900612
B1629084531656N00315125EA015780173800612
B1629094531671N00315124EA015760173600612
B1629104531686N00315124EA015740173400612
B1629114531701N00315125EA015720173100612
B1629124531717N00315128EA015690172900612
B1629134531732N00315131EA015670172600612
B1629144531748N00315134EA015650172500612
B1629154531764N00315138EA015640172400612
B1629164531780N00315142EA015650172300612
B1629174531795N00315147EA015640172300612
B1629184531811N00315152EA015640172300612
B1629194531826N00315158EA015630172300612
B1629204531841N00315165EA015640172300612
B1629214531857N00315172EA015640172200612
B1629224531872N00315179EA015620172000612
B1629234531887N00315186EA015580171600612
B1629244531903N00315194EA015530171100612
B1629254531919N00315202EA015470170500612
B1629264531935N00315210EA015430170100612
B1629274531952N00315218EA015410169900612
B1629284531969N00315227EA015400169800612
B1629294531985N00315236EA015400169800612
B1629304532001N00315245EA015400169900612
B1629314532017N00315255EA015410169900612
B1629324532033N00315264EA015410169900612
B1629334532048N00315273EA015410169900612
B1629344532063N00315281EA015400169900612
B1629354532078N00315290EA015400169800612
B1629364532093N00315299EA015390169700612
B1629374532108N00315307EA015380169600612
B1629384532124N00315315EA015360169500612
B1629394532139N00315323EA015350169400612
B1629404532155N00315330EA015330169200612
B1629414532171N00315337EA015320169100612
B1629424532187N00315343EA015300168900612
B1629434532203N00315349EA015290168600612
B1629444532220N00315355EA015270168400612
B1629454532236N00315361EA015240168200612
B1629464532253N00315366EA015220168000612
B1629474532269N00315371EA015210167900612
B1629484532286N00315375EA015200167800612
B1629494532303N00315379EA015190167700612
B1629504532320N00315381EA015180167700612
B1629514532337N00315382EA015180167600612
B1629524532354N00315381EA015180167600612
B1629534532370N00315380EA015190167600612
LXNA::BAT:charging,100%,4.253V,12mA
B1629544532387N00315377EA015190167800612
B1629554532403N00315372EA015210167900612
B1629564532418N00315367EA015230168100612
B1629574532433N00315361EA015250168300612
B1629584532447N00315354EA015260168500612
LXNA::AVGSATSNR:39
B1629594532461N00315345EA015270168600612
B1630004532474N00315336EA015290168700612
B1630014532487N00315325EA015300168800612
B1630024532500N00315315EA015300168900612
B1630034532512N00315303EA015310168900612
B1630044532523N00315291EA015310168900612
B1630054532534N00315278EA015310168900612
B1630064532545N00315265EA015330169100612
B1630074532556N00315251EA015340169300612
B1630084532567N00315238EA015370169500612
B1630094532578N00315224EA015400169800612
B1630104532588N00315210EA015420170000612
B1630114532598N00315196EA015420170000612
B1630124532609N00315182EA015420169900612
B1630134532620N00315169EA015410169800612
B1630144532632N00315157EA015420169800612
B1630154532645N00315149EA015430169900612
B1630164532660N00315144EA015430170000612
B1630174532674N00315143EA015420170000612
B1630184532689N00315145EA015430170000612
B1630194532703N00315152EA015450170200612
B1630204532716N00315164EA015470170400612
B1630214532726N00315179EA015480170500612
B1630224532734N00315197EA015490170600612
F1630223005072120142215
B1630234532740N00315218EA015500170600612
B1630244532742N00315240EA015500170600612
B1630254532741N00315263EA015500170500612
B1630264532736N00315286EA015470170300612
B1630274532728N00315308EA015450170000612
B1630284532717N00315329EA015430169700612
B1630294532703N00315348EA015390169500612
B1630304532686N00315363EA015360169400612
B1630314532668N00315374EA015370169500612
B1630324532649N00315382EA015380169600612
B1630334532630N00315387EA015400169700612
B1630344532612N00315391EA015400169800612
B1630354532593N00315393EA015410169900612
B1630364532574N00315394EA015430170000612
B1630374532555N00315396EA015440170100612
B1630384532537N00315396EA015450170200612
B1630394532518N00315396EA015450170200612
B1630404532500N00315395EA015460170200612
B1630414532481N00315394EA015450170200612
B1630424532463N00315393EA015450170200612
B1630434532445N00315391EA015440170100612
B1630444532426N00315388EA015440170000612
B1630454532408N00315385EA015430170000612
B1630464532390N00315382EA015430169900612
B1630474532372N00315377EA015430169900612
B1630484532354N00315370EA015430169900612
B1630494532337N00315361EA015430169800612
B1630504532321N00315349EA015420169900612
B1630514532306N00315335EA015420169900612
B1630524532293N00315319EA015430169900612
B1630534532281N00315301EA015430170000612
B1630544532272N00315281EA015430170000612
B1630554532266N00315260EA015420169900612
B1630564532262N00315238EA015410169800612
B1630574532260N00315216EA015390169700612
B1630584532261N00315194EA015380169500612
B1630594532265N00315173EA015370169400612
LXNA::AVGSATSNR:39
B1631004532271N00315154EA015360169400612
B1631014532279N00315137EA015360169300612
B1631024532289N00315123EA015370169400612
B1631034532301N00315113EA015390169500612
B1631044532313N00315106EA015380169500612
B1631054532326N00315103EA015370169500612
B1631064532339N00315102EA015380169500612
B1631074532352N00315104EA015370169500612
B1631084532365N00315108EA015360169300612
B1631094532378N00315114EA015330169100612
B1631104532390N00315122EA015310168900612
B1631114532402N00315134EA015300168800612
B1631124532413N00315149EA015300168800612
B1631134532423N00315165EA015310169000612
B1631144532430N00315184EA015330169100612
B1631154532437N00315204EA015350169400612
B1631164532442N00315224EA015360169500612
B1631174532446N00315244EA015370169600612
B1631184532449N00315266EA015370169500612
B1631194532451N00315287EA015360169500612
B1631204532451N00315310EA015360169400612
B1631214532451N00315332EA015350169400612
B1631224532449N00315355EA015360169600612
B1631234532445N00315378EA015370169600612
B1631244532441N00315400EA015380169700612
B1631254532435N00315423EA015380169700612
B1631264532428N00315445EA015390169800612
B1631274532420N00315466EA015390169800612
B1631284532409N00315486EA015390169700612
B1631294532396N00315504EA015370169600612
B1631304532381N00315519EA015370169600612
B1631314532364N00315532EA015370169600612
K163131347018
B1631324532346N00315541EA015370169500612
B1631334532327N00315547EA015380169600612
B1631344532308N00315548EA015380169500612
B1631354532289N00315545EA015380169400612
B1631364532270N00315537EA015360169200612
B1631374532253N00315526EA015330169100612
B1631384532238N00315511EA015320168900612
B1631394532226N00315492EA015310168800612
B1631404532216N00315471EA015300168700612
B1631414532209N00315449EA015290168600612
B1631424532203N00315426EA015280168600612
B1631434532200N00315402EA015280168600612
B1631444532199N00315379EA015280168600612
B1631454532200N00315357EA015280168600612
B1631464532201N00315335EA015280168600612
B1631474532204N00315314EA015270168500612
B1631484532209N00315293EA015260168400612
B1631494532215N00315273EA015250168300612
B1631504532223N00315255EA015220168100612
B1631514532232N00315238EA015200167900612
B1631524532242N00315223EA015180167700612
B1631534532253N00315208EA015160167500612
K163153355019
B1631544532265N00315195EA015140167300612
B1631554532278N00315182EA015130167200612
B1631564532292N00315171EA015130167100612
B1631574532306N00315161EA015110167000612
B1631584532321N00315151EA015100166800612
B1631594532336N00315142EA015090166700612
B1632004532351N00315134EA015080166600612
LXNA::AVGSATSNR:38
B1632014532366N00315127EA015090166700612
B1632024532381N00315122EA015090166800612
B1632034532396N00315118EA015110166900612
B1632044532410N00315116EA015120167000612
B1632054532425N00315115EA015130167200612
B1632064532440N00315115EA015150167400612
B1632074532454N00315115EA015180167600612
B1632084532468N00315115EA015200167800612
B1632094532482N00315116EA015220168000612
B1632104532496N00315118EA015230168100612
B1632114532509N00315124EA015240168200612
B1632124532521N00315134EA015250168300612
B1632134532531N00315148EA015250168300612
B1632144532539N00315165EA015230168000612
B1632154532546N00315184EA015190167700612
B1632164532550N00315206EA015140167300612
B1632174532551N00315230EA015110166800612
B1632184532549N00315255EA015060166300612
B1632194532544N00315280EA015040166000612
B1632204532537N00315306EA015030166000612
B1632214532526N00315329EA015030166000612
B1632224532512N00315350EA015040166100612
B1632234532497N00315367EA015060166300612
B1632244532480N00315381EA015100166600612
B1632254532463N00315392EA015110166800612
B1632264532447N00315402EA015130166900612
B1632274532429N00315409EA015140167100612
B1632284532412N00315415EA015160167300612
B1632294532395N00315420EA015180167500612
B1632304532378N00315425EA015180167600612
B1632314532361N00315430EA015190167600612
B1632324532344N00315433EA015190167600612
B1632334532326N00315434EA015190167500612
B1632344532309N00315432EA015180167400612
B1632354532291N00315427EA015160167300612
B1632364532274N00315418EA015140167100612
B1632374532259N00315406EA015140167100612
B1632384532245N00315390EA015150167200612
B1632394532233N00315373EA015160167300612
B1632404532224N00315354EA015160167200612
B1632414532217N00315333EA015150167100612
B1632424532213N00315312EA015130167000612
B1632434532212N00315291EA015110166900612
B1632444532214N00315270EA015100166800612
B1632454532219N00315251EA015100166800612
B1632464532225N00315234EA015100166800612
B1632474532234N00315220EA015100166700612
B1632484532245N00315209EA015090166600612
B1632494532256N00315201EA015060166400612
B1632504532269N00315197EA015040166300612
B1632514532283N00315196EA015040166300612
B1632524532296N00315198EA015040166300612
B1632534532309N00315201EA015040166200612
B1632544532322N00315205EA015030166000612
LXNA::BAT:charging,100%,4.253V,6000mA
B1632554532335N00315211EA015010165800612
B1632564532348N00315220EA015000165700612
B1632574532359N00315231EA014990165600612
B1632584532370N00315244EA014980165600612
B1632594532378N00315261EA014990165600612
B1633004532385N00315280EA014990165700612
B1633014532389N00315301EA015000165800612
LXNA::AVGSATSNR:39
B1633024532390N00315323EA015020165900612
B1633034532390N00315346EA015020166100612
B1633044532389N00315369EA015040166300612
B1633054532386N00315391EA015050166300612
B1633064532381N00315414EA015050166300612
B1633074532375N00315435EA015040166300612
B1633084532367N00315456EA015020166100612
B1633094532357N00315476EA015000165800612
B1633104532346N00315495EA014990165800612
B1633114532334N00315513EA015000165800612
B1633124532320N00315529EA015010165900612
B1633134532305N00315543EA015010165900612
B1633144532289N00315554EA015010166000612
B1633154532272N00315564EA015020166100612
B1633164532255N00315570EA015030166200612
B1633174532237N00315575EA015030166200612
B1633184532219N00315577EA015040166300612
B1633194532201N00315578EA015050166400612
B1633204532184N00315579EA015060166500512
B1633214532166N00315579EA015060166500612
B1633224532148N00315579EA015080166500512
B1633234532130N00315577EA015080166500512
F163323300507212014221815
B1633244532112N00315574EA015070166300512
K163324344017
B1633254532094N00315567EA015050166100512
B1633264532078N00315556EA015010165900512
B1633274532063N00315541EA014990165700512
B1633284532050N00315523EA014980165600512
B1633294532041N00315503EA014980165600612
B1633304532034N00315482EA014980165600612
B1633314532030N00315460EA014990165500612
B1633324532029N00315438EA014990165500612
B1633334532030N00315417EA014970165400612
B1633344532033N00315397EA014960165300612
B1633354532039N00315378EA014960165300612
B1633364532046N00315362EA014960165300512
B1633374532055N00315348EA014960165300512
B1633384532065N00315338EA014950165200512
B1633394532076N00315330EA014960165200512
B1633404532089N00315326EA014940165100512
B1633414532101N00315325EA014930165100512
B1633424532114N00315326EA014930165100512
B1633434532126N00315330EA014920164900512
B1633444532138N00315335EA014910164800512
B1633454532151N00315342EA014890164600512
B1633464532163N00315350EA014870164500512
B1633474532175N00315359EA014860164400512
B1633484532187N00315369EA014860164300512
B1633494532200N00315380EA014860164400512
B1633504532212N00315391EA014880164400512
B1633514532224N00315402EA014870164400512
B1633524532237N00315414EA014880164400512
B1633534532249N00315425EA014880164400512
B1633544532262N00315436EA014870164400512
B1633554532274N00315448EA014860164300512
B1633564532285N00315462EA014850164100512
B1633574532295N00315479EA014830163900512
B1633584532304N00315497EA014820163800512
B1633594532312N00315518EA014800163700512
B1634004532318N00315539EA014790163700512
B1634014532324N00315561EA014800163700512
B1634024532329N00315584EA014790163700512
LXNA::AVGSATSNR:38
B1634034532333N00315607EA014790163700512
B1634044532336N00315630EA014790163600512
B1634054532338N00315654EA014790163600512
B1634064532339N00315679EA014770163500512
B1634074532340N00315704EA014780163500512
B1634084532339N00315729EA014780163500512
B1634094532337N00315755EA014790163600512
B1634104532333N00315779EA014800163700512
B1634114532328N00315804EA014810163800512
B1634124532321N00315827EA014810163800512
B1634134532312N00315849EA014810163700512
B1634144532301N00315869EA014790163700512
B1634154532287N00315887EA014780163600512
B1634164532272N00315901EA014770163600512
B1634174532256N00315913EA014770163500512
B1634184532239N00315920EA014770163400512
B1634194532221N00315925EA014770163400512
B1634204532203N00315925EA014770163300512
B1634214532186N00315923EA014750163200512
B1634224532169N00315917EA014720162900512
B1634234532153N00315908EA014710162600512
B1634244532138N00315896EA014660162300512
B1634254532123N00315881EA014630162000512
B1634264532111N00315864EA014620161800512
B1634274532100N00315845EA014610161800512
B1634284532090N00315825EA014610161800512
B1634294532082N00315803EA014610161800512
B1634304532074N00315782EA014600161700512
B1634314532068N00315760EA014580161600512
B1634324532062N00315737EA014560161400512
K163432328005
B1634334532057N00315715EA014540161200512
B1634344532053N00315691EA014540161100512
B1634354532048N00315668EA014530161000512
B1634364532043N00315644EA014540161000512
B1634374532038N00315620EA014530161000512
B1634384532033N00315596EA014550161100512
B1634394532028N00315573EA014580161400512
B1634404532023N00315550EA014600161600512
B1634414532019N00315528EA014630161800512
B1634424532016N00315506EA014640162100512
B1634434532014N00315484EA014670162300512
B1634444532013N00315462EA014680162500512
B1634454532012N00315440EA014710162600512
B1634464532012N00315418EA014710162700512
B1634474532013N00315396EA014710162700512
B1634484532014N00315375EA014710162700512
B1634494532017N00315354EA014710162700512
B1634504532021N00315333EA014710162800512
B1634514532028N00315314EA014710162800512
B1634524532037N00315298EA014700162600512
B1634534532048N00315284EA014660162400512
B1634544532061N00315274EA014630162100512
B1634554532075N00315268EA014610161900512
B1634564532090N00315267EA014610161800512
B1634574532104N00315272EA014620161800512
B1634584532118N00315282EA014610161800512
B1634594532130N00315294EA014620161900512
B1635004532140N00315311EA014640162100512
B1635014532148N00315329EA014660162300512
B1635024532154N00315350EA014680162400512
B1635034532159N00315372EA014680162400512
LXNA::AVGSATSNR:37
B1635044532160N00315395EA014680162400512
B1635054532160N00315420EA014680162300512
B1635064532158N00315444EA014650162000512
B1635074532152N00315469EA014630161800512
B1635084532145N00315492EA014610161600512
B1635094532136N00315516EA014590161500512
B1635104532125N00315537EA014580161400512
B1635114532112N00315557EA014570161300512
B1635124532098N00315575EA014560161200512
B1635134532082N00315590EA014560161300512
B1635144532066N00315602EA014570161400512
B1635154532049N00315612EA014590161700512
B1635164532032N00315619EA014620162000512
B1635174532016N00315625EA014650162400512
B1635184531999N00315630EA014690162700512
B1635194531983N00315635EA014720162900512
B1635204531967N00315639EA014730163000512
B1635214531951N00315642EA014740163100512
B1635224531934N00315643EA014750163100512
B1635234531918N00315642EA014730162900512
B1635244531902N00315637EA014700162700512
B1635254531887N00315628EA014670162400512
B1635264531874N00315615EA014650162200512
B1635274531862N00315600EA014630162000512
B1635284531853N00315581EA014630161900512
B1635294531846N00315562EA014610161600512
B1635304531841N00315541EA014580161400512
B1635314531839N00315520EA014560161000512
B1635324531838N00315498EA014510160700512
B1635334531839N00315476EA014500160600512
B1635344531842N00315454EA014520160700512
B1635354531846N00315434EA014540160900512
B1635364531852N00315416EA014570161200512
B1635374531859N00315399EA014600161500512
B1635384531867N00315385EA014630161900512
B1635394531875N00315371EA014660162100512
B1635404531883N00315359EA014680162300512
B1635414531892N00315347EA014680162300612
B1635424531901N00315337EA014670162200612
B1635434531912N00315329EA014650162000612
B1635444531923N00315323EA014610161500512
B1635454531935N00315321EA014560161000512
B1635464531948N00315323EA014530160700512
B1635474531961N00315328EA014510160500512
B1635484531974N00315337EA014500160400512
B1635494531985N00315349EA014510160600512
B1635504531994N00315364EA014530160800512
B1635514532002N00315382EA014550161000512
B1635524532007N00315401EA014550161100512
B1635534532011N00315422EA014560161100512
B1635544532012N00315444EA014560161000512
B1635554532012N00315466EA014550161000512
LXNA::BAT:charging,100%,4.252V,6000mA
B1635564532009N00315489EA014540160800512
B1635574532004N00315512EA014520160600512
B1635584531997N00315535EA014490160400512
B1635594531987N00315557EA014460160100512
B1636004531975N00315577EA014430159800512
B1636014531961N00315595EA014410159600512
B1636024531945N00315609EA014400159500512
B1636034531928N00315621EA014400159400512
B1636044531910N00315628EA014410159700512
LXNA::AVGSATSNR:40
B1636054531891N00315631EA014430159900512
B1636064531873N00315630EA014450160200512
B1636074531856N00315625EA014480160500512
B1636084531840N00315618EA014510160900512
B1636094531825N00315608EA014550161200512
B1636104531812N00315595EA014580161500512
B1636114531801N00315582EA014600161800512
B1636124531790N00315568EA014610161900512
B1636134531779N00315553EA014620161900512
B1636144531770N00315536EA014610161700512
B1636154531763N00315517EA014580161600512
B1636164531757N00315498EA014570161500512
B1636174531753N00315477EA014570161500512
B1636184531750N00315457EA014580161500512
B1636194531747N00315436EA014580161500512
K163619329019
B1636204531745N00315415EA014590161600512
B1636214531744N00315395EA014600161700512
B1636224531745N00315375EA014630161900512
B1636234531747N00315356EA014640162000512
B1636244531752N00315339EA014640162100512
B1636254531759N00315325EA014630162000512
B1636264531768N00315313EA014610161900512
B1636274531779N00315305EA014590161600512
B1636284531791N00315301EA014560161400512
B1636294531804N00315302EA014540161100512
B1636304531818N00315308EA014530160900512
B1636314531831N00315318EA014510160800512
B1636324531842N00315332EA014520160900512
B1636334531852N00315349EA014550161100512
B1636344531859N00315369EA014570161300512
B1636354531863N00315391EA014570161300512
B1636364531865N00315413EA014580161500512
B1636374531864N00315436EA014580161600512
B1636384531862N00315459EA014570161400512
B1636394531859N00315482EA014550161300512
B1636404531854N00315504EA014530161100512
B1636414531846N00315526EA014520160900512
B1636424531837N00315547EA014490160600512
B1636434531826N00315567EA014460160300512
B1636444531814N00315586EA014430160000512
B1636454531800N00315604EA014420159900512
B1636464531785N00315620EA014420159900512
B1636474531769N00315633EA014440160100512
B1636484531752N00315644EA014460160300512
B1636494531735N00315652EA014480160500512
B1636504531718N00315658EA014500160700512
B1636514531701N00315663EA014510160900512
B1636524531684N00315668EA014510160900512
B1636534531667N00315672EA014510160900512
B1636544531650N00315673EA014510160800512
F1636543005072120142215
B1636554531633N00315673EA014500160600512
B1636564531616N00315670EA014480160400512
B1636574531600N00315663EA014460160200512
B1636584531584N00315654EA014440160000512
B1636594531569N00315643EA014420159800512
B1637004531555N00315629EA014410159700512
B1637014531543N00315614EA014400159500512
B1637024531532N00315597EA014380159400512
B1637034531522N00315579EA014370159200512
B1637044531514N00315560EA014360159100512
B1637054531507N00315540EA014360159100512
LXNA::AVGSATSNR:39
B1637064531502N00315520EA014370159200512
B1637074531497N00315500EA014370159200512
B1637084531494N00315480EA014360159100512
B1637094531492N00315461EA014350159000512
B1637104531492N00315441EA014340158900512
B1637114531493N00315423EA014330158700512
B1637124531496N00315404EA014300158400512
B1637134531501N00315387EA014280158100512
B1637144531507N00315371EA014240157800512
B1637154531514N00315356EA014220157500512
B1637164531524N00315342EA014200157200512
B1637174531534N00315331EA014180157000512
B1637184531546N00315320EA014160156800512
B1637194531558N00315312EA014150156700512
B1637204531571N00315305EA014130156600512
B1637214531584N00315300EA014130156600512
B1637224531597N00315296EA014130156600512
B1637234531611N00315295EA014130156700512
B1637244531624N00315296EA014150156900512
B1637254531638N00315298EA014170157100612
B1637264531651N00315301EA014190157300612
B1637274531664N00315306EA014200157500612
B1637284531677N00315310EA014210157500712
B1637294531690N00315315EA014210157600712
B1637304531703N00315321EA014210157600712
B1637314531716N00315326EA014210157600712
B1637324531729N00315333EA014220157700712
B1637334531742N00315339EA014230157900712
B1637344531755N00315345EA014250158000712
B1637354531768N00315351EA014260158200712
B1637364531780N00315358EA014270158200712
B1637374531793N00315364EA014270158300712
B1637384531805N00315371EA014280158500712
B1637394531818N00315378EA014300158700712
B1637404531830N00315383EA014310158900712
B1637414531843N00315388EA014320159000712
B1637424531856N00315393EA014330159000712
B1637434531869N00315397EA014330159000712
B1637444531882N00315401EA014320158900712
B1637454531896N00315405EA014310158800712
B1637464531909N00315408EA014310158800712
B1637474531923N00315410EA014310158700712
B1637484531937N00315412EA014310158700712
B1637494531951N00315415EA014310158700712
B1637504531965N00315418EA014310158700712
B1637514531978N00315421EA014320158800712
B1637524531991N00315425EA014320158800712
B1637534532004N00315429EA014340158800712
B1637544532017N00315433EA014340158800712
B1637554532030N00315437EA014310158600712
B1637564532043N00315442EA014300158400712
B1637574532056N00315448EA014270158200712
B1637584532069N00315455EA014260158100712
B1637594532082N00315462EA014250158100712
B1638004532096N00315468EA014250158000712
B1638014532110N00315474EA014250158000712
B1638024532124N00315480EA014250157900712
B1638034532139N00315485EA014230157900712
B1638044532153N00315489EA014220157700712
B1638054532168N00315494EA014210157600712
B1638064532184N00315499EA014190157400712
LXNA::AVGSATSNR:38
B1638074532199N00315504EA014180157300712
B1638084532214N00315509EA014170157100712
B1638094532230N00315514EA014150157100712
B1638104532245N00315518EA014160157000712
B1638114532260N00315521EA014160157000712
B1638124532275N00315524EA014160157100712
B1638134532290N00315527EA014160157100712
B1638144532304N00315530EA014160157100712
B1638154532318N00315532EA014150157000712
B1638164532332N00315534EA014140156800712
B1638174532346N00315537EA014120156600712
B1638184532360N00315539EA014080156300712
B1638194532375N00315541EA014050155900712
B1638204532389N00315544EA014030155700712
B1638214532403N00315546EA014000155400712
B1638224532418N00315549EA013990155300712
B1638234532433N00315551EA013970155200712
B1638244532447N00315554EA013980155200712
B1638254532461N00315557EA013990155400712
B1638264532475N00315560EA014010155600712
B1638274532488N00315563EA014030155700612
B1638284532501N00315567EA014040155900612
B1638294532514N00315571EA014060156100612
B1638304532526N00315575EA014070156300612
B1638314532539N00315579EA014070156300612
B1638324532552N00315582EA014070156300612
B1638334532565N00315586EA014070156300612
B1638344532579N00315589EA014070156300612
B1638354532593N00315592EA014080156300612
B1638364532607N00315594EA014080156200612
B1638374532620N00315596EA014080156300612
B1638384532634N00315599EA014100156500612
B1638394532648N00315602EA014130156800612
B1638404532661N00315605EA014170157300612
B1638414532674N00315609EA014200157600612
B1638424532686N00315614EA014220157900612
B1638434532697N00315619EA014240157900612
B1638444532708N00315626EA014240157900612
B1638454532719N00315635EA014230157600612
B1638464532729N00315649EA014190157300612
B1638474532737N00315666EA014140156900612
B1638484532743N00315687EA014110156400612
B1638494532746N00315710EA014070156100612
B1638504532746N00315736EA014030155800612
B1638514532742N00315762EA014020155600612
B1638524532734N00315788EA014040155600612
B1638534532723N00315811EA014060155800612
B1638544532710N00315830EA014060156000612
B1638554532695N00315846EA014090156200612
B1638564532678N00315858EA014100156300612
LXNA::BAT:charging,100%,4.252V,6000mA
B1638574532660N00315867EA014110156300612
B1638584532642N00315871EA014100156300612
B1638594532624N00315871EA014090156200612
B1639004532606N00315868EA014080156100612
B1639014532590N00315861EA014070155900612
B1639024532574N00315850EA014050155600612
B1639034532560N00315837EA014010155400612
B1639044532548N00315820EA013990155200612
B1639054532539N00315802EA013980155100612
B1639064532532N00315782EA013970155000612
B1639074532527N00315761EA013970155000612
LXNA::AVGSATSNR:39
B1639084532525N00315740EA013980155200612
B1639094532525N00315719EA014000155400612
B1639104532526N00315699EA014010155400612
B1639114532527N00315679EA014000155300612
B1639124532529N00315660EA013990155100612
B1639134532532N00315640EA013970155000612
B1639144532534N00315620EA013960154900612
B1639154532537N00315599EA013960154900612
B1639164532540N00315579EA013970155000612
B1639174532544N00315558EA013990155200612
B1639184532547N00315538EA014000155300612
B1639194532549N00315517EA014020155500612
B1639204532551N00315497EA014030155500612
K163920329019
B1639214532553N00315476EA014020155400612
B1639224532555N00315455EA014010155300612
B1639234532556N00315433EA014000155200612
B1639244532558N00315412EA014000155200612
B1639254532560N00315392EA014010155200612
B1639264532564N00315372EA014010155200612
B1639274532569N00315354EA014000155200612
B1639284532575N00315336EA014000155200612
B1639294532580N00315318EA013980155000612
B1639304532585N00315299EA013970154900612
B1639314532590N00315279EA013940154700612
B1639324532593N00315259EA013930154500612
B1639334532597N00315238EA013920154500612
B1639344532599N00315216EA013920154400612
B1639354532600N00315193EA013920154400612
B1639364532600N00315171EA013930154500612
B1639374532600N00315148EA013930154600612
B1639384532598N00315126EA013940154600612
B1639394532596N00315103EA013940154600612
B1639404532595N00315080EA013930154600612
B1639414532593N00315058EA013930154500612
B1639424532591N00315035EA013920154400612
B1639434532589N00315012EA013900154200612
B1639444532589N00314990EA013880154100612
B1639454532588N00314967EA013870154000612
B1639464532588N00314945EA013860153800612
B1639474532588N00314922EA013840153600612
B1639484532589N00314900EA013810153400612
B1639494532589N00314877EA013790153100612
B1639504532589N00314855EA013770152900612
B1639514532589N00314831EA013750152600612
B1639524532589N00314808EA013730152400612
B1639534532588N00314785EA013720152300612
B1639544532588N00314761EA013730152400612
B1639554532587N00314738EA013730152400612
F163955300507212014221815
B1639564532586N00314716EA013740152500612
B1639574532585N00314693EA013730152400612
B1639584532583N00314671EA013710152200612
B1639594532581N00314649EA013690152000612
B1640004532579N00314626EA013680151800612
B1640014532577N00314604EA013650151600612
B1640024532574N00314581EA013630151400612
B1640034532571N00314558EA013620151200612
B1640044532569N00314534EA013600151000612
B1640054532566N00314511EA013590150900612
B1640064532563N00314488EA013580150900612
B1640074532561N00314465EA013580150800612
B1640084532559N00314443EA013580150800612
B1640094532556N00314421EA013570150800612
LXNA::AVGSATSNR:38
B1640104532554N00314399EA013560150700612
B1640114532552N00314377EA013550150600612
B1640124532550N00314355EA013530150400612
B1640134532547N00314333EA013510150100612
B1640144532543N00314311EA013490149800612
B1640154532539N00314288EA013450149500612
B1640164532535N00314265EA013410149100612
B1640174532531N00314241EA013390148800612
B1640184532527N00314216EA013360148600612
B1640194532522N00314191EA013350148500612
B1640204532517N00314165EA013330148300612
B1640214532512N00314140EA013320148200612
B1640224532506N00314115EA013320148200612
B1640234532500N00314090EA013330148200612
B1640244532494N00314065EA013340148300612
B1640254532488N00314041EA013350148500612
B1640264532482N00314017EA013380148800612
B1640274532476N00313993EA013410149000612
B1640284532470N00313970EA013430149200612
B1640294532464N00313948EA013450149300612
B1640304532457N00313925EA013460149400612
B1640314532450N00313904EA013470149500612
B1640324532443N00313882EA013460149400612
B1640334532435N00313861EA013460149400612
B1640344532426N00313840EA013450149400612
B1640354532418N00313819EA013450149300612
B1640364532409N00313798EA013440149200612
B1640374532401N00313777EA013440149200612
B1640384532392N00313755EA013440149100612
B1640394532384N00313734EA013430149100612
B1640404532376N00313713EA013420148900612
B1640414532368N00313691EA013410148900612
B1640424532359N00313670EA013420148900612
B1640434532351N00313649EA013410148800612
B1640444532342N00313628EA013410148700612
B1640454532334N00313607EA013410148700612
B1640464532326N00313586EA013410148800612
B1640474532318N00313565EA013430149000612
B1640484532310N00313545EA013430149100612
B1640494532301N00313526EA013430149100612
B1640504532291N00313507EA013430149000612
B1640514532280N00313489EA013410148800612
B1640524532269N00313470EA013390148600612
B1640534532256N00313453EA013370148400612
B1640544532243N00313436EA013350148100612
B1640554532228N00313420EA013320147900612
B1640564532212N00313406EA013300147600612
B1640574532196N00313392EA013290147400612
B1640584532179N00313379EA013270147200612
B1640594532162N00313368EA013250147100612
B1641004532144N00313358EA013240147000512
B1641014532126N00313349EA013230146900512
B1641024532107N00313341EA013220146800512
B1641034532089N00313335EA013220146800512
B1641044532070N00313329EA013210146700512
B1641054532051N00313324EA013200146700512
B1641064532032N00313321EA013190146600512
B1641074532014N00313319EA013190146600512
B1641084531995N00313320EA013180146500512
B1641094531976N00313323EA013160146400512
B1641104531957N00313327EA013150146200512
LXNA::AVGSATSNR:38
B1641114531939N00313334EA013130146000512
B1641124531921N00313342EA013100145700512
B1641134531903N00313352EA013070145400512
B1641144531886N00313365EA013050145100512
B1641154531869N00313379EA013020144800512
B1641164531853N00313395EA012990144600512
B1641174531838N00313413EA012980144400512
B1641184531824N00313433EA012960144200512
B1641194531812N00313453EA012960144200512
B1641204531800N00313474EA012960144200512
B1641214531790N00313496EA012960144200512
B1641224531780N00313517EA012970144300512
B1641234531771N00313539EA012980144300512
B1641244531763N00313561EA012980144400512
B1641254531756N00313583EA012960144300512
B1641264531749N00313606EA012960144200512
B1641274531742N00313628EA012940144100512
B1641284531735N00313651EA012920144000512
B1641294531728N00313675EA012910143900512
B1641304531721N00313698EA012910143800512
B1641314531714N00313722EA012900143700512
B1641324531707N00313746EA012880143500512
B1641334531700N00313770EA012860143300512
B1641344531693N00313795EA012840143100512
B1641354531687N00313820EA012830143000512
B1641364531682N00313845EA012810142700512
B1641374531677N00313871EA012780142400512
B1641384531672N00313897EA012750142100512
B1641394531667N00313923EA012720141800512
B1641404531663N00313949EA012690141500512
B1641414531659N00313976EA012660141200512
B1641424531656N00314003EA012650141100512
B1641434531652N00314029EA012650141000512
B1641444531648N00314056EA012640141000512
B1641454531645N00314082EA012640141000512
B1641464531641N00314108EA012640141000512
B1641474531636N00314133EA012630141000512
B1641484531632N00314159EA012630141000512
B1641494531627N00314184EA012630141000512
B1641504531622N00314208EA012640141000512
B1641514531617N00314233EA012630141000512
B1641524531613N00314257EA012610140900512
B1641534531608N00314282EA012590140600512
B1641544531604N00314307EA012570140400512
B1641554531600N00314332EA012550140100512
B1641564531596N00314357EA012530140000512
B1641574531593N00314382EA012510139700512
LXNA::BAT:charging,100%,4.252V,6000mA
B1641584531589N00314407EA012490139500512
B1641594531585N00314432EA012470139300612
B1642004531580N00314456EA012450139100612
B1642014531574N00314481EA012440138900512
B1642024531566N00314505EA012410138700512
B1642034531557N00314527EA012400138500512
B1642044531547N00314549EA012390138400512
B1642054531535N00314569EA012380138300512
B1642064531522N00314588EA012380138300512
B1642074531508N00314605EA012370138200512
B1642084531494N00314621EA012370138100512
B1642094531479N00314636EA012360138000512
B1642104531464N00314650EA012360137900512
B1642114531448N00314664EA012350137800512
LXNA::AVGSATSNR:38
B1642124531432N00314677EA012350137700512
B1642134531416N00314690EA012340137600512
B1642144531400N00314703EA012340137600512
B1642154531384N00314716EA012330137500512
B1642164531367N00314730EA012330137400512
B1642174531351N00314743EA012320137300512
B1642184531335N00314758EA012310137300512
B1642194531318N00314773EA012310137200512
B1642204531302N00314788EA012300137200512
B1642214531285N00314804EA012310137300512
K164221329019
B1642224531269N00314819EA012310137300512
B1642234531252N00314834EA012330137400512
B1642244531234N00314848EA012350137600512
B1642254531217N00314863EA012360137800512
B1642264531200N00314876EA012380138000512
B1642274531182N00314888EA012400138200512
B1642284531164N00314899EA012420138500512
B1642294531146N00314909EA012460138700512
B1642304531128N00314918EA012470138800512
B1642314531110N00314927EA012460138800512
B1642324531092N00314934EA012450138700512
B1642334531073N00314941EA012460138800512
B1642344531054N00314947EA012470138900512
B1642354531035N00314953EA012480139000512
B1642364531016N00314959EA012490139100612
B1642374530997N00314964EA012500139200612
B1642384530978N00314967EA012500139300612
B1642394530959N00314968EA012510139300612
B1642404530940N00314965EA012500139200512
B1642414530921N00314959EA012490139200512
B1642424530904N00314949EA012490139200512
B1642434530887N00314937EA012490139200512
B1642444530872N00314922EA012490139200512
B1642454530858N00314905EA012490139200512
B1642464530846N00314886EA012490139100512
B1642474530836N00314865EA012480139100512
B1642484530827N00314844EA012470139100512
B1642494530821N00314821EA012470139000512
B1642504530816N00314797EA012470139000512
B1642514530813N00314773EA012460139000512
B1642524530812N00314750EA012470139000512
B1642534530813N00314726EA012470139100512
B1642544530816N00314704EA012490139200512
B1642554530820N00314683EA012500139300512
B1642564530826N00314663EA012510139400512
F16425630050721242014221815
B1642574530833N00314644EA012510139500512
B1642584530841N00314627EA012510139500512
B1642594530850N00314611EA012510139500512
B1643004530859N00314595EA012510139400512
B1643014530868N00314580EA012500139300512
B1643024530878N00314565EA012480139100512
B1643034530888N00314551EA012470139000512
B1643044530899N00314538EA012450138800512
B1643054530910N00314526EA012440138700512
B1643064530921N00314514EA012420138500512
B1643074530933N00314503EA012400138300512
B1643084530945N00314494EA012390138100512
B1643094530959N00314486EA012390138100512
B1643104530972N00314481EA012390138200512
B1643114530986N00314477EA012400138200512
B1643124531000N00314476EA012400138200512
LXNA::AVGSATSNR:40
B1643134531013N00314477EA012390138200512
B1643144531026N00314482EA012390138100512
B1643154531039N00314489EA012380138000512
B1643164531051N00314498EA012370137900512
B1643174531062N00314511EA012370137800512
B1643184531072N00314526EA012350137700512
B1643194531081N00314543EA012340137600512
B1643204531089N00314561EA012330137500512
B1643214531095N00314581EA012320137400512
B1643224531101N00314602EA012310137300512
B1643234531105N00314623EA012300137300512
B1643244531108N00314646EA012300137300512
B1643254531111N00314669EA012310137400512
B1643264531112N00314692EA012310137500512
B1643274531113N00314716EA012320137600512
B1643284531114N00314739EA012330137700512
B1643294531115N00314763EA012330137600512
B1643304531115N00314787EA012310137500512
B1643314531116N00314812EA012310137500512
B1643324531117N00314837EA012310137400512
B1643334531119N00314862EA012300137300512
B1643344531120N00314888EA012300137300512
B1643354531122N00314913EA012290137200512
B1643364531125N00314939EA012290137200612
B1643374531127N00314965EA012290137200612
B1643384531130N00314991EA012300137300512
B1643394531133N00315017EA012300137300512
B1643404531137N00315043EA012290137300512
B1643414531140N00315069EA012290137300512
B1643424531144N00315095EA012300137400512
B1643434531149N00315121EA012310137400512
B1643444531153N00315146EA012310137400512
B1643454531158N00315171EA012310137400512
B1643464531164N00315196EA012300137300512
B1643474531170N00315221EA012280137200512
B1643484531176N00315245EA012270137000512
B1643494531183N00315270EA012260136900512
B1643504531189N00315294EA012240136800512
B1643514531196N00315319EA012230136700512
B1643524531202N00315344EA012230136700512
B1643534531208N00315368EA012230136700512
B1643544531214N00315393EA012220136600512
B1643554531219N00315418EA012220136600512
B1643564531224N00315442EA012220136500512
B1643574531229N00315466EA012210136400512
B1643584531234N00315491EA012210136400512
B1643594531240N00315515EA012200136300512
B1644004531246N00315539EA012190136100512
B1644014531252N00315563EA012170135900512
B1644024531259N00315587EA012140135700512
B1644034531266N00315611EA012110135400512
B1644044531273N00315635EA012090135100512
B1644054531281N00315660EA012080135000512
B1644064531289N00315684EA012070134900512
B1644074531298N00315708EA012070134800512
B1644084531307N00315732EA012070134800512
B1644094531316N00315755EA012070134800512
B1644104531325N00315778EA012060134700512
B1644114531334N00315801EA012060134700512
B1644124531343N00315824EA012050134700512
B1644134531352N00315847EA012060134800512
LXNA::AVGSATSNR:39
B1644144531361N00315869EA012080134900512
B1644154531369N00315890EA012080134900712
B1644164531377N00315912EA012070134800712
B1644174531385N00315933EA012050134500712
B1644184531392N00315955EA012020134200712
B1644194531399N00315978EA011990133800612
B1644204531406N00316002EA011960133500612
B1644214531412N00316027EA011920133200612
B1644224531418N00316052EA011890132900612
B1644234531423N00316077EA011870132700612
B1644244531429N00316103EA011860132600612
B1644254531434N00316130EA011840132500612
B1644264531438N00316156EA011840132400512
B1644274531443N00316181EA011830132300612
B1644284531447N00316207EA011820132200512
B1644294531451N00316232EA011810132100512
B1644304531456N00316257EA011810132000512
B1644314531462N00316281EA011800132000512
B1644324531468N00316305EA011800131900512
B1644334531474N00316328EA011790131900512
B1644344531482N00316350EA011780131700512
B1644354531490N00316372EA011760131600512
B1644364531498N00316393EA011730131300512
B1644374531507N00316414EA011710131000612
B1644384531516N00316435EA011690130700612
B1644394531525N00316456EA011660130500612
B1644404531534N00316478EA011640130300612
B1644414531543N00316499EA011630130200612
B1644424531552N00316520EA011620130100612
B1644434531562N00316541EA011620130100612
B1644444531571N00316561EA011620130100612
B1644454531581N00316580EA011620130000612
B1644464531591N00316599EA011620129900612
B1644474531600N00316617EA011610129800512
B1644484531611N00316635EA011590129500512
B1644494531621N00316654EA011550129200512
B1644504531631N00316673EA011530128900512
B1644514531642N00316692EA011500128600512
B1644524531652N00316712EA011480128500512
B1644534531663N00316733EA011470128400512
B1644544531673N00316753EA011480128500512
B1644554531684N00316773EA011490128600512
B1644564531694N00316793EA011500128700512
B1644574531704N00316813EA011510128800512
B1644584531713N00316833EA011520129000512
LXNA::BAT:charging,100%,4.253V,12mA
B1644594531722N00316853EA011540129200512
B1645004531730N00316873EA011550129300512
B1645014531738N00316893EA011560129400512
B1645024531746N00316914EA011560129400612
B1645034531754N00316934EA011560129300612
B1645044531761N00316954EA011550129200612
B1645054531769N00316975EA011530129100612
B1645064531777N00316995EA011520129000612
B1645074531785N00317015EA011510128900612
B1645084531794N00317035EA011510128900612
B1645094531803N00317055EA011500128800612
B1645104531811N00317075EA011490128600612
B1645114531820N00317094EA011470128400612
B1645124531830N00317112EA011450128200612
K164512008016
B1645134531840N00317131EA011430128000512
B1645144531849N00317149EA011410127800512
LXNA::AVGSATSNR:40
B1645154531859N00317168EA011400127700512
B1645164531869N00317187EA011390127700512
B1645174531878N00317205EA011380127600512
B1645184531887N00317224EA011380127600512
B1645194531896N00317243EA011370127500512
B1645204531905N00317261EA011370127500512
B1645214531913N00317280EA011360127400512
B1645224531922N00317298EA011360127300512
B1645234531930N00317316EA011350127300512
B1645244531939N00317333EA011340127200512
B1645254531948N00317351EA011330127000512
B1645264531957N00317368EA011320126900512
B1645274531966N00317385EA011300126700512
B1645284531975N00317402EA011290126500512
B1645294531984N00317420EA011270126300512
B1645304531993N00317438EA011240126100512
B1645314532002N00317456EA011220125900512
B1645324532011N00317474EA011200125700512
B1645334532021N00317492EA011190125500512
B1645344532032N00317509EA011170125300512
B1645354532043N00317526EA011150125100512
B1645364532055N00317543EA011130124900512
B1645374532066N00317560EA011120124700512
B1645384532078N00317576EA011110124600512
B1645394532090N00317593EA011090124500512
B1645404532102N00317609EA011070124300512
B1645414532114N00317625EA011070124300512
B1645424532125N00317640EA011060124300512
B1645434532136N00317656EA011060124200512
B1645444532147N00317672EA011050124100512
B1645454532158N00317687EA011030123900512
B1645464532168N00317703EA011010123700512
B1645474532179N00317719EA010980123400512
B1645484532189N00317735EA010950123100512
B1645494532200N00317752EA010930122800512
B1645504532211N00317768EA010910122700512
B1645514532221N00317785EA010900122600612
B1645524532232N00317802EA010890122500612
B1645534532243N00317818EA010880122300612
B1645544532254N00317835EA010870122200612
B1645554532264N00317851EA010850122000612
B1645564532275N00317867EA010830121900612
B1645574532286N00317883EA010820121800612
B1645584532298N00317898EA010810121700612
B1645594532309N00317913EA010800121500612
B1646004532321N00317928EA010790121400512
B1646014532332N00317942EA010790121400512
B1646024532344N00317956EA010790121400512
B1646034532356N00317970EA010780121300512
B1646044532368N00317982EA010770121300512
B1646054532381N00317995EA010770121200512
B1646064532393N00318007EA010750121000512
B1646074532405N00318019EA010740120800512
B1646084532417N00318031EA010730120700512
B1646094532430N00318043EA010710120600512
B1646104532442N00318055EA010710120600512
B1646114532454N00318067EA010710120600512
B1646124532465N00318080EA010710120600512
B1646134532477N00318092EA010700120600512
B1646144532488N00318105EA010700120600512
B1646154532499N00318118EA010690120400512
B1646164532511N00318131EA010670120200512
B1646174532523N00318143EA010640119900512
B1646184532535N00318155EA010630119700512
LXNA::AVGSATSNR:40
B1646194532547N00318167EA010590119400512
B1646204532559N00318180EA010580119200512
B1646214532571N00318193EA010560119000512
B1646224532583N00318207EA010560118900512
B1646234532594N00318221EA010540118900512
B1646244532605N00318236EA010540118800512
B1646254532615N00318252EA010540118800512
B1646264532625N00318267EA010540118800512
B1646274532634N00318283EA010530118700512
B1646284532644N00318298EA010530118700512
B1646294532653N00318314EA010520118600512
B1646304532662N00318330EA010510118600512
B1646314532671N00318346EA010500118500512
B1646324532679N00318362EA010500118400512
F164632300507212420142215
B1646334532688N00318379EA010480118200512
B1646344532695N00318396EA010460118100512
B1646354532703N00318414EA010440117900512
B1646364532710N00318432EA010420117700512
B1646374532717N00318451EA010400117500512
B1646384532724N00318469EA010390117400512
B1646394532731N00318488EA010380117300512
B1646404532738N00318507EA010370117200512
B1646414532745N00318525EA010370117000512
B1646424532752N00318544EA010350116900512
B1646434532760N00318562EA010330116600512
B1646444532767N00318581EA010310116400512
B1646454532775N00318600EA010280116200512
B1646464532783N00318620EA010270116000512
B1646474532791N00318639EA010250116000512
B1646484532799N00318658EA010260115900512
B1646494532807N00318677EA010250115800512
B1646504532815N00318695EA010230115700512
B1646514532823N00318714EA010230115600612
B1646524532832N00318732EA010220115500612
B1646534532840N00318751EA010200115400612
B1646544532849N00318769EA010190115200612
B1646554532857N00318787EA010170115000612
B1646564532866N00318805EA010150114800612
B1646574532875N00318823EA010140114700612
B1646584532884N00318841EA010130114600612
B1646594532893N00318859EA010130114600612
B1647004532902N00318876EA010110114400612
B1647014532911N00318894EA010080114200512
B1647024532919N00318913EA010060114000612
B1647034532927N00318932EA010050113800512
B1647044532933N00318952EA010040113700512
B1647054532939N00318972EA010040113700512
B1647064532944N00318994EA010040113700512
B1647074532948N00319015EA010040113700512
B1647084532950N00319038EA010040113700512
B1647094532951N00319061EA010040113800512
B1647104532951N00319084EA010040113800512
B1647114532949N00319107EA010040113900512
B1647124532945N00319131EA010040113900612
B1647134532939N00319154EA010050114000612
B1647144532932N00319176EA010050114000512
B1647154532922N00319197EA010060114100512
B1647164532912N00319218EA010060114100512
B1647174532900N00319238EA010060114100512
B1647184532888N00319257EA010050114000512
B1647194532875N00319277EA010040113900512
LXNA::AVGSATSNR:39
B1647204532862N00319296EA010040113800512
B1647214532849N00319315EA010030113700512
B1647224532835N00319334EA010020113600512
B1647234532820N00319353EA010010113600512
B1647244532805N00319371EA010010113500512
B1647254532790N00319390EA010010113400512
B1647264532774N00319408EA010000113400512
B1647274532758N00319425EA009990113300512
B1647284532742N00319443EA009980113200512
B1647294532726N00319460EA009970113000512
B1647304532709N00319477EA009950112800512
B1647314532692N00319494EA009950112700512
B1647324532674N00319510EA009930112500512
B1647334532656N00319525EA009920112400512
B1647344532637N00319539EA009910112300512
B1647354532617N00319551EA009900112200512
B1647364532596N00319561EA009890112100512
B1647374532575N00319568EA009880112000512
B1647384532553N00319572EA009870111800512
B1647394532531N00319572EA009850111700512
B1647404532509N00319568EA009830111500512
B1647414532487N00319561EA009800111300512
B1647424532466N00319550EA009780111000512
B1647434532447N00319535EA009770110800512
B1647444532428N00319516EA009730110500512
B1647454532412N00319495EA009700110300512
B1647464532397N00319471EA009690110000512
B1647474532383N00319447EA009670109900512
B1647484532369N00319422EA009660109800512
B1647494532357N00319397EA009650109700512
B1647504532344N00319371EA009650109600512
B1647514532332N00319346EA009630109500512
B1647524532321N00319320EA009620109300512
B1647534532310N00319294EA009610109300512
B1647544532299N00319267EA009600109200512
B1647554532289N00319241EA009590109100512
B1647564532280N00319214EA009600109100512
B1647574532271N00319187EA009600109200512
B1647584532263N00319160EA009620109300512
B1647594532255N00319133EA009630109400512
LXNA::BAT:charging,100%,4.253V,6000mA
B1648004532247N00319106EA009640109400512
B1648014532239N00319079EA009640109400512
B1648024532232N00319052EA009640109400512
B1648034532225N00319025EA009640109400512
B1648044532218N00318997EA009640109300512
B1648054532211N00318970EA009630109200512
B1648064532204N00318942EA009620109100512
B1648074532197N00318914EA009600108800512
B1648084532190N00318886EA009560108500512
B1648094532183N00318858EA009540108300512
B1648104532176N00318830EA009520108100512
B1648114532169N00318802EA009490107800512
B1648124532162N00318774EA009470107600512
B1648134532155N00318745EA009450107400512
K164813008016
B1648144532148N00318716EA009430107200512
B1648154532140N00318688EA009410106900512
B1648164532131N00318659EA009380106600512
B1648174532122N00318630EA009360106300512
B1648184532113N00318601EA009330106000512
B1648194532103N00318573EA009310105800512
B1648204532094N00318544EA009290105600512
B1648214532084N00318515EA009280105600512
B1648224532076N00318486EA009280105500512
LXNA::AVGSATSNR:39
B1648234532067N00318457EA009270105500512
B1648244532059N00318428EA009260105400512
B1648254532051N00318399EA009250105200512
B1648264532044N00318370EA009240105100512
B1648274532037N00318342EA009230105000512
B1648284532030N00318313EA009220104900512
B1648294532023N00318284EA009200104700512
B1648304532017N00318255EA009180104600512
B1648314532011N00318226EA009180104600512
B1648324532005N00318198EA009180104600512
B1648334532000N00318170EA009190104700512
B1648344531995N00318142EA009190104700512
B1648354531990N00318115EA009190104700512
B1648364531986N00318088EA009180104500512
B1648374531981N00318061EA009160104400512
B1648384531976N00318034EA009150104200512
B1648394531971N00318006EA009140104000612
B1648404531966N00317979EA009090103700512
B1648414531960N00317952EA009050103400612
B1648424531955N00317925EA009010103000512
B1648434531949N00317899EA008980102500612
B1648444531943N00317872EA008930102000612
B1648454531937N00317845EA008870101500612
B1648464531932N00317818EA008820100900512
B1648474531926N00317790EA008760100300512
B1648484531920N00317762EA008700099700512
B1648494531915N00317734EA008640099100612
B1648504531909N00317705EA008580098600512
B1648514531905N00317677EA008540098200512
B1648524531900N00317648EA008500097700512
B1648534531895N00317620EA008450097200612
B1648544531891N00317591EA008400096700512
K164854331010
B1648554531886N00317562EA008350096200512
B1648564531882N00317534EA008310095800512
B1648574531878N00317505EA008260095300512
B1648584531874N00317477EA008210094800512
B1648594531871N00317448EA008170094300512
B1649004531867N00317420EA008110093800512
B1649014531863N00317392EA008060093300512
B1649024531859N00317363EA008020092800512
B1649034531855N00317334EA007970092400512
B1649044531851N00317306EA007930091900512
B1649054531847N00317278EA007890091500512
B1649064531842N00317249EA007850091100612
B1649074531838N00317221EA007800090600612
B1649084531833N00317193EA007740090100612
B1649094531827N00317165EA007710089600512
B1649104531822N00317137EA007660089100612
B1649114531816N00317109EA007630088700612
B1649124531810N00317082EA007590088300512
B1649134531804N00317054EA007560087900612
B1649144531799N00317026EA007510087500512
B1649154531794N00316998EA007470087100512
B1649164531791N00316970EA007440086800512
B1649174531788N00316942EA007400086400512
B1649184531786N00316915EA007380086100512
B1649194531785N00316888EA007360085800512
B1649204531785N00316861EA007330085600512
B1649214531787N00316835EA007300085300512
B1649224531791N00316811EA007270085000512
B1649234531796N00316788EA007250084700512
LXNA::AVGSATSNR:39
B1649244531803N00316767EA007230084500512
B1649254531812N00316748EA007210084300512
B1649264531822N00316731EA007190084100512
B1649274531834N00316718EA007180083900512
B1649284531846N00316708EA007150083700512
B1649294531860N00316700EA007150083500512
B1649304531875N00316696EA007110083300512
B1649314531889N00316695EA007090083100512
B1649324531904N00316697EA007080082900512
B1649334531919N00316702EA007050082600512
F16493330050721242014221815
B1649344531933N00316710EA007030082500512
B1649354531945N00316722EA007030082500512
B1649364531956N00316737EA007040082500512
B1649374531966N00316755EA007040082600512
B1649384531973N00316774EA007050082700512
B1649394531978N00316794EA007050082700512
B1649404531981N00316815EA007050082700512
B1649414531981N00316837EA007050082700512
B1649424531980N00316859EA007060082700512
B1649434531976N00316880EA007060082800512
B1649444531970N00316901EA007060082800512
B1649454531962N00316922EA007060082900512
B1649464531953N00316941EA007070082900512
B1649474531943N00316959EA007060082900512
B1649484531931N00316976EA007060082800512
B1649494531918N00316991EA007030082600512
B1649504531903N00317004EA007010082300512
B1649514531887N00317016EA006980081900512
B1649524531870N00317026EA006940081600512
B1649534531851N00317034EA006910081400512
B1649544531832N00317040EA006900081200512
B1649554531812N00317044EA006880081100512
B1649564531792N00317047EA006880081000512
B1649574531772N00317048EA006870080900512
B1649584531752N00317047EA006850080800512
B1649594531732N00317045EA006840080600512
B1650004531711N00317041EA006820080400512
B1650014531691N00317037EA006820080300512
B1650024531670N00317032EA006810080100512
B1650034531650N00317026EA006790079900512
B1650044531630N00317018EA006760079700512
B1650054531609N00317010EA006750079400512
B1650064531589N00317001EA006720079100512
B1650074531568N00316992EA006680078700612
B1650084531547N00316984EA006650078400512
B1650094531526N00316978EA006630078300512
B1650104531504N00316973EA006620078100512
B1650114531482N00316969EA006610078100512
B1650124531460N00316967EA006600078000512
B1650134531439N00316966EA006590077900512
B1650144531418N00316964EA006580077800512
B1650154531397N00316963EA006560077600512
B1650164531376N00316961EA006540077400512
B1650174531355N00316960EA006520077100512
B1650184531334N00316958EA006500076800512
B1650194531313N00316957EA006480076600512
B1650204531292N00316955EA006450076300512
B1650214531271N00316954EA006420076000512
B1650224531250N00316953EA006390075600512
B1650234531228N00316951EA006350075200512
B1650244531206N00316950EA006300074900512
LXNA::AVGSATSNR:37
B1650254531185N00316949EA006270074500512
B1650264531163N00316947EA006240074200512
B1650274531141N00316946EA006210073900512
B1650284531120N00316944EA006180073600512
B1650294531098N00316943EA006150073300512
B1650304531077N00316942EA006130073100512
B1650314531056N00316941EA006110072900512
B1650324531035N00316940EA006090072700512
B1650334531014N00316939EA006070072500512
B1650344530993N00316939EA006050072200512
B1650354530971N00316937EA006030072000512
B1650364530950N00316936EA006020071800512
B1650374530929N00316934EA005990071600512
B1650384530907N00316932EA005970071400512
B1650394530885N00316930EA005960071200512
B1650404530864N00316928EA005930071000512
B1650414530842N00316925EA005910070700512
B1650424530820N00316922EA005880070500512
B1650434530798N00316918EA005860070300512
B1650444530776N00316915EA005850070100512
B1650454530754N00316911EA005830070000512
B1650464530731N00316907EA005810069800512
B1650474530709N00316904EA005780069500512
B1650484530687N00316900EA005760069300512
B1650494530666N00316897EA005730069000512
B1650504530644N00316894EA005700068600512
B1650514530622N00316891EA005660068300512
B1650524530601N00316888EA005630067900512
B1650534530579N00316884EA005590067600512
B1650544530557N00316881EA005560067200512
B1650554530536N00316878EA005540067000512
B1650564530514N00316874EA005520066700512
B1650574530492N00316870EA005500066500512
B1650584530471N00316866EA005500066500512
B1650594530449N00316862EA005490066400512
B1651004530428N00316858EA005480066300512
LXNA::BAT:charging,100%,4.253V,0mA
B1651014530407N00316853EA005450066100512
B1651024530386N00316846EA005440065900512
K165102329019
B1651034530365N00316838EA005430065800512
B1651044530345N00316828EA005420065600512
B1651054530326N00316815EA005390065300512
B1651064530308N00316800EA005360065100512
B1651074530291N00316782EA005350065000512
B1651084530275N00316763EA005330064900512
B1651094530261N00316742EA005310064600512
B1651104530249N00316720EA005280064300512
B1651114530237N00316696EA005240063900512
B1651124530228N00316671EA005210063500512
B1651134530219N00316645EA005180063100512
B1651144530211N00316618EA005140062800512
B1651154530205N00316591EA005120062600512
B1651164530199N00316564EA005090062300512
B1651174530194N00316536EA005060062000512
B1651184530189N00316508EA005030061700512
B1651194530185N00316480EA004990061300512
B1651204530181N00316452EA004970061000512
B1651214530178N00316424EA004930060600512
B1651224530177N00316396EA004900060200512
B1651234530175N00316369EA004860059800512
B1651244530174N00316341EA004810059200512
B1651254530174N00316313EA004750058600512
LXNA::AVGSATSNR:40
B1651264530175N00316284EA004690058000512
B1651274530177N00316256EA004630057400512
B1651284530181N00316227EA004570056700612
B1651294530187N00316200EA004510056200512
B1651304530195N00316174EA004470055800512
B1651314530204N00316149EA004430055400512
B1651324530215N00316128EA004400055200512
B1651334530227N00316109EA004370055000512
B1651344530240N00316093EA004340054600612
B1651354530253N00316079EA004310054300512
B1651364530267N00316067EA004280053900512
B1651374530281N00316057EA004230053300512
B1651384530296N00316048EA004170052700512
B1651394530311N00316042EA004110052100512
B1651404530326N00316037EA004050051600512
B1651414530342N00316034EA003980050900512
B1651424530357N00316032EA003940050300512
B1651434530373N00316030EA003880049700512
B1651444530390N00316029EA003820049100512
B1651454530406N00316028EA003770048600512
B1651464530423N00316027EA003720048000512
B1651474530439N00316027EA003670047500512
B1651484530456N00316026EA003610047000512
B1651494530473N00316025EA003590046600512
B1651504530489N00316023EA003540046200512
B1651514530506N00316021EA003500045700512
B1651524530522N00316019EA003450045300512
B1651534530538N00316017EA003420044900512
B1651544530553N00316015EA003400044600512
B1651554530569N00316014EA003360044200512
B1651564530585N00316012EA003320043800512
B1651574530600N00316009EA003300043600512
B1651584530615N00316007EA003280043300512
B1651594530630N00316006EA003250043100512
B1652004530644N00316005EA003230043000512
B1652014530658N00316004EA003220042900512
B1652024530672N00316003EA003210042800512
B1652034530685N00316003EA003210042700512
B1652044530698N00316002EA003220042700512
B1652054530710N00316002EA003220042700512
B1652064530720N00316002EA003230042600512
B1652074530729N00316002EA003230042600512
B1652084530737N00316002EA003230042600512
B1652094530743N00316000EA003230042600512
B1652104530748N00315999EA003230042600512
B1652114530752N00315997EA003230042500512
B1652124530754N00315995EA003230042500512
B1652134530756N00315993EA003230042500512
B1652144530757N00315991EA003230042400512
B1652154530759N00315989EA003230042400512
B1652164530760N00315988EA003230042500512
B1652174530760N00315986EA003220042500512
B1652184530761N00315985EA003220042500512
B1652194530761N00315984EA003220042500512
B1652204530761N00315984EA003220042500512
B1652214530761N00315983EA003220042500512
B1652224530761N00315983EA003220042500512
B1652234530761N00315983EA003220042500512
B1652244530761N00315983EA003220042500512
B1652254530761N00315984EA003220042500512
B1652264530761N00315984EA003220042500512
B1652274530761N00315983EA003220042500512
LXNA::AVGSATSNR:40
B1652284530761N00315983EA003220042400512
B1652294530761N00315984EA003220042400512
B1652304530761N00315983EA003220042400512
B1652314530761N00315983EA003220042500512
B1652324530761N00315983EA003220042500512
B1652334530761N00315984EA003220042500512
B1652344530761N00315984EA003230042500512
B1652354530761N00315984EA003220042500512
B1652364530761N00315984EA003230042500512
B1652374530761N00315984EA003220042500512
B1652384530761N00315984EA003220042500512
B1652394530761N00315984EA003220042500512
B1652404530762N00315985EA003220042400512
B1652414530762N00315984EA003220042400512
B1652424530761N00315984EA003220042400512
B1652434530762N00315984EA003220042400512
B1652444530761N00315984EA003220042500512
B1652454530761N00315984EA003220042400512
B1652464530761N00315984EA003220042500512
B1652474530761N00315984EA003220042400512
B1652484530761N00315984EA003220042500512
B1652494530761N00315984EA003220042500512
B1652504530761N00315984EA003220042500512
B1652514530761N00315984EA003220042500512
B1652524530761N00315984EA003220042500512
B1652534530761N00315984EA003220042500512
B1652544530761N00315984EA003220042500512
B1652554530761N00315984EA003220042500512
B1652564530761N00315984EA003220042500512
B1652574530761N00315984EA003220042600512
B1652584530761N00315984EA003220042600512
B1652594530761N00315984EA003220042600512
B1653004530761N00315984EA003220042600512
B1653014530761N00315984EA003220042700512
B1653024530761N00315984EA003220042700512
B1653034530761N00315984EA003220042700512
B1653044530761N00315984EA003220042700512
B1653054530761N00315984EA003220042700512
B1653064530761N00315984EA003220042700512
B1653074530761N00315984EA003220042700512
B1653084530761N00315984EA003220042800512
B1653094530761N00315984EA003220042800512
B1653104530761N00315984EA003230042800512
B1653114530761N00315984EA003220042800512
B1653124530761N00315984EA003220042900512
B1653134530761N00315984EA003220042800512
B1653144530761N00315984EA003220042800512
B1653154530761N00315984EA003220042900512
B1653164530761N00315984EA003220042800512
B1653174530761N00315984EA003230042800512
B1653184530761N00315984EA003220042800512
B1653194530761N00315985EA003220042800512
B1653204530761N00315985EA003220042900512
B1653214530761N00315984EA003230042900512
B1653224530761N00315984EA003220042900512
B1653234530761N00315984EA003230042900512
B1653244530761N00315984EA003230042900512
B1653254530761N00315984EA003230042900512
B1653264530761N00315984EA003220042900512
B1653274530761N00315984EA003230042900512
B1653284530761N00315985EA003220042900512
LXNA::AVGSATSNR:41
B1653294530761N00315984EA003220042900512
B1653304530761N00315985EA003220042900512
B1653314530761N00315984EA003220042900512
B1653324530761N00315984EA003220042900512
B1653334530761N00315985EA003230042900512
B1653344530761N00315985EA003220042900512
B1653354530761N00315984EA003220042900512
B1653364530761N00315984EA003220042900512
B1653374530761N00315984EA003220042900512
B1653384530761N00315984EA003220042900512
B1653394530761N00315984EA003220042900512
B1653404530761N00315984EA003220042900512
B1653414530761N00315984EA003220042900512
B1653424530761N00315984EA003220042900512
B1653434530761N00315984EA003220042800512
B1653444530761N00315984EA003220042800512
B1653454530761N00315984EA003220042800512
B1653464530761N00315984EA003220042800512
B1653474530761N00315984EA003220042800512
B1653484530761N00315984EA003220042800512
B1653494530761N00315984EA003220042900512
B1653504530761N00315984EA003220042800512
B1653514530761N00315984EA003220042800512
B1653524530761N00315984EA003220042800512
B1653534530761N00315984EA003220042800512
B1653544530761N00315984EA003220042800512
B1653554530761N00315984EA003220042800512
B1653564530761N00315984EA003220042800512
B1653574530761N00315984EA003220042800512
B1653584530761N00315984EA003220042800512
B1653594530761N00315984EA003220042700512
B1654004530761N00315984EA003220042800512
B1654014530761N00315984EA003220042800512
LXNA::BAT:charging,100%,4.252V,6000mA
B1654024530761N00315984EA003220042800512
B1654034530761N00315984EA003220042800512
K165403329019
B1654044530761N00315984EA003220042800512
B1654054530761N00315984EA003220042800512
B1654064530761N00315984EA003220042800512
B1654074530761N00315984EA003220042800512
B1654084530761N00315984EA003220042800512
B1654094530761N00315984EA003220042900512
B1654104530761N00315984EA003220042900512
B1654114530761N00315984EA003220042900512
B1654124530761N00315984EA003220042900512
B1654134530761N00315984EA003220042900512
B1654144530761N00315984EA003220042900512
B1654154530761N00315984EA003220042900512
B1654164530761N00315984EA003220042900512
LXNA::PHASE:onGround
B1654174530761N00315984EA003220042900512
LXNA::LOGSTOP
LXNA::PHASE:onGround
G002FA8291035E2DA79792DD381C586B31F17721FCD46ECF91B8BE62D67E7F7D77A0D36
GEF5461657E966CC7B6CDEC34D26B468A9B86FFB50DE6314A56B54C879D7F
LXCM::TKOFFLAND:1,20260727144943,20260727165416
LXCM::TKOFFLANDALT:1,375,375
LXCM::SOARINGBEGIN:1,20260727145349,971
LXCM::OPT:1,3,35578,5,46164,5,46164
LXCM::OPT_P3:1,4533538N,00315527E,20260727150322
LXCM::OPT_P3:1,4529266N,00319905E,20260727151606
LXCM::OPT_P3:1,4534639N,00315479E,20260727160837
LXCM::OPT_P3:1,4530868N,00314580E,20260727164301
LXCM::OPT_P3:1,4532656N,00319525E,20260727164733
LXCM::OPT_P5:1,4531530N,00317522E,20260727145928
LXCM::OPT_P5:1,4533538N,00315527E,20260727150322
LXCM::OPT_P5:1,4529266N,00319905E,20260727151606
LXCM::OPT_P5:1,4534639N,00315479E,20260727160837
LXCM::OPT_P5:1,4530868N,00314580E,20260727164301
LXCM::OPT_P5:1,4532487N,00319561E,20260727164741
LXCM::OPT_P5:1,4530227N,00316109E,20260727165133
LXCM::OPT_PN:1,4531530N,00317522E,20260727145928
LXCM::OPT_PN:1,4533538N,00315527E,20260727150322
LXCM::OPT_PN:1,4529266N,00319905E,20260727151606
LXCM::OPT_PN:1,4534639N,00315479E,20260727160837
LXCM::OPT_PN:1,4530868N,00314580E,20260727164301
LXCM::OPT_PN:1,4532487N,00319561E,20260727164741
LXCM::OPT_PN:1,4530227N,00316109E,20260727165133
LXCM::TRIANGLE:1,FAI_NO,27050,-16384,0.214
LXCM::TRI_P:1,4529266N,00319905E,20260727151606
LXCM::TRI_P:1,4534639N,00315479E,20260727160837
LXCM::TRI_P:1,4530181N,00316452E,20260727165120
LXCM::POPT:1,0,,-16384,-16384
LXCM::FLTSTAT1:1,6.86,0.70,52.36,1754,1438,42.05
LXCM::FLTSTAT2:1,20260727161553,20260727145359,0.19,373,20260727165202
LXCM::FLTVARIO:1,60,4.11,20260727145432,-3.75,20260727165200
LXCM::TASK:1,-16384,-16384,-16384,-16384,-16384
LXCM::TASK2:1,-16384,-16384,-16384,-16384,-16384,-16384
LXCM::TASK3:1,-16384,-16384,-16384,-16384,-16384
LXCM::ENDINFO
